2025-11-04 13:25:34.140 |  | INFO     | server:lifespan:46 - ⏰️ RuoYi-FastAPI开始启动
2025-11-04 13:25:34.140 |  | INFO     | config.get_db:init_create_table:21 - 🔎 初始化数据库连接...
2025-11-04 13:25:34.168 |  | INFO     | config.get_db:init_create_table:24 - ✅️ 数据库连接成功
2025-11-04 13:25:34.168 |  | INFO     | config.get_redis:create_redis_pool:22 - 🔎 开始连接redis...
2025-11-04 13:25:34.169 |  | INFO     | config.get_redis:create_redis_pool:35 - ✅️ redis连接成功
2025-11-04 13:25:34.182 |  | INFO     | config.get_scheduler:init_system_scheduler:134 - 🔎 开始启动定时任务...
2025-11-04 13:25:34.193 |  | INFO     | config.get_scheduler:init_system_scheduler:142 - ✅️ 系统初始定时任务加载成功
2025-11-04 13:25:34.194 |  | INFO     | server:lifespan:53 - 🚀 RuoYi-FastAPI启动成功
2025-11-04 13:30:32.048 |  | INFO     | config.get_redis:close_redis_pool:55 - ✅️ 关闭redis连接成功
2025-11-04 13:30:32.049 |  | INFO     | config.get_scheduler:close_system_scheduler:152 - ✅️ 关闭定时任务成功
2025-11-04 13:30:34.158 |  | INFO     | server:lifespan:46 - ⏰️ RuoYi-FastAPI开始启动
2025-11-04 13:30:34.158 |  | INFO     | config.get_db:init_create_table:21 - 🔎 初始化数据库连接...
2025-11-04 13:30:34.187 |  | INFO     | config.get_db:init_create_table:24 - ✅️ 数据库连接成功
2025-11-04 13:30:34.187 |  | INFO     | config.get_redis:create_redis_pool:22 - 🔎 开始连接redis...
2025-11-04 13:30:34.189 |  | INFO     | config.get_redis:create_redis_pool:35 - ✅️ redis连接成功
2025-11-04 13:30:34.201 |  | INFO     | config.get_scheduler:init_system_scheduler:134 - 🔎 开始启动定时任务...
2025-11-04 13:30:34.221 |  | INFO     | config.get_scheduler:init_system_scheduler:142 - ✅️ 系统初始定时任务加载成功
2025-11-04 13:30:34.221 |  | INFO     | server:lifespan:53 - 🚀 RuoYi-FastAPI启动成功
2025-11-04 13:31:51.392 |  | INFO     | server:lifespan:46 - ⏰️ RuoYi-FastAPI开始启动
2025-11-04 13:31:51.393 |  | INFO     | config.get_db:init_create_table:21 - 🔎 初始化数据库连接...
2025-11-04 13:31:51.416 |  | INFO     | config.get_db:init_create_table:24 - ✅️ 数据库连接成功
2025-11-04 13:31:51.416 |  | INFO     | config.get_redis:create_redis_pool:22 - 🔎 开始连接redis...
2025-11-04 13:31:51.418 |  | INFO     | config.get_redis:create_redis_pool:35 - ✅️ redis连接成功
2025-11-04 13:31:51.429 |  | INFO     | config.get_scheduler:init_system_scheduler:134 - 🔎 开始启动定时任务...
2025-11-04 13:31:51.443 |  | INFO     | config.get_scheduler:init_system_scheduler:142 - ✅️ 系统初始定时任务加载成功
2025-11-04 13:31:51.443 |  | INFO     | server:lifespan:53 - 🚀 RuoYi-FastAPI启动成功
2025-11-04 13:32:30.792 | 5a9c8a7288494b27ab6498098124b9b2 | ERROR    | exceptions.handle:exception_handler:70 - 'pid'
Traceback (most recent call last):

  File "<string>", line 1, in <module>
  File "D:\dev\python\Lib\multiprocessing\spawn.py", line 122, in spawn_main
    exitcode = _main(fd, parent_sentinel)
               │     │   └ 324
               │     └ 3
               └ <function _main at 0x000001A06CFC8B40>
  File "D:\dev\python\Lib\multiprocessing\spawn.py", line 135, in _main
    return self._bootstrap(parent_sentinel)
           │    │          └ 324
           │    └ <function BaseProcess._bootstrap at 0x000001A06CC62CF0>
           └ <SpawnProcess name='SpawnProcess-1' parent=19788 started>
  File "D:\dev\python\Lib\multiprocessing\process.py", line 320, in _bootstrap
    self.run()
    │    └ <function BaseProcess.run at 0x000001A06CC62090>
    └ <SpawnProcess name='SpawnProcess-1' parent=19788 started>
  File "D:\dev\python\Lib\multiprocessing\process.py", line 108, in run
    self._target(*self._args, **self._kwargs)
    │    │        │    │        │    └ {'config': <uvicorn.config.Config object at 0x000001A06CF80AD0>, 'target': <bound method Server.run of <uvicorn.server.Server...
    │    │        │    │        └ <SpawnProcess name='SpawnProcess-1' parent=19788 started>
    │    │        │    └ ()
    │    │        └ <SpawnProcess name='SpawnProcess-1' parent=19788 started>
    │    └ <function subprocess_started at 0x000001A06F30A350>
    └ <SpawnProcess name='SpawnProcess-1' parent=19788 started>
  File "E:\vbenspace\vben-python\.venv\Lib\site-packages\uvicorn\_subprocess.py", line 80, in subprocess_started
    target(sockets=sockets)
    │              └ [<socket.socket fd=936, family=2, type=1, proto=6, laddr=('0.0.0.0', 8080)>]
    └ <bound method Server.run of <uvicorn.server.Server object at 0x000001A013957CB0>>
  File "E:\vbenspace\vben-python\.venv\Lib\site-packages\uvicorn\server.py", line 67, in run
    return asyncio_run(self.serve(sockets=sockets), loop_factory=self.config.get_loop_factory())
           │           │    │             │                      │    │      └ <function Config.get_loop_factory at 0x000001A06F28A400>
           │           │    │             │                      │    └ <uvicorn.config.Config object at 0x000001A06CF80AD0>
           │           │    │             │                      └ <uvicorn.server.Server object at 0x000001A013957CB0>
           │           │    │             └ [<socket.socket fd=936, family=2, type=1, proto=6, laddr=('0.0.0.0', 8080)>]
           │           │    └ <function Server.serve at 0x000001A06F2E1850>
           │           └ <uvicorn.server.Server object at 0x000001A013957CB0>
           └ <function run at 0x000001A06EE78670>
  File "D:\dev\python\Lib\asyncio\runners.py", line 204, in run
    return runner.run(main)
           │      │   └ <coroutine object Server.serve at 0x000001A013DC36A0>
           │      └ <function Runner.run at 0x000001A06EE78A90>
           └ <asyncio.runners.Runner object at 0x000001A0140EDF90>
  File "D:\dev\python\Lib\asyncio\runners.py", line 127, in run
    return self._loop.run_until_complete(task)
           │    │     │                  └ <Task pending name='Task-1' coro=<Server.serve() running at E:\vbenspace\vben-python\.venv\Lib\site-packages\uvicorn\server.p...
           │    │     └ <function BaseEventLoop.run_until_complete at 0x000001A06EE5CEB0>
           │    └ <_WindowsSelectorEventLoop running=True closed=False debug=False>
           └ <asyncio.runners.Runner object at 0x000001A0140EDF90>
  File "D:\dev\python\Lib\asyncio\base_events.py", line 706, in run_until_complete
    self.run_forever()
    │    └ <function BaseEventLoop.run_forever at 0x000001A06EE5CE00>
    └ <_WindowsSelectorEventLoop running=True closed=False debug=False>
  File "D:\dev\python\Lib\asyncio\base_events.py", line 677, in run_forever
    self._run_once()
    │    └ <function BaseEventLoop._run_once at 0x000001A06EE5EF00>
    └ <_WindowsSelectorEventLoop running=True closed=False debug=False>
  File "D:\dev\python\Lib\asyncio\base_events.py", line 2046, in _run_once
    handle._run()
    │      └ <function Handle._run at 0x000001A06D203530>
    └ <Handle Task.task_wakeup()>
  File "D:\dev\python\Lib\asyncio\events.py", line 94, in _run
    self._context.run(self._callback, *self._args)
    │    │            │    │           │    └ <member '_args' of 'Handle' objects>
    │    │            │    │           └ <Handle Task.task_wakeup()>
    │    │            │    └ <member '_callback' of 'Handle' objects>
    │    │            └ <Handle Task.task_wakeup()>
    │    └ <member '_context' of 'Handle' objects>
    └ <Handle Task.task_wakeup()>
  File "E:\vbenspace\vben-python\.venv\Lib\site-packages\uvicorn\protocols\http\httptools_impl.py", line 409, in run_asgi
    result = await app(  # type: ignore[func-returns-value]
                   └ <uvicorn.middleware.proxy_headers.ProxyHeadersMiddleware object at 0x000001A0141A7620>
  File "E:\vbenspace\vben-python\.venv\Lib\site-packages\uvicorn\middleware\proxy_headers.py", line 60, in __call__
    return await self.app(scope, receive, send)
                 │    │   │      │        └ <bound method RequestResponseCycle.send of <uvicorn.protocols.http.httptools_impl.RequestResponseCycle object at 0x000001A014...
                 │    │   │      └ <bound method RequestResponseCycle.receive of <uvicorn.protocols.http.httptools_impl.RequestResponseCycle object at 0x000001A...
                 │    │   └ {'type': 'http', 'asgi': {'version': '3.0', 'spec_version': '2.3'}, 'http_version': '1.1', 'server': ('127.0.0.1', 8080), 'cl...
                 │    └ <fastapi.applications.FastAPI object at 0x000001A0140D5160>
                 └ <uvicorn.middleware.proxy_headers.ProxyHeadersMiddleware object at 0x000001A0141A7620>
  File "E:\vbenspace\vben-python\.venv\Lib\site-packages\fastapi\applications.py", line 1134, in __call__
    await super().__call__(scope, receive, send)
                           │      │        └ <bound method RequestResponseCycle.send of <uvicorn.protocols.http.httptools_impl.RequestResponseCycle object at 0x000001A014...
                           │      └ <bound method RequestResponseCycle.receive of <uvicorn.protocols.http.httptools_impl.RequestResponseCycle object at 0x000001A...
                           └ {'type': 'http', 'asgi': {'version': '3.0', 'spec_version': '2.3'}, 'http_version': '1.1', 'server': ('127.0.0.1', 8080), 'cl...
  File "E:\vbenspace\vben-python\.venv\Lib\site-packages\starlette\applications.py", line 113, in __call__
    await self.middleware_stack(scope, receive, send)
          │    │                │      │        └ <bound method RequestResponseCycle.send of <uvicorn.protocols.http.httptools_impl.RequestResponseCycle object at 0x000001A014...
          │    │                │      └ <bound method RequestResponseCycle.receive of <uvicorn.protocols.http.httptools_impl.RequestResponseCycle object at 0x000001A...
          │    │                └ {'type': 'http', 'asgi': {'version': '3.0', 'spec_version': '2.3'}, 'http_version': '1.1', 'server': ('127.0.0.1', 8080), 'cl...
          │    └ <starlette.middleware.errors.ServerErrorMiddleware object at 0x000001A0142A8590>
          └ <fastapi.applications.FastAPI object at 0x000001A0140D5160>
> File "E:\vbenspace\vben-python\.venv\Lib\site-packages\starlette\middleware\errors.py", line 164, in __call__
    await self.app(scope, receive, _send)
          │    │   │      │        └ <function ServerErrorMiddleware.__call__.<locals>._send at 0x000001A014366560>
          │    │   │      └ <bound method RequestResponseCycle.receive of <uvicorn.protocols.http.httptools_impl.RequestResponseCycle object at 0x000001A...
          │    │   └ {'type': 'http', 'asgi': {'version': '3.0', 'spec_version': '2.3'}, 'http_version': '1.1', 'server': ('127.0.0.1', 8080), 'cl...
          │    └ <middlewares.trace_middleware.middle.TraceASGIMiddleware object at 0x000001A0142A8440>
          └ <starlette.middleware.errors.ServerErrorMiddleware object at 0x000001A0142A8590>

  File "E:\vbenspace\vben-python\middlewares\trace_middleware\middle.py", line 47, in __call__
    await self.app(scope, handle_outgoing_receive, handle_outgoing_request)
          │    │   │      │                        └ <function TraceASGIMiddleware.__call__.<locals>.handle_outgoing_request at 0x000001A014366FB0>
          │    │   │      └ <function RequestResponseCycle.receive at 0x000001A014367270>
          │    │   └ {'type': 'http', 'asgi': {'version': '3.0', 'spec_version': '2.3'}, 'http_version': '1.1', 'server': ('127.0.0.1', 8080), 'cl...
          │    └ <starlette.middleware.gzip.GZipMiddleware object at 0x000001A0142A82F0>
          └ <middlewares.trace_middleware.middle.TraceASGIMiddleware object at 0x000001A0142A8440>

  File "E:\vbenspace\vben-python\.venv\Lib\site-packages\starlette\middleware\gzip.py", line 29, in __call__
    await responder(scope, receive, send)
          │         │      │        └ <function TraceASGIMiddleware.__call__.<locals>.handle_outgoing_request at 0x000001A014366FB0>
          │         │      └ <function RequestResponseCycle.receive at 0x000001A014367270>
          │         └ {'type': 'http', 'asgi': {'version': '3.0', 'spec_version': '2.3'}, 'http_version': '1.1', 'server': ('127.0.0.1', 8080), 'cl...
          └ <starlette.middleware.gzip.GZipResponder object at 0x000001A0142CA3F0>
  File "E:\vbenspace\vben-python\.venv\Lib\site-packages\starlette\middleware\gzip.py", line 130, in __call__
    await super().__call__(scope, receive, send)
                           │      │        └ <function TraceASGIMiddleware.__call__.<locals>.handle_outgoing_request at 0x000001A014366FB0>
                           │      └ <function RequestResponseCycle.receive at 0x000001A014367270>
                           └ {'type': 'http', 'asgi': {'version': '3.0', 'spec_version': '2.3'}, 'http_version': '1.1', 'server': ('127.0.0.1', 8080), 'cl...
  File "E:\vbenspace\vben-python\.venv\Lib\site-packages\starlette\middleware\gzip.py", line 46, in __call__
    await self.app(scope, receive, self.send_with_compression)
          │    │   │      │        │    └ <function IdentityResponder.send_with_compression at 0x000001A013893690>
          │    │   │      │        └ <starlette.middleware.gzip.GZipResponder object at 0x000001A0142CA3F0>
          │    │   │      └ <function RequestResponseCycle.receive at 0x000001A014367270>
          │    │   └ {'type': 'http', 'asgi': {'version': '3.0', 'spec_version': '2.3'}, 'http_version': '1.1', 'server': ('127.0.0.1', 8080), 'cl...
          │    └ <starlette.middleware.cors.CORSMiddleware object at 0x000001A0142A81A0>
          └ <starlette.middleware.gzip.GZipResponder object at 0x000001A0142CA3F0>
  File "E:\vbenspace\vben-python\.venv\Lib\site-packages\starlette\middleware\cors.py", line 93, in __call__
    await self.simple_response(scope, receive, send, request_headers=headers)
          │    │               │      │        │                     └ Headers({'host': 'localhost:8080', 'connection': 'close', 'content-length': '302', 'sec-ch-ua-platform': '"Windows"', 'author...
          │    │               │      │        └ <bound method IdentityResponder.send_with_compression of <starlette.middleware.gzip.GZipResponder object at 0x000001A0142CA3F0>>
          │    │               │      └ <function RequestResponseCycle.receive at 0x000001A014367270>
          │    │               └ {'type': 'http', 'asgi': {'version': '3.0', 'spec_version': '2.3'}, 'http_version': '1.1', 'server': ('127.0.0.1', 8080), 'cl...
          │    └ <function CORSMiddleware.simple_response at 0x000001A013892C40>
          └ <starlette.middleware.cors.CORSMiddleware object at 0x000001A0142A81A0>
  File "E:\vbenspace\vben-python\.venv\Lib\site-packages\starlette\middleware\cors.py", line 144, in simple_response
    await self.app(scope, receive, send)
          │    │   │      │        └ functools.partial(<bound method CORSMiddleware.send of <starlette.middleware.cors.CORSMiddleware object at 0x000001A0142A81A0...
          │    │   │      └ <function RequestResponseCycle.receive at 0x000001A014367270>
          │    │   └ {'type': 'http', 'asgi': {'version': '3.0', 'spec_version': '2.3'}, 'http_version': '1.1', 'server': ('127.0.0.1', 8080), 'cl...
          │    └ <starlette.middleware.exceptions.ExceptionMiddleware object at 0x000001A0142A8050>
          └ <starlette.middleware.cors.CORSMiddleware object at 0x000001A0142A81A0>
  File "E:\vbenspace\vben-python\.venv\Lib\site-packages\starlette\middleware\exceptions.py", line 63, in __call__
    await wrap_app_handling_exceptions(self.app, conn)(scope, receive, send)
          │                            │    │    │     │      │        └ functools.partial(<bound method CORSMiddleware.send of <starlette.middleware.cors.CORSMiddleware object at 0x000001A0142A81A0...
          │                            │    │    │     │      └ <function RequestResponseCycle.receive at 0x000001A014367270>
          │                            │    │    │     └ {'type': 'http', 'asgi': {'version': '3.0', 'spec_version': '2.3'}, 'http_version': '1.1', 'server': ('127.0.0.1', 8080), 'cl...
          │                            │    │    └ <starlette.requests.Request object at 0x000001A014366F10>
          │                            │    └ <fastapi.middleware.asyncexitstack.AsyncExitStackMiddleware object at 0x000001A0141A7E00>
          │                            └ <starlette.middleware.exceptions.ExceptionMiddleware object at 0x000001A0142A8050>
          └ <function wrap_app_handling_exceptions at 0x000001A0704B38A0>
  File "E:\vbenspace\vben-python\.venv\Lib\site-packages\starlette\_exception_handler.py", line 53, in wrapped_app
    raise exc
  File "E:\vbenspace\vben-python\.venv\Lib\site-packages\starlette\_exception_handler.py", line 42, in wrapped_app
    await app(scope, receive, sender)
          │   │      │        └ <function wrap_app_handling_exceptions.<locals>.wrapped_app.<locals>.sender at 0x000001A014367690>
          │   │      └ <function RequestResponseCycle.receive at 0x000001A014367270>
          │   └ {'type': 'http', 'asgi': {'version': '3.0', 'spec_version': '2.3'}, 'http_version': '1.1', 'server': ('127.0.0.1', 8080), 'cl...
          └ <fastapi.middleware.asyncexitstack.AsyncExitStackMiddleware object at 0x000001A0141A7E00>
  File "E:\vbenspace\vben-python\.venv\Lib\site-packages\fastapi\middleware\asyncexitstack.py", line 18, in __call__
    await self.app(scope, receive, send)
          │    │   │      │        └ <function wrap_app_handling_exceptions.<locals>.wrapped_app.<locals>.sender at 0x000001A014367690>
          │    │   │      └ <function RequestResponseCycle.receive at 0x000001A014367270>
          │    │   └ {'type': 'http', 'asgi': {'version': '3.0', 'spec_version': '2.3'}, 'http_version': '1.1', 'server': ('127.0.0.1', 8080), 'cl...
          │    └ <fastapi.routing.APIRouter object at 0x000001A014120140>
          └ <fastapi.middleware.asyncexitstack.AsyncExitStackMiddleware object at 0x000001A0141A7E00>
  File "E:\vbenspace\vben-python\.venv\Lib\site-packages\starlette\routing.py", line 716, in __call__
    await self.middleware_stack(scope, receive, send)
          │    │                │      │        └ <function wrap_app_handling_exceptions.<locals>.wrapped_app.<locals>.sender at 0x000001A014367690>
          │    │                │      └ <function RequestResponseCycle.receive at 0x000001A014367270>
          │    │                └ {'type': 'http', 'asgi': {'version': '3.0', 'spec_version': '2.3'}, 'http_version': '1.1', 'server': ('127.0.0.1', 8080), 'cl...
          │    └ <bound method Router.app of <fastapi.routing.APIRouter object at 0x000001A014120140>>
          └ <fastapi.routing.APIRouter object at 0x000001A014120140>
  File "E:\vbenspace\vben-python\.venv\Lib\site-packages\starlette\routing.py", line 736, in app
    await route.handle(scope, receive, send)
          │     │      │      │        └ <function wrap_app_handling_exceptions.<locals>.wrapped_app.<locals>.sender at 0x000001A014367690>
          │     │      │      └ <function RequestResponseCycle.receive at 0x000001A014367270>
          │     │      └ {'type': 'http', 'asgi': {'version': '3.0', 'spec_version': '2.3'}, 'http_version': '1.1', 'server': ('127.0.0.1', 8080), 'cl...
          │     └ <function Route.handle at 0x000001A0704D6560>
          └ APIRoute(path='/sys/org/dept', name='put', methods=['PUT'])
  File "E:\vbenspace\vben-python\.venv\Lib\site-packages\starlette\routing.py", line 290, in handle
    await self.app(scope, receive, send)
          │    │   │      │        └ <function wrap_app_handling_exceptions.<locals>.wrapped_app.<locals>.sender at 0x000001A014367690>
          │    │   │      └ <function RequestResponseCycle.receive at 0x000001A014367270>
          │    │   └ {'type': 'http', 'asgi': {'version': '3.0', 'spec_version': '2.3'}, 'http_version': '1.1', 'server': ('127.0.0.1', 8080), 'cl...
          │    └ <function request_response.<locals>.app at 0x000001A0141356F0>
          └ APIRoute(path='/sys/org/dept', name='put', methods=['PUT'])
  File "E:\vbenspace\vben-python\.venv\Lib\site-packages\fastapi\routing.py", line 124, in app
    await wrap_app_handling_exceptions(app, request)(scope, receive, send)
          │                            │    │        │      │        └ <function wrap_app_handling_exceptions.<locals>.wrapped_app.<locals>.sender at 0x000001A014367690>
          │                            │    │        │      └ <function RequestResponseCycle.receive at 0x000001A014367270>
          │                            │    │        └ {'type': 'http', 'asgi': {'version': '3.0', 'spec_version': '2.3'}, 'http_version': '1.1', 'server': ('127.0.0.1', 8080), 'cl...
          │                            │    └ <starlette.requests.Request object at 0x000001A0143654F0>
          │                            └ <function request_response.<locals>.app.<locals>.app at 0x000001A072990E00>
          └ <function wrap_app_handling_exceptions at 0x000001A0704B38A0>
  File "E:\vbenspace\vben-python\.venv\Lib\site-packages\starlette\_exception_handler.py", line 53, in wrapped_app
    raise exc
  File "E:\vbenspace\vben-python\.venv\Lib\site-packages\starlette\_exception_handler.py", line 42, in wrapped_app
    await app(scope, receive, sender)
          │   │      │        └ <function wrap_app_handling_exceptions.<locals>.wrapped_app.<locals>.sender at 0x000001A0143C03B0>
          │   │      └ <function RequestResponseCycle.receive at 0x000001A014367270>
          │   └ {'type': 'http', 'asgi': {'version': '3.0', 'spec_version': '2.3'}, 'http_version': '1.1', 'server': ('127.0.0.1', 8080), 'cl...
          └ <function request_response.<locals>.app.<locals>.app at 0x000001A072990E00>
  File "E:\vbenspace\vben-python\.venv\Lib\site-packages\fastapi\routing.py", line 110, in app
    response = await f(request)
                     │ └ <starlette.requests.Request object at 0x000001A0143654F0>
                     └ <function get_request_handler.<locals>.app at 0x000001A014135640>
  File "E:\vbenspace\vben-python\.venv\Lib\site-packages\fastapi\routing.py", line 390, in app
    raw_response = await run_endpoint_function(
                         └ <function run_endpoint_function at 0x000001A0704DACF0>
  File "E:\vbenspace\vben-python\.venv\Lib\site-packages\fastapi\routing.py", line 289, in run_endpoint_function
    return await dependant.call(**values)
                 │         │      └ {'service': <modules.base.sys.org.dept.service.SysOrgDeptService object at 0x000001A0142AF360>, 'bo': DeptBo(id='d19855808397...
                 │         └ <function put at 0x000001A013909220>
                 └ Dependant(path_params=[], query_params=[], header_params=[], cookie_params=[], body_params=[ModelField(field_info=Body(Pydant...

  File "E:\vbenspace\vben-python\modules\base\sys\org\dept\router.py", line 72, in put
    await service.update(bo.model_dump(exclude_unset=True))
          │       │      │  └ <function BaseModel.model_dump at 0x000001A07012AAE0>
          │       │      └ DeptBo(id='d1985580839735529472', name='3334', pid=None, type=8, tier='d1985579339772727296_d1985579450569461760_d19855808397...
          │       └ <function SysOrgDeptService.update at 0x000001A0138A7060>
          └ <modules.base.sys.org.dept.service.SysOrgDeptService object at 0x000001A0142AF360>

  File "E:\vbenspace\vben-python\modules\base\sys\org\dept\service.py", line 37, in update
    if not main_dict['pid']:
           └ {'id': 'd1985580839735529472', 'name': '3334', 'type': 8, 'tier': 'd1985579339772727296_d1985579450569461760_d198558083973552...

KeyError: 'pid'
2025-11-04 13:32:44.321 | e64c3376bd0e417b8df4087add77c4e7 | ERROR    | exceptions.handle:exception_handler:70 - 'pid'
Traceback (most recent call last):

  File "<string>", line 1, in <module>
  File "D:\dev\python\Lib\multiprocessing\spawn.py", line 122, in spawn_main
    exitcode = _main(fd, parent_sentinel)
               │     │   └ 324
               │     └ 3
               └ <function _main at 0x000001A06CFC8B40>
  File "D:\dev\python\Lib\multiprocessing\spawn.py", line 135, in _main
    return self._bootstrap(parent_sentinel)
           │    │          └ 324
           │    └ <function BaseProcess._bootstrap at 0x000001A06CC62CF0>
           └ <SpawnProcess name='SpawnProcess-1' parent=19788 started>
  File "D:\dev\python\Lib\multiprocessing\process.py", line 320, in _bootstrap
    self.run()
    │    └ <function BaseProcess.run at 0x000001A06CC62090>
    └ <SpawnProcess name='SpawnProcess-1' parent=19788 started>
  File "D:\dev\python\Lib\multiprocessing\process.py", line 108, in run
    self._target(*self._args, **self._kwargs)
    │    │        │    │        │    └ {'config': <uvicorn.config.Config object at 0x000001A06CF80AD0>, 'target': <bound method Server.run of <uvicorn.server.Server...
    │    │        │    │        └ <SpawnProcess name='SpawnProcess-1' parent=19788 started>
    │    │        │    └ ()
    │    │        └ <SpawnProcess name='SpawnProcess-1' parent=19788 started>
    │    └ <function subprocess_started at 0x000001A06F30A350>
    └ <SpawnProcess name='SpawnProcess-1' parent=19788 started>
  File "E:\vbenspace\vben-python\.venv\Lib\site-packages\uvicorn\_subprocess.py", line 80, in subprocess_started
    target(sockets=sockets)
    │              └ [<socket.socket fd=936, family=2, type=1, proto=6, laddr=('0.0.0.0', 8080)>]
    └ <bound method Server.run of <uvicorn.server.Server object at 0x000001A013957CB0>>
  File "E:\vbenspace\vben-python\.venv\Lib\site-packages\uvicorn\server.py", line 67, in run
    return asyncio_run(self.serve(sockets=sockets), loop_factory=self.config.get_loop_factory())
           │           │    │             │                      │    │      └ <function Config.get_loop_factory at 0x000001A06F28A400>
           │           │    │             │                      │    └ <uvicorn.config.Config object at 0x000001A06CF80AD0>
           │           │    │             │                      └ <uvicorn.server.Server object at 0x000001A013957CB0>
           │           │    │             └ [<socket.socket fd=936, family=2, type=1, proto=6, laddr=('0.0.0.0', 8080)>]
           │           │    └ <function Server.serve at 0x000001A06F2E1850>
           │           └ <uvicorn.server.Server object at 0x000001A013957CB0>
           └ <function run at 0x000001A06EE78670>
  File "D:\dev\python\Lib\asyncio\runners.py", line 204, in run
    return runner.run(main)
           │      │   └ <coroutine object Server.serve at 0x000001A013DC36A0>
           │      └ <function Runner.run at 0x000001A06EE78A90>
           └ <asyncio.runners.Runner object at 0x000001A0140EDF90>
  File "D:\dev\python\Lib\asyncio\runners.py", line 127, in run
    return self._loop.run_until_complete(task)
           │    │     │                  └ <Task pending name='Task-1' coro=<Server.serve() running at E:\vbenspace\vben-python\.venv\Lib\site-packages\uvicorn\server.p...
           │    │     └ <function BaseEventLoop.run_until_complete at 0x000001A06EE5CEB0>
           │    └ <_WindowsSelectorEventLoop running=True closed=False debug=False>
           └ <asyncio.runners.Runner object at 0x000001A0140EDF90>
  File "D:\dev\python\Lib\asyncio\base_events.py", line 706, in run_until_complete
    self.run_forever()
    │    └ <function BaseEventLoop.run_forever at 0x000001A06EE5CE00>
    └ <_WindowsSelectorEventLoop running=True closed=False debug=False>
  File "D:\dev\python\Lib\asyncio\base_events.py", line 677, in run_forever
    self._run_once()
    │    └ <function BaseEventLoop._run_once at 0x000001A06EE5EF00>
    └ <_WindowsSelectorEventLoop running=True closed=False debug=False>
  File "D:\dev\python\Lib\asyncio\base_events.py", line 2046, in _run_once
    handle._run()
    │      └ <function Handle._run at 0x000001A06D203530>
    └ <Handle Task.task_wakeup()>
  File "D:\dev\python\Lib\asyncio\events.py", line 94, in _run
    self._context.run(self._callback, *self._args)
    │    │            │    │           │    └ <member '_args' of 'Handle' objects>
    │    │            │    │           └ <Handle Task.task_wakeup()>
    │    │            │    └ <member '_callback' of 'Handle' objects>
    │    │            └ <Handle Task.task_wakeup()>
    │    └ <member '_context' of 'Handle' objects>
    └ <Handle Task.task_wakeup()>
  File "E:\vbenspace\vben-python\.venv\Lib\site-packages\uvicorn\protocols\http\httptools_impl.py", line 409, in run_asgi
    result = await app(  # type: ignore[func-returns-value]
                   └ <uvicorn.middleware.proxy_headers.ProxyHeadersMiddleware object at 0x000001A0141A7620>
  File "E:\vbenspace\vben-python\.venv\Lib\site-packages\uvicorn\middleware\proxy_headers.py", line 60, in __call__
    return await self.app(scope, receive, send)
                 │    │   │      │        └ <bound method RequestResponseCycle.send of <uvicorn.protocols.http.httptools_impl.RequestResponseCycle object at 0x000001A014...
                 │    │   │      └ <bound method RequestResponseCycle.receive of <uvicorn.protocols.http.httptools_impl.RequestResponseCycle object at 0x000001A...
                 │    │   └ {'type': 'http', 'asgi': {'version': '3.0', 'spec_version': '2.3'}, 'http_version': '1.1', 'server': ('127.0.0.1', 8080), 'cl...
                 │    └ <fastapi.applications.FastAPI object at 0x000001A0140D5160>
                 └ <uvicorn.middleware.proxy_headers.ProxyHeadersMiddleware object at 0x000001A0141A7620>
  File "E:\vbenspace\vben-python\.venv\Lib\site-packages\fastapi\applications.py", line 1134, in __call__
    await super().__call__(scope, receive, send)
                           │      │        └ <bound method RequestResponseCycle.send of <uvicorn.protocols.http.httptools_impl.RequestResponseCycle object at 0x000001A014...
                           │      └ <bound method RequestResponseCycle.receive of <uvicorn.protocols.http.httptools_impl.RequestResponseCycle object at 0x000001A...
                           └ {'type': 'http', 'asgi': {'version': '3.0', 'spec_version': '2.3'}, 'http_version': '1.1', 'server': ('127.0.0.1', 8080), 'cl...
  File "E:\vbenspace\vben-python\.venv\Lib\site-packages\starlette\applications.py", line 113, in __call__
    await self.middleware_stack(scope, receive, send)
          │    │                │      │        └ <bound method RequestResponseCycle.send of <uvicorn.protocols.http.httptools_impl.RequestResponseCycle object at 0x000001A014...
          │    │                │      └ <bound method RequestResponseCycle.receive of <uvicorn.protocols.http.httptools_impl.RequestResponseCycle object at 0x000001A...
          │    │                └ {'type': 'http', 'asgi': {'version': '3.0', 'spec_version': '2.3'}, 'http_version': '1.1', 'server': ('127.0.0.1', 8080), 'cl...
          │    └ <starlette.middleware.errors.ServerErrorMiddleware object at 0x000001A0142A8590>
          └ <fastapi.applications.FastAPI object at 0x000001A0140D5160>
> File "E:\vbenspace\vben-python\.venv\Lib\site-packages\starlette\middleware\errors.py", line 164, in __call__
    await self.app(scope, receive, _send)
          │    │   │      │        └ <function ServerErrorMiddleware.__call__.<locals>._send at 0x000001A014365DD0>
          │    │   │      └ <bound method RequestResponseCycle.receive of <uvicorn.protocols.http.httptools_impl.RequestResponseCycle object at 0x000001A...
          │    │   └ {'type': 'http', 'asgi': {'version': '3.0', 'spec_version': '2.3'}, 'http_version': '1.1', 'server': ('127.0.0.1', 8080), 'cl...
          │    └ <middlewares.trace_middleware.middle.TraceASGIMiddleware object at 0x000001A0142A8440>
          └ <starlette.middleware.errors.ServerErrorMiddleware object at 0x000001A0142A8590>

  File "E:\vbenspace\vben-python\middlewares\trace_middleware\middle.py", line 47, in __call__
    await self.app(scope, handle_outgoing_receive, handle_outgoing_request)
          │    │   │      │                        └ <function TraceASGIMiddleware.__call__.<locals>.handle_outgoing_request at 0x000001A014366A30>
          │    │   │      └ <function RequestResponseCycle.receive at 0x000001A014366FB0>
          │    │   └ {'type': 'http', 'asgi': {'version': '3.0', 'spec_version': '2.3'}, 'http_version': '1.1', 'server': ('127.0.0.1', 8080), 'cl...
          │    └ <starlette.middleware.gzip.GZipMiddleware object at 0x000001A0142A82F0>
          └ <middlewares.trace_middleware.middle.TraceASGIMiddleware object at 0x000001A0142A8440>

  File "E:\vbenspace\vben-python\.venv\Lib\site-packages\starlette\middleware\gzip.py", line 29, in __call__
    await responder(scope, receive, send)
          │         │      │        └ <function TraceASGIMiddleware.__call__.<locals>.handle_outgoing_request at 0x000001A014366A30>
          │         │      └ <function RequestResponseCycle.receive at 0x000001A014366FB0>
          │         └ {'type': 'http', 'asgi': {'version': '3.0', 'spec_version': '2.3'}, 'http_version': '1.1', 'server': ('127.0.0.1', 8080), 'cl...
          └ <starlette.middleware.gzip.GZipResponder object at 0x000001A01440BE70>
  File "E:\vbenspace\vben-python\.venv\Lib\site-packages\starlette\middleware\gzip.py", line 130, in __call__
    await super().__call__(scope, receive, send)
                           │      │        └ <function TraceASGIMiddleware.__call__.<locals>.handle_outgoing_request at 0x000001A014366A30>
                           │      └ <function RequestResponseCycle.receive at 0x000001A014366FB0>
                           └ {'type': 'http', 'asgi': {'version': '3.0', 'spec_version': '2.3'}, 'http_version': '1.1', 'server': ('127.0.0.1', 8080), 'cl...
  File "E:\vbenspace\vben-python\.venv\Lib\site-packages\starlette\middleware\gzip.py", line 46, in __call__
    await self.app(scope, receive, self.send_with_compression)
          │    │   │      │        │    └ <function IdentityResponder.send_with_compression at 0x000001A013893690>
          │    │   │      │        └ <starlette.middleware.gzip.GZipResponder object at 0x000001A01440BE70>
          │    │   │      └ <function RequestResponseCycle.receive at 0x000001A014366FB0>
          │    │   └ {'type': 'http', 'asgi': {'version': '3.0', 'spec_version': '2.3'}, 'http_version': '1.1', 'server': ('127.0.0.1', 8080), 'cl...
          │    └ <starlette.middleware.cors.CORSMiddleware object at 0x000001A0142A81A0>
          └ <starlette.middleware.gzip.GZipResponder object at 0x000001A01440BE70>
  File "E:\vbenspace\vben-python\.venv\Lib\site-packages\starlette\middleware\cors.py", line 93, in __call__
    await self.simple_response(scope, receive, send, request_headers=headers)
          │    │               │      │        │                     └ Headers({'host': 'localhost:8080', 'connection': 'close', 'content-length': '302', 'sec-ch-ua-platform': '"Windows"', 'author...
          │    │               │      │        └ <bound method IdentityResponder.send_with_compression of <starlette.middleware.gzip.GZipResponder object at 0x000001A01440BE70>>
          │    │               │      └ <function RequestResponseCycle.receive at 0x000001A014366FB0>
          │    │               └ {'type': 'http', 'asgi': {'version': '3.0', 'spec_version': '2.3'}, 'http_version': '1.1', 'server': ('127.0.0.1', 8080), 'cl...
          │    └ <function CORSMiddleware.simple_response at 0x000001A013892C40>
          └ <starlette.middleware.cors.CORSMiddleware object at 0x000001A0142A81A0>
  File "E:\vbenspace\vben-python\.venv\Lib\site-packages\starlette\middleware\cors.py", line 144, in simple_response
    await self.app(scope, receive, send)
          │    │   │      │        └ functools.partial(<bound method CORSMiddleware.send of <starlette.middleware.cors.CORSMiddleware object at 0x000001A0142A81A0...
          │    │   │      └ <function RequestResponseCycle.receive at 0x000001A014366FB0>
          │    │   └ {'type': 'http', 'asgi': {'version': '3.0', 'spec_version': '2.3'}, 'http_version': '1.1', 'server': ('127.0.0.1', 8080), 'cl...
          │    └ <starlette.middleware.exceptions.ExceptionMiddleware object at 0x000001A0142A8050>
          └ <starlette.middleware.cors.CORSMiddleware object at 0x000001A0142A81A0>
  File "E:\vbenspace\vben-python\.venv\Lib\site-packages\starlette\middleware\exceptions.py", line 63, in __call__
    await wrap_app_handling_exceptions(self.app, conn)(scope, receive, send)
          │                            │    │    │     │      │        └ functools.partial(<bound method CORSMiddleware.send of <starlette.middleware.cors.CORSMiddleware object at 0x000001A0142A81A0...
          │                            │    │    │     │      └ <function RequestResponseCycle.receive at 0x000001A014366FB0>
          │                            │    │    │     └ {'type': 'http', 'asgi': {'version': '3.0', 'spec_version': '2.3'}, 'http_version': '1.1', 'server': ('127.0.0.1', 8080), 'cl...
          │                            │    │    └ <starlette.requests.Request object at 0x000001A0143676A0>
          │                            │    └ <fastapi.middleware.asyncexitstack.AsyncExitStackMiddleware object at 0x000001A0141A7E00>
          │                            └ <starlette.middleware.exceptions.ExceptionMiddleware object at 0x000001A0142A8050>
          └ <function wrap_app_handling_exceptions at 0x000001A0704B38A0>
  File "E:\vbenspace\vben-python\.venv\Lib\site-packages\starlette\_exception_handler.py", line 53, in wrapped_app
    raise exc
  File "E:\vbenspace\vben-python\.venv\Lib\site-packages\starlette\_exception_handler.py", line 42, in wrapped_app
    await app(scope, receive, sender)
          │   │      │        └ <function wrap_app_handling_exceptions.<locals>.wrapped_app.<locals>.sender at 0x000001A0143654E0>
          │   │      └ <function RequestResponseCycle.receive at 0x000001A014366FB0>
          │   └ {'type': 'http', 'asgi': {'version': '3.0', 'spec_version': '2.3'}, 'http_version': '1.1', 'server': ('127.0.0.1', 8080), 'cl...
          └ <fastapi.middleware.asyncexitstack.AsyncExitStackMiddleware object at 0x000001A0141A7E00>
  File "E:\vbenspace\vben-python\.venv\Lib\site-packages\fastapi\middleware\asyncexitstack.py", line 18, in __call__
    await self.app(scope, receive, send)
          │    │   │      │        └ <function wrap_app_handling_exceptions.<locals>.wrapped_app.<locals>.sender at 0x000001A0143654E0>
          │    │   │      └ <function RequestResponseCycle.receive at 0x000001A014366FB0>
          │    │   └ {'type': 'http', 'asgi': {'version': '3.0', 'spec_version': '2.3'}, 'http_version': '1.1', 'server': ('127.0.0.1', 8080), 'cl...
          │    └ <fastapi.routing.APIRouter object at 0x000001A014120140>
          └ <fastapi.middleware.asyncexitstack.AsyncExitStackMiddleware object at 0x000001A0141A7E00>
  File "E:\vbenspace\vben-python\.venv\Lib\site-packages\starlette\routing.py", line 716, in __call__
    await self.middleware_stack(scope, receive, send)
          │    │                │      │        └ <function wrap_app_handling_exceptions.<locals>.wrapped_app.<locals>.sender at 0x000001A0143654E0>
          │    │                │      └ <function RequestResponseCycle.receive at 0x000001A014366FB0>
          │    │                └ {'type': 'http', 'asgi': {'version': '3.0', 'spec_version': '2.3'}, 'http_version': '1.1', 'server': ('127.0.0.1', 8080), 'cl...
          │    └ <bound method Router.app of <fastapi.routing.APIRouter object at 0x000001A014120140>>
          └ <fastapi.routing.APIRouter object at 0x000001A014120140>
  File "E:\vbenspace\vben-python\.venv\Lib\site-packages\starlette\routing.py", line 736, in app
    await route.handle(scope, receive, send)
          │     │      │      │        └ <function wrap_app_handling_exceptions.<locals>.wrapped_app.<locals>.sender at 0x000001A0143654E0>
          │     │      │      └ <function RequestResponseCycle.receive at 0x000001A014366FB0>
          │     │      └ {'type': 'http', 'asgi': {'version': '3.0', 'spec_version': '2.3'}, 'http_version': '1.1', 'server': ('127.0.0.1', 8080), 'cl...
          │     └ <function Route.handle at 0x000001A0704D6560>
          └ APIRoute(path='/sys/org/dept', name='put', methods=['PUT'])
  File "E:\vbenspace\vben-python\.venv\Lib\site-packages\starlette\routing.py", line 290, in handle
    await self.app(scope, receive, send)
          │    │   │      │        └ <function wrap_app_handling_exceptions.<locals>.wrapped_app.<locals>.sender at 0x000001A0143654E0>
          │    │   │      └ <function RequestResponseCycle.receive at 0x000001A014366FB0>
          │    │   └ {'type': 'http', 'asgi': {'version': '3.0', 'spec_version': '2.3'}, 'http_version': '1.1', 'server': ('127.0.0.1', 8080), 'cl...
          │    └ <function request_response.<locals>.app at 0x000001A0141356F0>
          └ APIRoute(path='/sys/org/dept', name='put', methods=['PUT'])
  File "E:\vbenspace\vben-python\.venv\Lib\site-packages\fastapi\routing.py", line 124, in app
    await wrap_app_handling_exceptions(app, request)(scope, receive, send)
          │                            │    │        │      │        └ <function wrap_app_handling_exceptions.<locals>.wrapped_app.<locals>.sender at 0x000001A0143654E0>
          │                            │    │        │      └ <function RequestResponseCycle.receive at 0x000001A014366FB0>
          │                            │    │        └ {'type': 'http', 'asgi': {'version': '3.0', 'spec_version': '2.3'}, 'http_version': '1.1', 'server': ('127.0.0.1', 8080), 'cl...
          │                            │    └ <starlette.requests.Request object at 0x000001A014366AF0>
          │                            └ <function request_response.<locals>.app.<locals>.app at 0x000001A014366DA0>
          └ <function wrap_app_handling_exceptions at 0x000001A0704B38A0>
  File "E:\vbenspace\vben-python\.venv\Lib\site-packages\starlette\_exception_handler.py", line 53, in wrapped_app
    raise exc
  File "E:\vbenspace\vben-python\.venv\Lib\site-packages\starlette\_exception_handler.py", line 42, in wrapped_app
    await app(scope, receive, sender)
          │   │      │        └ <function wrap_app_handling_exceptions.<locals>.wrapped_app.<locals>.sender at 0x000001A0143C0880>
          │   │      └ <function RequestResponseCycle.receive at 0x000001A014366FB0>
          │   └ {'type': 'http', 'asgi': {'version': '3.0', 'spec_version': '2.3'}, 'http_version': '1.1', 'server': ('127.0.0.1', 8080), 'cl...
          └ <function request_response.<locals>.app.<locals>.app at 0x000001A014366DA0>
  File "E:\vbenspace\vben-python\.venv\Lib\site-packages\fastapi\routing.py", line 110, in app
    response = await f(request)
                     │ └ <starlette.requests.Request object at 0x000001A014366AF0>
                     └ <function get_request_handler.<locals>.app at 0x000001A014135640>
  File "E:\vbenspace\vben-python\.venv\Lib\site-packages\fastapi\routing.py", line 390, in app
    raw_response = await run_endpoint_function(
                         └ <function run_endpoint_function at 0x000001A0704DACF0>
  File "E:\vbenspace\vben-python\.venv\Lib\site-packages\fastapi\routing.py", line 289, in run_endpoint_function
    return await dependant.call(**values)
                 │         │      └ {'service': <modules.base.sys.org.dept.service.SysOrgDeptService object at 0x000001A0142AE2C0>, 'bo': DeptBo(id='d19855808397...
                 │         └ <function put at 0x000001A013909220>
                 └ Dependant(path_params=[], query_params=[], header_params=[], cookie_params=[], body_params=[ModelField(field_info=Body(Pydant...

  File "E:\vbenspace\vben-python\modules\base\sys\org\dept\router.py", line 72, in put
    await service.update(bo.model_dump(exclude_unset=True))
          │       │      │  └ <function BaseModel.model_dump at 0x000001A07012AAE0>
          │       │      └ DeptBo(id='d1985580839735529472', name='3334', pid=None, type=8, tier='d1985579339772727296_d1985579450569461760_d19855808397...
          │       └ <function SysOrgDeptService.update at 0x000001A0138A7060>
          └ <modules.base.sys.org.dept.service.SysOrgDeptService object at 0x000001A0142AE2C0>

  File "E:\vbenspace\vben-python\modules\base\sys\org\dept\service.py", line 37, in update
    if not main_dict['pid']:
           └ {'id': 'd1985580839735529472', 'name': '3334', 'type': 8, 'tier': 'd1985579339772727296_d1985579450569461760_d198558083973552...

KeyError: 'pid'
2025-11-04 13:33:30.748 | 33a3fa49b6554b5d8556d78825dc5420 | ERROR    | exceptions.handle:exception_handler:70 - 'pid'
Traceback (most recent call last):

  File "<string>", line 1, in <module>
  File "D:\dev\python\Lib\multiprocessing\spawn.py", line 122, in spawn_main
    exitcode = _main(fd, parent_sentinel)
               │     │   └ 324
               │     └ 3
               └ <function _main at 0x000001A06CFC8B40>
  File "D:\dev\python\Lib\multiprocessing\spawn.py", line 135, in _main
    return self._bootstrap(parent_sentinel)
           │    │          └ 324
           │    └ <function BaseProcess._bootstrap at 0x000001A06CC62CF0>
           └ <SpawnProcess name='SpawnProcess-1' parent=19788 started>
  File "D:\dev\python\Lib\multiprocessing\process.py", line 320, in _bootstrap
    self.run()
    │    └ <function BaseProcess.run at 0x000001A06CC62090>
    └ <SpawnProcess name='SpawnProcess-1' parent=19788 started>
  File "D:\dev\python\Lib\multiprocessing\process.py", line 108, in run
    self._target(*self._args, **self._kwargs)
    │    │        │    │        │    └ {'config': <uvicorn.config.Config object at 0x000001A06CF80AD0>, 'target': <bound method Server.run of <uvicorn.server.Server...
    │    │        │    │        └ <SpawnProcess name='SpawnProcess-1' parent=19788 started>
    │    │        │    └ ()
    │    │        └ <SpawnProcess name='SpawnProcess-1' parent=19788 started>
    │    └ <function subprocess_started at 0x000001A06F30A350>
    └ <SpawnProcess name='SpawnProcess-1' parent=19788 started>
  File "E:\vbenspace\vben-python\.venv\Lib\site-packages\uvicorn\_subprocess.py", line 80, in subprocess_started
    target(sockets=sockets)
    │              └ [<socket.socket fd=936, family=2, type=1, proto=6, laddr=('0.0.0.0', 8080)>]
    └ <bound method Server.run of <uvicorn.server.Server object at 0x000001A013957CB0>>
  File "E:\vbenspace\vben-python\.venv\Lib\site-packages\uvicorn\server.py", line 67, in run
    return asyncio_run(self.serve(sockets=sockets), loop_factory=self.config.get_loop_factory())
           │           │    │             │                      │    │      └ <function Config.get_loop_factory at 0x000001A06F28A400>
           │           │    │             │                      │    └ <uvicorn.config.Config object at 0x000001A06CF80AD0>
           │           │    │             │                      └ <uvicorn.server.Server object at 0x000001A013957CB0>
           │           │    │             └ [<socket.socket fd=936, family=2, type=1, proto=6, laddr=('0.0.0.0', 8080)>]
           │           │    └ <function Server.serve at 0x000001A06F2E1850>
           │           └ <uvicorn.server.Server object at 0x000001A013957CB0>
           └ <function run at 0x000001A06EE78670>
  File "D:\dev\python\Lib\asyncio\runners.py", line 204, in run
    return runner.run(main)
           │      │   └ <coroutine object Server.serve at 0x000001A013DC36A0>
           │      └ <function Runner.run at 0x000001A06EE78A90>
           └ <asyncio.runners.Runner object at 0x000001A0140EDF90>
  File "D:\dev\python\Lib\asyncio\runners.py", line 127, in run
    return self._loop.run_until_complete(task)
           │    │     │                  └ <Task pending name='Task-1' coro=<Server.serve() running at E:\vbenspace\vben-python\.venv\Lib\site-packages\uvicorn\server.p...
           │    │     └ <function BaseEventLoop.run_until_complete at 0x000001A06EE5CEB0>
           │    └ <_WindowsSelectorEventLoop running=True closed=False debug=False>
           └ <asyncio.runners.Runner object at 0x000001A0140EDF90>
  File "D:\dev\python\Lib\asyncio\base_events.py", line 706, in run_until_complete
    self.run_forever()
    │    └ <function BaseEventLoop.run_forever at 0x000001A06EE5CE00>
    └ <_WindowsSelectorEventLoop running=True closed=False debug=False>
  File "D:\dev\python\Lib\asyncio\base_events.py", line 677, in run_forever
    self._run_once()
    │    └ <function BaseEventLoop._run_once at 0x000001A06EE5EF00>
    └ <_WindowsSelectorEventLoop running=True closed=False debug=False>
  File "D:\dev\python\Lib\asyncio\base_events.py", line 2046, in _run_once
    handle._run()
    │      └ <function Handle._run at 0x000001A06D203530>
    └ <Handle Task.task_wakeup()>
  File "D:\dev\python\Lib\asyncio\events.py", line 94, in _run
    self._context.run(self._callback, *self._args)
    │    │            │    │           │    └ <member '_args' of 'Handle' objects>
    │    │            │    │           └ <Handle Task.task_wakeup()>
    │    │            │    └ <member '_callback' of 'Handle' objects>
    │    │            └ <Handle Task.task_wakeup()>
    │    └ <member '_context' of 'Handle' objects>
    └ <Handle Task.task_wakeup()>
  File "E:\vbenspace\vben-python\.venv\Lib\site-packages\uvicorn\protocols\http\httptools_impl.py", line 409, in run_asgi
    result = await app(  # type: ignore[func-returns-value]
                   └ <uvicorn.middleware.proxy_headers.ProxyHeadersMiddleware object at 0x000001A0141A7620>
  File "E:\vbenspace\vben-python\.venv\Lib\site-packages\uvicorn\middleware\proxy_headers.py", line 60, in __call__
    return await self.app(scope, receive, send)
                 │    │   │      │        └ <bound method RequestResponseCycle.send of <uvicorn.protocols.http.httptools_impl.RequestResponseCycle object at 0x000001A014...
                 │    │   │      └ <bound method RequestResponseCycle.receive of <uvicorn.protocols.http.httptools_impl.RequestResponseCycle object at 0x000001A...
                 │    │   └ {'type': 'http', 'asgi': {'version': '3.0', 'spec_version': '2.3'}, 'http_version': '1.1', 'server': ('127.0.0.1', 8080), 'cl...
                 │    └ <fastapi.applications.FastAPI object at 0x000001A0140D5160>
                 └ <uvicorn.middleware.proxy_headers.ProxyHeadersMiddleware object at 0x000001A0141A7620>
  File "E:\vbenspace\vben-python\.venv\Lib\site-packages\fastapi\applications.py", line 1134, in __call__
    await super().__call__(scope, receive, send)
                           │      │        └ <bound method RequestResponseCycle.send of <uvicorn.protocols.http.httptools_impl.RequestResponseCycle object at 0x000001A014...
                           │      └ <bound method RequestResponseCycle.receive of <uvicorn.protocols.http.httptools_impl.RequestResponseCycle object at 0x000001A...
                           └ {'type': 'http', 'asgi': {'version': '3.0', 'spec_version': '2.3'}, 'http_version': '1.1', 'server': ('127.0.0.1', 8080), 'cl...
  File "E:\vbenspace\vben-python\.venv\Lib\site-packages\starlette\applications.py", line 113, in __call__
    await self.middleware_stack(scope, receive, send)
          │    │                │      │        └ <bound method RequestResponseCycle.send of <uvicorn.protocols.http.httptools_impl.RequestResponseCycle object at 0x000001A014...
          │    │                │      └ <bound method RequestResponseCycle.receive of <uvicorn.protocols.http.httptools_impl.RequestResponseCycle object at 0x000001A...
          │    │                └ {'type': 'http', 'asgi': {'version': '3.0', 'spec_version': '2.3'}, 'http_version': '1.1', 'server': ('127.0.0.1', 8080), 'cl...
          │    └ <starlette.middleware.errors.ServerErrorMiddleware object at 0x000001A0142A8590>
          └ <fastapi.applications.FastAPI object at 0x000001A0140D5160>
> File "E:\vbenspace\vben-python\.venv\Lib\site-packages\starlette\middleware\errors.py", line 164, in __call__
    await self.app(scope, receive, _send)
          │    │   │      │        └ <function ServerErrorMiddleware.__call__.<locals>._send at 0x000001A014365DD0>
          │    │   │      └ <bound method RequestResponseCycle.receive of <uvicorn.protocols.http.httptools_impl.RequestResponseCycle object at 0x000001A...
          │    │   └ {'type': 'http', 'asgi': {'version': '3.0', 'spec_version': '2.3'}, 'http_version': '1.1', 'server': ('127.0.0.1', 8080), 'cl...
          │    └ <middlewares.trace_middleware.middle.TraceASGIMiddleware object at 0x000001A0142A8440>
          └ <starlette.middleware.errors.ServerErrorMiddleware object at 0x000001A0142A8590>

  File "E:\vbenspace\vben-python\middlewares\trace_middleware\middle.py", line 47, in __call__
    await self.app(scope, handle_outgoing_receive, handle_outgoing_request)
          │    │   │      │                        └ <function TraceASGIMiddleware.__call__.<locals>.handle_outgoing_request at 0x000001A014366A30>
          │    │   │      └ <function RequestResponseCycle.receive at 0x000001A014366FB0>
          │    │   └ {'type': 'http', 'asgi': {'version': '3.0', 'spec_version': '2.3'}, 'http_version': '1.1', 'server': ('127.0.0.1', 8080), 'cl...
          │    └ <starlette.middleware.gzip.GZipMiddleware object at 0x000001A0142A82F0>
          └ <middlewares.trace_middleware.middle.TraceASGIMiddleware object at 0x000001A0142A8440>

  File "E:\vbenspace\vben-python\.venv\Lib\site-packages\starlette\middleware\gzip.py", line 29, in __call__
    await responder(scope, receive, send)
          │         │      │        └ <function TraceASGIMiddleware.__call__.<locals>.handle_outgoing_request at 0x000001A014366A30>
          │         │      └ <function RequestResponseCycle.receive at 0x000001A014366FB0>
          │         └ {'type': 'http', 'asgi': {'version': '3.0', 'spec_version': '2.3'}, 'http_version': '1.1', 'server': ('127.0.0.1', 8080), 'cl...
          └ <starlette.middleware.gzip.GZipResponder object at 0x000001A014508940>
  File "E:\vbenspace\vben-python\.venv\Lib\site-packages\starlette\middleware\gzip.py", line 130, in __call__
    await super().__call__(scope, receive, send)
                           │      │        └ <function TraceASGIMiddleware.__call__.<locals>.handle_outgoing_request at 0x000001A014366A30>
                           │      └ <function RequestResponseCycle.receive at 0x000001A014366FB0>
                           └ {'type': 'http', 'asgi': {'version': '3.0', 'spec_version': '2.3'}, 'http_version': '1.1', 'server': ('127.0.0.1', 8080), 'cl...
  File "E:\vbenspace\vben-python\.venv\Lib\site-packages\starlette\middleware\gzip.py", line 46, in __call__
    await self.app(scope, receive, self.send_with_compression)
          │    │   │      │        │    └ <function IdentityResponder.send_with_compression at 0x000001A013893690>
          │    │   │      │        └ <starlette.middleware.gzip.GZipResponder object at 0x000001A014508940>
          │    │   │      └ <function RequestResponseCycle.receive at 0x000001A014366FB0>
          │    │   └ {'type': 'http', 'asgi': {'version': '3.0', 'spec_version': '2.3'}, 'http_version': '1.1', 'server': ('127.0.0.1', 8080), 'cl...
          │    └ <starlette.middleware.cors.CORSMiddleware object at 0x000001A0142A81A0>
          └ <starlette.middleware.gzip.GZipResponder object at 0x000001A014508940>
  File "E:\vbenspace\vben-python\.venv\Lib\site-packages\starlette\middleware\cors.py", line 93, in __call__
    await self.simple_response(scope, receive, send, request_headers=headers)
          │    │               │      │        │                     └ Headers({'host': 'localhost:8080', 'connection': 'close', 'content-length': '303', 'sec-ch-ua-platform': '"Windows"', 'author...
          │    │               │      │        └ <bound method IdentityResponder.send_with_compression of <starlette.middleware.gzip.GZipResponder object at 0x000001A014508940>>
          │    │               │      └ <function RequestResponseCycle.receive at 0x000001A014366FB0>
          │    │               └ {'type': 'http', 'asgi': {'version': '3.0', 'spec_version': '2.3'}, 'http_version': '1.1', 'server': ('127.0.0.1', 8080), 'cl...
          │    └ <function CORSMiddleware.simple_response at 0x000001A013892C40>
          └ <starlette.middleware.cors.CORSMiddleware object at 0x000001A0142A81A0>
  File "E:\vbenspace\vben-python\.venv\Lib\site-packages\starlette\middleware\cors.py", line 144, in simple_response
    await self.app(scope, receive, send)
          │    │   │      │        └ functools.partial(<bound method CORSMiddleware.send of <starlette.middleware.cors.CORSMiddleware object at 0x000001A0142A81A0...
          │    │   │      └ <function RequestResponseCycle.receive at 0x000001A014366FB0>
          │    │   └ {'type': 'http', 'asgi': {'version': '3.0', 'spec_version': '2.3'}, 'http_version': '1.1', 'server': ('127.0.0.1', 8080), 'cl...
          │    └ <starlette.middleware.exceptions.ExceptionMiddleware object at 0x000001A0142A8050>
          └ <starlette.middleware.cors.CORSMiddleware object at 0x000001A0142A81A0>
  File "E:\vbenspace\vben-python\.venv\Lib\site-packages\starlette\middleware\exceptions.py", line 63, in __call__
    await wrap_app_handling_exceptions(self.app, conn)(scope, receive, send)
          │                            │    │    │     │      │        └ functools.partial(<bound method CORSMiddleware.send of <starlette.middleware.cors.CORSMiddleware object at 0x000001A0142A81A0...
          │                            │    │    │     │      └ <function RequestResponseCycle.receive at 0x000001A014366FB0>
          │                            │    │    │     └ {'type': 'http', 'asgi': {'version': '3.0', 'spec_version': '2.3'}, 'http_version': '1.1', 'server': ('127.0.0.1', 8080), 'cl...
          │                            │    │    └ <starlette.requests.Request object at 0x000001A014367070>
          │                            │    └ <fastapi.middleware.asyncexitstack.AsyncExitStackMiddleware object at 0x000001A0141A7E00>
          │                            └ <starlette.middleware.exceptions.ExceptionMiddleware object at 0x000001A0142A8050>
          └ <function wrap_app_handling_exceptions at 0x000001A0704B38A0>
  File "E:\vbenspace\vben-python\.venv\Lib\site-packages\starlette\_exception_handler.py", line 53, in wrapped_app
    raise exc
  File "E:\vbenspace\vben-python\.venv\Lib\site-packages\starlette\_exception_handler.py", line 42, in wrapped_app
    await app(scope, receive, sender)
          │   │      │        └ <function wrap_app_handling_exceptions.<locals>.wrapped_app.<locals>.sender at 0x000001A014365D20>
          │   │      └ <function RequestResponseCycle.receive at 0x000001A014366FB0>
          │   └ {'type': 'http', 'asgi': {'version': '3.0', 'spec_version': '2.3'}, 'http_version': '1.1', 'server': ('127.0.0.1', 8080), 'cl...
          └ <fastapi.middleware.asyncexitstack.AsyncExitStackMiddleware object at 0x000001A0141A7E00>
  File "E:\vbenspace\vben-python\.venv\Lib\site-packages\fastapi\middleware\asyncexitstack.py", line 18, in __call__
    await self.app(scope, receive, send)
          │    │   │      │        └ <function wrap_app_handling_exceptions.<locals>.wrapped_app.<locals>.sender at 0x000001A014365D20>
          │    │   │      └ <function RequestResponseCycle.receive at 0x000001A014366FB0>
          │    │   └ {'type': 'http', 'asgi': {'version': '3.0', 'spec_version': '2.3'}, 'http_version': '1.1', 'server': ('127.0.0.1', 8080), 'cl...
          │    └ <fastapi.routing.APIRouter object at 0x000001A014120140>
          └ <fastapi.middleware.asyncexitstack.AsyncExitStackMiddleware object at 0x000001A0141A7E00>
  File "E:\vbenspace\vben-python\.venv\Lib\site-packages\starlette\routing.py", line 716, in __call__
    await self.middleware_stack(scope, receive, send)
          │    │                │      │        └ <function wrap_app_handling_exceptions.<locals>.wrapped_app.<locals>.sender at 0x000001A014365D20>
          │    │                │      └ <function RequestResponseCycle.receive at 0x000001A014366FB0>
          │    │                └ {'type': 'http', 'asgi': {'version': '3.0', 'spec_version': '2.3'}, 'http_version': '1.1', 'server': ('127.0.0.1', 8080), 'cl...
          │    └ <bound method Router.app of <fastapi.routing.APIRouter object at 0x000001A014120140>>
          └ <fastapi.routing.APIRouter object at 0x000001A014120140>
  File "E:\vbenspace\vben-python\.venv\Lib\site-packages\starlette\routing.py", line 736, in app
    await route.handle(scope, receive, send)
          │     │      │      │        └ <function wrap_app_handling_exceptions.<locals>.wrapped_app.<locals>.sender at 0x000001A014365D20>
          │     │      │      └ <function RequestResponseCycle.receive at 0x000001A014366FB0>
          │     │      └ {'type': 'http', 'asgi': {'version': '3.0', 'spec_version': '2.3'}, 'http_version': '1.1', 'server': ('127.0.0.1', 8080), 'cl...
          │     └ <function Route.handle at 0x000001A0704D6560>
          └ APIRoute(path='/sys/org/dept', name='put', methods=['PUT'])
  File "E:\vbenspace\vben-python\.venv\Lib\site-packages\starlette\routing.py", line 290, in handle
    await self.app(scope, receive, send)
          │    │   │      │        └ <function wrap_app_handling_exceptions.<locals>.wrapped_app.<locals>.sender at 0x000001A014365D20>
          │    │   │      └ <function RequestResponseCycle.receive at 0x000001A014366FB0>
          │    │   └ {'type': 'http', 'asgi': {'version': '3.0', 'spec_version': '2.3'}, 'http_version': '1.1', 'server': ('127.0.0.1', 8080), 'cl...
          │    └ <function request_response.<locals>.app at 0x000001A0141356F0>
          └ APIRoute(path='/sys/org/dept', name='put', methods=['PUT'])
  File "E:\vbenspace\vben-python\.venv\Lib\site-packages\fastapi\routing.py", line 124, in app
    await wrap_app_handling_exceptions(app, request)(scope, receive, send)
          │                            │    │        │      │        └ <function wrap_app_handling_exceptions.<locals>.wrapped_app.<locals>.sender at 0x000001A014365D20>
          │                            │    │        │      └ <function RequestResponseCycle.receive at 0x000001A014366FB0>
          │                            │    │        └ {'type': 'http', 'asgi': {'version': '3.0', 'spec_version': '2.3'}, 'http_version': '1.1', 'server': ('127.0.0.1', 8080), 'cl...
          │                            │    └ <starlette.requests.Request object at 0x000001A014366AF0>
          │                            └ <function request_response.<locals>.app.<locals>.app at 0x000001A014366DA0>
          └ <function wrap_app_handling_exceptions at 0x000001A0704B38A0>
  File "E:\vbenspace\vben-python\.venv\Lib\site-packages\starlette\_exception_handler.py", line 53, in wrapped_app
    raise exc
  File "E:\vbenspace\vben-python\.venv\Lib\site-packages\starlette\_exception_handler.py", line 42, in wrapped_app
    await app(scope, receive, sender)
          │   │      │        └ <function wrap_app_handling_exceptions.<locals>.wrapped_app.<locals>.sender at 0x000001A0143C03B0>
          │   │      └ <function RequestResponseCycle.receive at 0x000001A014366FB0>
          │   └ {'type': 'http', 'asgi': {'version': '3.0', 'spec_version': '2.3'}, 'http_version': '1.1', 'server': ('127.0.0.1', 8080), 'cl...
          └ <function request_response.<locals>.app.<locals>.app at 0x000001A014366DA0>
  File "E:\vbenspace\vben-python\.venv\Lib\site-packages\fastapi\routing.py", line 110, in app
    response = await f(request)
                     │ └ <starlette.requests.Request object at 0x000001A014366AF0>
                     └ <function get_request_handler.<locals>.app at 0x000001A014135640>
  File "E:\vbenspace\vben-python\.venv\Lib\site-packages\fastapi\routing.py", line 390, in app
    raw_response = await run_endpoint_function(
                         └ <function run_endpoint_function at 0x000001A0704DACF0>
  File "E:\vbenspace\vben-python\.venv\Lib\site-packages\fastapi\routing.py", line 289, in run_endpoint_function
    return await dependant.call(**values)
                 │         │      └ {'service': <modules.base.sys.org.dept.service.SysOrgDeptService object at 0x000001A014385EB0>, 'bo': DeptBo(id='d19855808397...
                 │         └ <function put at 0x000001A013909220>
                 └ Dependant(path_params=[], query_params=[], header_params=[], cookie_params=[], body_params=[ModelField(field_info=Body(Pydant...

  File "E:\vbenspace\vben-python\modules\base\sys\org\dept\router.py", line 72, in put
    await service.update(bo.model_dump(exclude_unset=True))
          │       │      │  └ <function BaseModel.model_dump at 0x000001A07012AAE0>
          │       │      └ DeptBo(id='d1985580839735529472', name='3334', pid=None, type=8, tier='d1985579339772727296_d1985579450569461760_d19855808397...
          │       └ <function SysOrgDeptService.update at 0x000001A0138A7060>
          └ <modules.base.sys.org.dept.service.SysOrgDeptService object at 0x000001A014385EB0>

  File "E:\vbenspace\vben-python\modules\base\sys\org\dept\service.py", line 37, in update
    if not main_dict['pid']:
           └ {'id': 'd1985580839735529472', 'name': '3334', 'type': 8, 'tier': 'd1985579339772727296_d1985579450569461760_d198558083973552...

KeyError: 'pid'
2025-11-04 13:35:52.572 | d2edb17004a1460cbd64131f1befd5fa | ERROR    | exceptions.handle:exception_handler:70 - 'pid'
Traceback (most recent call last):

  File "<string>", line 1, in <module>
  File "D:\dev\python\Lib\multiprocessing\spawn.py", line 122, in spawn_main
    exitcode = _main(fd, parent_sentinel)
               │     │   └ 324
               │     └ 3
               └ <function _main at 0x000001A06CFC8B40>
  File "D:\dev\python\Lib\multiprocessing\spawn.py", line 135, in _main
    return self._bootstrap(parent_sentinel)
           │    │          └ 324
           │    └ <function BaseProcess._bootstrap at 0x000001A06CC62CF0>
           └ <SpawnProcess name='SpawnProcess-1' parent=19788 started>
  File "D:\dev\python\Lib\multiprocessing\process.py", line 320, in _bootstrap
    self.run()
    │    └ <function BaseProcess.run at 0x000001A06CC62090>
    └ <SpawnProcess name='SpawnProcess-1' parent=19788 started>
  File "D:\dev\python\Lib\multiprocessing\process.py", line 108, in run
    self._target(*self._args, **self._kwargs)
    │    │        │    │        │    └ {'config': <uvicorn.config.Config object at 0x000001A06CF80AD0>, 'target': <bound method Server.run of <uvicorn.server.Server...
    │    │        │    │        └ <SpawnProcess name='SpawnProcess-1' parent=19788 started>
    │    │        │    └ ()
    │    │        └ <SpawnProcess name='SpawnProcess-1' parent=19788 started>
    │    └ <function subprocess_started at 0x000001A06F30A350>
    └ <SpawnProcess name='SpawnProcess-1' parent=19788 started>
  File "E:\vbenspace\vben-python\.venv\Lib\site-packages\uvicorn\_subprocess.py", line 80, in subprocess_started
    target(sockets=sockets)
    │              └ [<socket.socket fd=936, family=2, type=1, proto=6, laddr=('0.0.0.0', 8080)>]
    └ <bound method Server.run of <uvicorn.server.Server object at 0x000001A013957CB0>>
  File "E:\vbenspace\vben-python\.venv\Lib\site-packages\uvicorn\server.py", line 67, in run
    return asyncio_run(self.serve(sockets=sockets), loop_factory=self.config.get_loop_factory())
           │           │    │             │                      │    │      └ <function Config.get_loop_factory at 0x000001A06F28A400>
           │           │    │             │                      │    └ <uvicorn.config.Config object at 0x000001A06CF80AD0>
           │           │    │             │                      └ <uvicorn.server.Server object at 0x000001A013957CB0>
           │           │    │             └ [<socket.socket fd=936, family=2, type=1, proto=6, laddr=('0.0.0.0', 8080)>]
           │           │    └ <function Server.serve at 0x000001A06F2E1850>
           │           └ <uvicorn.server.Server object at 0x000001A013957CB0>
           └ <function run at 0x000001A06EE78670>
  File "D:\dev\python\Lib\asyncio\runners.py", line 204, in run
    return runner.run(main)
           │      │   └ <coroutine object Server.serve at 0x000001A013DC36A0>
           │      └ <function Runner.run at 0x000001A06EE78A90>
           └ <asyncio.runners.Runner object at 0x000001A0140EDF90>
  File "D:\dev\python\Lib\asyncio\runners.py", line 127, in run
    return self._loop.run_until_complete(task)
           │    │     │                  └ <Task pending name='Task-1' coro=<Server.serve() running at E:\vbenspace\vben-python\.venv\Lib\site-packages\uvicorn\server.p...
           │    │     └ <function BaseEventLoop.run_until_complete at 0x000001A06EE5CEB0>
           │    └ <_WindowsSelectorEventLoop running=True closed=False debug=False>
           └ <asyncio.runners.Runner object at 0x000001A0140EDF90>
  File "D:\dev\python\Lib\asyncio\base_events.py", line 706, in run_until_complete
    self.run_forever()
    │    └ <function BaseEventLoop.run_forever at 0x000001A06EE5CE00>
    └ <_WindowsSelectorEventLoop running=True closed=False debug=False>
  File "D:\dev\python\Lib\asyncio\base_events.py", line 677, in run_forever
    self._run_once()
    │    └ <function BaseEventLoop._run_once at 0x000001A06EE5EF00>
    └ <_WindowsSelectorEventLoop running=True closed=False debug=False>
  File "D:\dev\python\Lib\asyncio\base_events.py", line 2046, in _run_once
    handle._run()
    │      └ <function Handle._run at 0x000001A06D203530>
    └ <Handle Task.task_wakeup()>
  File "D:\dev\python\Lib\asyncio\events.py", line 94, in _run
    self._context.run(self._callback, *self._args)
    │    │            │    │           │    └ <member '_args' of 'Handle' objects>
    │    │            │    │           └ <Handle Task.task_wakeup()>
    │    │            │    └ <member '_callback' of 'Handle' objects>
    │    │            └ <Handle Task.task_wakeup()>
    │    └ <member '_context' of 'Handle' objects>
    └ <Handle Task.task_wakeup()>
  File "E:\vbenspace\vben-python\.venv\Lib\site-packages\uvicorn\protocols\http\httptools_impl.py", line 409, in run_asgi
    result = await app(  # type: ignore[func-returns-value]
                   └ <uvicorn.middleware.proxy_headers.ProxyHeadersMiddleware object at 0x000001A0141A7620>
  File "E:\vbenspace\vben-python\.venv\Lib\site-packages\uvicorn\middleware\proxy_headers.py", line 60, in __call__
    return await self.app(scope, receive, send)
                 │    │   │      │        └ <bound method RequestResponseCycle.send of <uvicorn.protocols.http.httptools_impl.RequestResponseCycle object at 0x000001A014...
                 │    │   │      └ <bound method RequestResponseCycle.receive of <uvicorn.protocols.http.httptools_impl.RequestResponseCycle object at 0x000001A...
                 │    │   └ {'type': 'http', 'asgi': {'version': '3.0', 'spec_version': '2.3'}, 'http_version': '1.1', 'server': ('127.0.0.1', 8080), 'cl...
                 │    └ <fastapi.applications.FastAPI object at 0x000001A0140D5160>
                 └ <uvicorn.middleware.proxy_headers.ProxyHeadersMiddleware object at 0x000001A0141A7620>
  File "E:\vbenspace\vben-python\.venv\Lib\site-packages\fastapi\applications.py", line 1134, in __call__
    await super().__call__(scope, receive, send)
                           │      │        └ <bound method RequestResponseCycle.send of <uvicorn.protocols.http.httptools_impl.RequestResponseCycle object at 0x000001A014...
                           │      └ <bound method RequestResponseCycle.receive of <uvicorn.protocols.http.httptools_impl.RequestResponseCycle object at 0x000001A...
                           └ {'type': 'http', 'asgi': {'version': '3.0', 'spec_version': '2.3'}, 'http_version': '1.1', 'server': ('127.0.0.1', 8080), 'cl...
  File "E:\vbenspace\vben-python\.venv\Lib\site-packages\starlette\applications.py", line 113, in __call__
    await self.middleware_stack(scope, receive, send)
          │    │                │      │        └ <bound method RequestResponseCycle.send of <uvicorn.protocols.http.httptools_impl.RequestResponseCycle object at 0x000001A014...
          │    │                │      └ <bound method RequestResponseCycle.receive of <uvicorn.protocols.http.httptools_impl.RequestResponseCycle object at 0x000001A...
          │    │                └ {'type': 'http', 'asgi': {'version': '3.0', 'spec_version': '2.3'}, 'http_version': '1.1', 'server': ('127.0.0.1', 8080), 'cl...
          │    └ <starlette.middleware.errors.ServerErrorMiddleware object at 0x000001A0142A8590>
          └ <fastapi.applications.FastAPI object at 0x000001A0140D5160>
> File "E:\vbenspace\vben-python\.venv\Lib\site-packages\starlette\middleware\errors.py", line 164, in __call__
    await self.app(scope, receive, _send)
          │    │   │      │        └ <function ServerErrorMiddleware.__call__.<locals>._send at 0x000001A014365DD0>
          │    │   │      └ <bound method RequestResponseCycle.receive of <uvicorn.protocols.http.httptools_impl.RequestResponseCycle object at 0x000001A...
          │    │   └ {'type': 'http', 'asgi': {'version': '3.0', 'spec_version': '2.3'}, 'http_version': '1.1', 'server': ('127.0.0.1', 8080), 'cl...
          │    └ <middlewares.trace_middleware.middle.TraceASGIMiddleware object at 0x000001A0142A8440>
          └ <starlette.middleware.errors.ServerErrorMiddleware object at 0x000001A0142A8590>

  File "E:\vbenspace\vben-python\middlewares\trace_middleware\middle.py", line 47, in __call__
    await self.app(scope, handle_outgoing_receive, handle_outgoing_request)
          │    │   │      │                        └ <function TraceASGIMiddleware.__call__.<locals>.handle_outgoing_request at 0x000001A014366A30>
          │    │   │      └ <function RequestResponseCycle.receive at 0x000001A014366FB0>
          │    │   └ {'type': 'http', 'asgi': {'version': '3.0', 'spec_version': '2.3'}, 'http_version': '1.1', 'server': ('127.0.0.1', 8080), 'cl...
          │    └ <starlette.middleware.gzip.GZipMiddleware object at 0x000001A0142A82F0>
          └ <middlewares.trace_middleware.middle.TraceASGIMiddleware object at 0x000001A0142A8440>

  File "E:\vbenspace\vben-python\.venv\Lib\site-packages\starlette\middleware\gzip.py", line 29, in __call__
    await responder(scope, receive, send)
          │         │      │        └ <function TraceASGIMiddleware.__call__.<locals>.handle_outgoing_request at 0x000001A014366A30>
          │         │      └ <function RequestResponseCycle.receive at 0x000001A014366FB0>
          │         └ {'type': 'http', 'asgi': {'version': '3.0', 'spec_version': '2.3'}, 'http_version': '1.1', 'server': ('127.0.0.1', 8080), 'cl...
          └ <starlette.middleware.gzip.GZipResponder object at 0x000001A0143B28D0>
  File "E:\vbenspace\vben-python\.venv\Lib\site-packages\starlette\middleware\gzip.py", line 130, in __call__
    await super().__call__(scope, receive, send)
                           │      │        └ <function TraceASGIMiddleware.__call__.<locals>.handle_outgoing_request at 0x000001A014366A30>
                           │      └ <function RequestResponseCycle.receive at 0x000001A014366FB0>
                           └ {'type': 'http', 'asgi': {'version': '3.0', 'spec_version': '2.3'}, 'http_version': '1.1', 'server': ('127.0.0.1', 8080), 'cl...
  File "E:\vbenspace\vben-python\.venv\Lib\site-packages\starlette\middleware\gzip.py", line 46, in __call__
    await self.app(scope, receive, self.send_with_compression)
          │    │   │      │        │    └ <function IdentityResponder.send_with_compression at 0x000001A013893690>
          │    │   │      │        └ <starlette.middleware.gzip.GZipResponder object at 0x000001A0143B28D0>
          │    │   │      └ <function RequestResponseCycle.receive at 0x000001A014366FB0>
          │    │   └ {'type': 'http', 'asgi': {'version': '3.0', 'spec_version': '2.3'}, 'http_version': '1.1', 'server': ('127.0.0.1', 8080), 'cl...
          │    └ <starlette.middleware.cors.CORSMiddleware object at 0x000001A0142A81A0>
          └ <starlette.middleware.gzip.GZipResponder object at 0x000001A0143B28D0>
  File "E:\vbenspace\vben-python\.venv\Lib\site-packages\starlette\middleware\cors.py", line 93, in __call__
    await self.simple_response(scope, receive, send, request_headers=headers)
          │    │               │      │        │                     └ Headers({'host': 'localhost:8080', 'connection': 'close', 'content-length': '303', 'sec-ch-ua-platform': '"Windows"', 'author...
          │    │               │      │        └ <bound method IdentityResponder.send_with_compression of <starlette.middleware.gzip.GZipResponder object at 0x000001A0143B28D0>>
          │    │               │      └ <function RequestResponseCycle.receive at 0x000001A014366FB0>
          │    │               └ {'type': 'http', 'asgi': {'version': '3.0', 'spec_version': '2.3'}, 'http_version': '1.1', 'server': ('127.0.0.1', 8080), 'cl...
          │    └ <function CORSMiddleware.simple_response at 0x000001A013892C40>
          └ <starlette.middleware.cors.CORSMiddleware object at 0x000001A0142A81A0>
  File "E:\vbenspace\vben-python\.venv\Lib\site-packages\starlette\middleware\cors.py", line 144, in simple_response
    await self.app(scope, receive, send)
          │    │   │      │        └ functools.partial(<bound method CORSMiddleware.send of <starlette.middleware.cors.CORSMiddleware object at 0x000001A0142A81A0...
          │    │   │      └ <function RequestResponseCycle.receive at 0x000001A014366FB0>
          │    │   └ {'type': 'http', 'asgi': {'version': '3.0', 'spec_version': '2.3'}, 'http_version': '1.1', 'server': ('127.0.0.1', 8080), 'cl...
          │    └ <starlette.middleware.exceptions.ExceptionMiddleware object at 0x000001A0142A8050>
          └ <starlette.middleware.cors.CORSMiddleware object at 0x000001A0142A81A0>
  File "E:\vbenspace\vben-python\.venv\Lib\site-packages\starlette\middleware\exceptions.py", line 63, in __call__
    await wrap_app_handling_exceptions(self.app, conn)(scope, receive, send)
          │                            │    │    │     │      │        └ functools.partial(<bound method CORSMiddleware.send of <starlette.middleware.cors.CORSMiddleware object at 0x000001A0142A81A0...
          │                            │    │    │     │      └ <function RequestResponseCycle.receive at 0x000001A014366FB0>
          │                            │    │    │     └ {'type': 'http', 'asgi': {'version': '3.0', 'spec_version': '2.3'}, 'http_version': '1.1', 'server': ('127.0.0.1', 8080), 'cl...
          │                            │    │    └ <starlette.requests.Request object at 0x000001A014367070>
          │                            │    └ <fastapi.middleware.asyncexitstack.AsyncExitStackMiddleware object at 0x000001A0141A7E00>
          │                            └ <starlette.middleware.exceptions.ExceptionMiddleware object at 0x000001A0142A8050>
          └ <function wrap_app_handling_exceptions at 0x000001A0704B38A0>
  File "E:\vbenspace\vben-python\.venv\Lib\site-packages\starlette\_exception_handler.py", line 53, in wrapped_app
    raise exc
  File "E:\vbenspace\vben-python\.venv\Lib\site-packages\starlette\_exception_handler.py", line 42, in wrapped_app
    await app(scope, receive, sender)
          │   │      │        └ <function wrap_app_handling_exceptions.<locals>.wrapped_app.<locals>.sender at 0x000001A0143654E0>
          │   │      └ <function RequestResponseCycle.receive at 0x000001A014366FB0>
          │   └ {'type': 'http', 'asgi': {'version': '3.0', 'spec_version': '2.3'}, 'http_version': '1.1', 'server': ('127.0.0.1', 8080), 'cl...
          └ <fastapi.middleware.asyncexitstack.AsyncExitStackMiddleware object at 0x000001A0141A7E00>
  File "E:\vbenspace\vben-python\.venv\Lib\site-packages\fastapi\middleware\asyncexitstack.py", line 18, in __call__
    await self.app(scope, receive, send)
          │    │   │      │        └ <function wrap_app_handling_exceptions.<locals>.wrapped_app.<locals>.sender at 0x000001A0143654E0>
          │    │   │      └ <function RequestResponseCycle.receive at 0x000001A014366FB0>
          │    │   └ {'type': 'http', 'asgi': {'version': '3.0', 'spec_version': '2.3'}, 'http_version': '1.1', 'server': ('127.0.0.1', 8080), 'cl...
          │    └ <fastapi.routing.APIRouter object at 0x000001A014120140>
          └ <fastapi.middleware.asyncexitstack.AsyncExitStackMiddleware object at 0x000001A0141A7E00>
  File "E:\vbenspace\vben-python\.venv\Lib\site-packages\starlette\routing.py", line 716, in __call__
    await self.middleware_stack(scope, receive, send)
          │    │                │      │        └ <function wrap_app_handling_exceptions.<locals>.wrapped_app.<locals>.sender at 0x000001A0143654E0>
          │    │                │      └ <function RequestResponseCycle.receive at 0x000001A014366FB0>
          │    │                └ {'type': 'http', 'asgi': {'version': '3.0', 'spec_version': '2.3'}, 'http_version': '1.1', 'server': ('127.0.0.1', 8080), 'cl...
          │    └ <bound method Router.app of <fastapi.routing.APIRouter object at 0x000001A014120140>>
          └ <fastapi.routing.APIRouter object at 0x000001A014120140>
  File "E:\vbenspace\vben-python\.venv\Lib\site-packages\starlette\routing.py", line 736, in app
    await route.handle(scope, receive, send)
          │     │      │      │        └ <function wrap_app_handling_exceptions.<locals>.wrapped_app.<locals>.sender at 0x000001A0143654E0>
          │     │      │      └ <function RequestResponseCycle.receive at 0x000001A014366FB0>
          │     │      └ {'type': 'http', 'asgi': {'version': '3.0', 'spec_version': '2.3'}, 'http_version': '1.1', 'server': ('127.0.0.1', 8080), 'cl...
          │     └ <function Route.handle at 0x000001A0704D6560>
          └ APIRoute(path='/sys/org/dept', name='put', methods=['PUT'])
  File "E:\vbenspace\vben-python\.venv\Lib\site-packages\starlette\routing.py", line 290, in handle
    await self.app(scope, receive, send)
          │    │   │      │        └ <function wrap_app_handling_exceptions.<locals>.wrapped_app.<locals>.sender at 0x000001A0143654E0>
          │    │   │      └ <function RequestResponseCycle.receive at 0x000001A014366FB0>
          │    │   └ {'type': 'http', 'asgi': {'version': '3.0', 'spec_version': '2.3'}, 'http_version': '1.1', 'server': ('127.0.0.1', 8080), 'cl...
          │    └ <function request_response.<locals>.app at 0x000001A0141356F0>
          └ APIRoute(path='/sys/org/dept', name='put', methods=['PUT'])
  File "E:\vbenspace\vben-python\.venv\Lib\site-packages\fastapi\routing.py", line 124, in app
    await wrap_app_handling_exceptions(app, request)(scope, receive, send)
          │                            │    │        │      │        └ <function wrap_app_handling_exceptions.<locals>.wrapped_app.<locals>.sender at 0x000001A0143654E0>
          │                            │    │        │      └ <function RequestResponseCycle.receive at 0x000001A014366FB0>
          │                            │    │        └ {'type': 'http', 'asgi': {'version': '3.0', 'spec_version': '2.3'}, 'http_version': '1.1', 'server': ('127.0.0.1', 8080), 'cl...
          │                            │    └ <starlette.requests.Request object at 0x000001A014366AF0>
          │                            └ <function request_response.<locals>.app.<locals>.app at 0x000001A014366DA0>
          └ <function wrap_app_handling_exceptions at 0x000001A0704B38A0>
  File "E:\vbenspace\vben-python\.venv\Lib\site-packages\starlette\_exception_handler.py", line 53, in wrapped_app
    raise exc
  File "E:\vbenspace\vben-python\.venv\Lib\site-packages\starlette\_exception_handler.py", line 42, in wrapped_app
    await app(scope, receive, sender)
          │   │      │        └ <function wrap_app_handling_exceptions.<locals>.wrapped_app.<locals>.sender at 0x000001A0143C3C10>
          │   │      └ <function RequestResponseCycle.receive at 0x000001A014366FB0>
          │   └ {'type': 'http', 'asgi': {'version': '3.0', 'spec_version': '2.3'}, 'http_version': '1.1', 'server': ('127.0.0.1', 8080), 'cl...
          └ <function request_response.<locals>.app.<locals>.app at 0x000001A014366DA0>
  File "E:\vbenspace\vben-python\.venv\Lib\site-packages\fastapi\routing.py", line 110, in app
    response = await f(request)
                     │ └ <starlette.requests.Request object at 0x000001A014366AF0>
                     └ <function get_request_handler.<locals>.app at 0x000001A014135640>
  File "E:\vbenspace\vben-python\.venv\Lib\site-packages\fastapi\routing.py", line 390, in app
    raw_response = await run_endpoint_function(
                         └ <function run_endpoint_function at 0x000001A0704DACF0>
  File "E:\vbenspace\vben-python\.venv\Lib\site-packages\fastapi\routing.py", line 289, in run_endpoint_function
    return await dependant.call(**values)
                 │         │      └ {'service': <modules.base.sys.org.dept.service.SysOrgDeptService object at 0x000001A01424D7B0>, 'bo': DeptBo(id='d19855808397...
                 │         └ <function put at 0x000001A013909220>
                 └ Dependant(path_params=[], query_params=[], header_params=[], cookie_params=[], body_params=[ModelField(field_info=Body(Pydant...

  File "E:\vbenspace\vben-python\modules\base\sys\org\dept\router.py", line 72, in put
    await service.update(bo.model_dump(exclude_unset=True))
          │       │      │  └ <function BaseModel.model_dump at 0x000001A07012AAE0>
          │       │      └ DeptBo(id='d1985580839735529472', name='3334', pid=None, type=8, tier='d1985579339772727296_d1985579450569461760_d19855808397...
          │       └ <function SysOrgDeptService.update at 0x000001A0138A7060>
          └ <modules.base.sys.org.dept.service.SysOrgDeptService object at 0x000001A01424D7B0>

  File "E:\vbenspace\vben-python\modules\base\sys\org\dept\service.py", line 37, in update
    if not main_dict['pid']:
           └ {'id': 'd1985580839735529472', 'name': '3334', 'type': 8, 'tier': 'd1985579339772727296_d1985579450569461760_d198558083973552...

KeyError: 'pid'
2025-11-04 13:36:29.558 | 0714cbe2499e44e8ba617cef2d136799 | ERROR    | exceptions.handle:exception_handler:70 - 'pid'
Traceback (most recent call last):

  File "<string>", line 1, in <module>
  File "D:\dev\python\Lib\multiprocessing\spawn.py", line 122, in spawn_main
    exitcode = _main(fd, parent_sentinel)
               │     │   └ 324
               │     └ 3
               └ <function _main at 0x000001A06CFC8B40>
  File "D:\dev\python\Lib\multiprocessing\spawn.py", line 135, in _main
    return self._bootstrap(parent_sentinel)
           │    │          └ 324
           │    └ <function BaseProcess._bootstrap at 0x000001A06CC62CF0>
           └ <SpawnProcess name='SpawnProcess-1' parent=19788 started>
  File "D:\dev\python\Lib\multiprocessing\process.py", line 320, in _bootstrap
    self.run()
    │    └ <function BaseProcess.run at 0x000001A06CC62090>
    └ <SpawnProcess name='SpawnProcess-1' parent=19788 started>
  File "D:\dev\python\Lib\multiprocessing\process.py", line 108, in run
    self._target(*self._args, **self._kwargs)
    │    │        │    │        │    └ {'config': <uvicorn.config.Config object at 0x000001A06CF80AD0>, 'target': <bound method Server.run of <uvicorn.server.Server...
    │    │        │    │        └ <SpawnProcess name='SpawnProcess-1' parent=19788 started>
    │    │        │    └ ()
    │    │        └ <SpawnProcess name='SpawnProcess-1' parent=19788 started>
    │    └ <function subprocess_started at 0x000001A06F30A350>
    └ <SpawnProcess name='SpawnProcess-1' parent=19788 started>
  File "E:\vbenspace\vben-python\.venv\Lib\site-packages\uvicorn\_subprocess.py", line 80, in subprocess_started
    target(sockets=sockets)
    │              └ [<socket.socket fd=936, family=2, type=1, proto=6, laddr=('0.0.0.0', 8080)>]
    └ <bound method Server.run of <uvicorn.server.Server object at 0x000001A013957CB0>>
  File "E:\vbenspace\vben-python\.venv\Lib\site-packages\uvicorn\server.py", line 67, in run
    return asyncio_run(self.serve(sockets=sockets), loop_factory=self.config.get_loop_factory())
           │           │    │             │                      │    │      └ <function Config.get_loop_factory at 0x000001A06F28A400>
           │           │    │             │                      │    └ <uvicorn.config.Config object at 0x000001A06CF80AD0>
           │           │    │             │                      └ <uvicorn.server.Server object at 0x000001A013957CB0>
           │           │    │             └ [<socket.socket fd=936, family=2, type=1, proto=6, laddr=('0.0.0.0', 8080)>]
           │           │    └ <function Server.serve at 0x000001A06F2E1850>
           │           └ <uvicorn.server.Server object at 0x000001A013957CB0>
           └ <function run at 0x000001A06EE78670>
  File "D:\dev\python\Lib\asyncio\runners.py", line 204, in run
    return runner.run(main)
           │      │   └ <coroutine object Server.serve at 0x000001A013DC36A0>
           │      └ <function Runner.run at 0x000001A06EE78A90>
           └ <asyncio.runners.Runner object at 0x000001A0140EDF90>
  File "D:\dev\python\Lib\asyncio\runners.py", line 127, in run
    return self._loop.run_until_complete(task)
           │    │     │                  └ <Task pending name='Task-1' coro=<Server.serve() running at E:\vbenspace\vben-python\.venv\Lib\site-packages\uvicorn\server.p...
           │    │     └ <function BaseEventLoop.run_until_complete at 0x000001A06EE5CEB0>
           │    └ <_WindowsSelectorEventLoop running=True closed=False debug=False>
           └ <asyncio.runners.Runner object at 0x000001A0140EDF90>
  File "D:\dev\python\Lib\asyncio\base_events.py", line 706, in run_until_complete
    self.run_forever()
    │    └ <function BaseEventLoop.run_forever at 0x000001A06EE5CE00>
    └ <_WindowsSelectorEventLoop running=True closed=False debug=False>
  File "D:\dev\python\Lib\asyncio\base_events.py", line 677, in run_forever
    self._run_once()
    │    └ <function BaseEventLoop._run_once at 0x000001A06EE5EF00>
    └ <_WindowsSelectorEventLoop running=True closed=False debug=False>
  File "D:\dev\python\Lib\asyncio\base_events.py", line 2046, in _run_once
    handle._run()
    │      └ <function Handle._run at 0x000001A06D203530>
    └ <Handle Task.task_wakeup()>
  File "D:\dev\python\Lib\asyncio\events.py", line 94, in _run
    self._context.run(self._callback, *self._args)
    │    │            │    │           │    └ <member '_args' of 'Handle' objects>
    │    │            │    │           └ <Handle Task.task_wakeup()>
    │    │            │    └ <member '_callback' of 'Handle' objects>
    │    │            └ <Handle Task.task_wakeup()>
    │    └ <member '_context' of 'Handle' objects>
    └ <Handle Task.task_wakeup()>
  File "E:\vbenspace\vben-python\.venv\Lib\site-packages\uvicorn\protocols\http\httptools_impl.py", line 409, in run_asgi
    result = await app(  # type: ignore[func-returns-value]
                   └ <uvicorn.middleware.proxy_headers.ProxyHeadersMiddleware object at 0x000001A0141A7620>
  File "E:\vbenspace\vben-python\.venv\Lib\site-packages\uvicorn\middleware\proxy_headers.py", line 60, in __call__
    return await self.app(scope, receive, send)
                 │    │   │      │        └ <bound method RequestResponseCycle.send of <uvicorn.protocols.http.httptools_impl.RequestResponseCycle object at 0x000001A014...
                 │    │   │      └ <bound method RequestResponseCycle.receive of <uvicorn.protocols.http.httptools_impl.RequestResponseCycle object at 0x000001A...
                 │    │   └ {'type': 'http', 'asgi': {'version': '3.0', 'spec_version': '2.3'}, 'http_version': '1.1', 'server': ('127.0.0.1', 8080), 'cl...
                 │    └ <fastapi.applications.FastAPI object at 0x000001A0140D5160>
                 └ <uvicorn.middleware.proxy_headers.ProxyHeadersMiddleware object at 0x000001A0141A7620>
  File "E:\vbenspace\vben-python\.venv\Lib\site-packages\fastapi\applications.py", line 1134, in __call__
    await super().__call__(scope, receive, send)
                           │      │        └ <bound method RequestResponseCycle.send of <uvicorn.protocols.http.httptools_impl.RequestResponseCycle object at 0x000001A014...
                           │      └ <bound method RequestResponseCycle.receive of <uvicorn.protocols.http.httptools_impl.RequestResponseCycle object at 0x000001A...
                           └ {'type': 'http', 'asgi': {'version': '3.0', 'spec_version': '2.3'}, 'http_version': '1.1', 'server': ('127.0.0.1', 8080), 'cl...
  File "E:\vbenspace\vben-python\.venv\Lib\site-packages\starlette\applications.py", line 113, in __call__
    await self.middleware_stack(scope, receive, send)
          │    │                │      │        └ <bound method RequestResponseCycle.send of <uvicorn.protocols.http.httptools_impl.RequestResponseCycle object at 0x000001A014...
          │    │                │      └ <bound method RequestResponseCycle.receive of <uvicorn.protocols.http.httptools_impl.RequestResponseCycle object at 0x000001A...
          │    │                └ {'type': 'http', 'asgi': {'version': '3.0', 'spec_version': '2.3'}, 'http_version': '1.1', 'server': ('127.0.0.1', 8080), 'cl...
          │    └ <starlette.middleware.errors.ServerErrorMiddleware object at 0x000001A0142A8590>
          └ <fastapi.applications.FastAPI object at 0x000001A0140D5160>
> File "E:\vbenspace\vben-python\.venv\Lib\site-packages\starlette\middleware\errors.py", line 164, in __call__
    await self.app(scope, receive, _send)
          │    │   │      │        └ <function ServerErrorMiddleware.__call__.<locals>._send at 0x000001A0143C0EB0>
          │    │   │      └ <bound method RequestResponseCycle.receive of <uvicorn.protocols.http.httptools_impl.RequestResponseCycle object at 0x000001A...
          │    │   └ {'type': 'http', 'asgi': {'version': '3.0', 'spec_version': '2.3'}, 'http_version': '1.1', 'server': ('127.0.0.1', 8080), 'cl...
          │    └ <middlewares.trace_middleware.middle.TraceASGIMiddleware object at 0x000001A0142A8440>
          └ <starlette.middleware.errors.ServerErrorMiddleware object at 0x000001A0142A8590>

  File "E:\vbenspace\vben-python\middlewares\trace_middleware\middle.py", line 47, in __call__
    await self.app(scope, handle_outgoing_receive, handle_outgoing_request)
          │    │   │      │                        └ <function TraceASGIMiddleware.__call__.<locals>.handle_outgoing_request at 0x000001A0143C1010>
          │    │   │      └ <function RequestResponseCycle.receive at 0x000001A0143C0E00>
          │    │   └ {'type': 'http', 'asgi': {'version': '3.0', 'spec_version': '2.3'}, 'http_version': '1.1', 'server': ('127.0.0.1', 8080), 'cl...
          │    └ <starlette.middleware.gzip.GZipMiddleware object at 0x000001A0142A82F0>
          └ <middlewares.trace_middleware.middle.TraceASGIMiddleware object at 0x000001A0142A8440>

  File "E:\vbenspace\vben-python\.venv\Lib\site-packages\starlette\middleware\gzip.py", line 29, in __call__
    await responder(scope, receive, send)
          │         │      │        └ <function TraceASGIMiddleware.__call__.<locals>.handle_outgoing_request at 0x000001A0143C1010>
          │         │      └ <function RequestResponseCycle.receive at 0x000001A0143C0E00>
          │         └ {'type': 'http', 'asgi': {'version': '3.0', 'spec_version': '2.3'}, 'http_version': '1.1', 'server': ('127.0.0.1', 8080), 'cl...
          └ <starlette.middleware.gzip.GZipResponder object at 0x000001A0143BA990>
  File "E:\vbenspace\vben-python\.venv\Lib\site-packages\starlette\middleware\gzip.py", line 130, in __call__
    await super().__call__(scope, receive, send)
                           │      │        └ <function TraceASGIMiddleware.__call__.<locals>.handle_outgoing_request at 0x000001A0143C1010>
                           │      └ <function RequestResponseCycle.receive at 0x000001A0143C0E00>
                           └ {'type': 'http', 'asgi': {'version': '3.0', 'spec_version': '2.3'}, 'http_version': '1.1', 'server': ('127.0.0.1', 8080), 'cl...
  File "E:\vbenspace\vben-python\.venv\Lib\site-packages\starlette\middleware\gzip.py", line 46, in __call__
    await self.app(scope, receive, self.send_with_compression)
          │    │   │      │        │    └ <function IdentityResponder.send_with_compression at 0x000001A013893690>
          │    │   │      │        └ <starlette.middleware.gzip.GZipResponder object at 0x000001A0143BA990>
          │    │   │      └ <function RequestResponseCycle.receive at 0x000001A0143C0E00>
          │    │   └ {'type': 'http', 'asgi': {'version': '3.0', 'spec_version': '2.3'}, 'http_version': '1.1', 'server': ('127.0.0.1', 8080), 'cl...
          │    └ <starlette.middleware.cors.CORSMiddleware object at 0x000001A0142A81A0>
          └ <starlette.middleware.gzip.GZipResponder object at 0x000001A0143BA990>
  File "E:\vbenspace\vben-python\.venv\Lib\site-packages\starlette\middleware\cors.py", line 93, in __call__
    await self.simple_response(scope, receive, send, request_headers=headers)
          │    │               │      │        │                     └ Headers({'host': 'localhost:8080', 'connection': 'close', 'content-length': '301', 'sec-ch-ua-platform': '"Windows"', 'author...
          │    │               │      │        └ <bound method IdentityResponder.send_with_compression of <starlette.middleware.gzip.GZipResponder object at 0x000001A0143BA990>>
          │    │               │      └ <function RequestResponseCycle.receive at 0x000001A0143C0E00>
          │    │               └ {'type': 'http', 'asgi': {'version': '3.0', 'spec_version': '2.3'}, 'http_version': '1.1', 'server': ('127.0.0.1', 8080), 'cl...
          │    └ <function CORSMiddleware.simple_response at 0x000001A013892C40>
          └ <starlette.middleware.cors.CORSMiddleware object at 0x000001A0142A81A0>
  File "E:\vbenspace\vben-python\.venv\Lib\site-packages\starlette\middleware\cors.py", line 144, in simple_response
    await self.app(scope, receive, send)
          │    │   │      │        └ functools.partial(<bound method CORSMiddleware.send of <starlette.middleware.cors.CORSMiddleware object at 0x000001A0142A81A0...
          │    │   │      └ <function RequestResponseCycle.receive at 0x000001A0143C0E00>
          │    │   └ {'type': 'http', 'asgi': {'version': '3.0', 'spec_version': '2.3'}, 'http_version': '1.1', 'server': ('127.0.0.1', 8080), 'cl...
          │    └ <starlette.middleware.exceptions.ExceptionMiddleware object at 0x000001A0142A8050>
          └ <starlette.middleware.cors.CORSMiddleware object at 0x000001A0142A81A0>
  File "E:\vbenspace\vben-python\.venv\Lib\site-packages\starlette\middleware\exceptions.py", line 63, in __call__
    await wrap_app_handling_exceptions(self.app, conn)(scope, receive, send)
          │                            │    │    │     │      │        └ functools.partial(<bound method CORSMiddleware.send of <starlette.middleware.cors.CORSMiddleware object at 0x000001A0142A81A0...
          │                            │    │    │     │      └ <function RequestResponseCycle.receive at 0x000001A0143C0E00>
          │                            │    │    │     └ {'type': 'http', 'asgi': {'version': '3.0', 'spec_version': '2.3'}, 'http_version': '1.1', 'server': ('127.0.0.1', 8080), 'cl...
          │                            │    │    └ <starlette.requests.Request object at 0x000001A0143C07E0>
          │                            │    └ <fastapi.middleware.asyncexitstack.AsyncExitStackMiddleware object at 0x000001A0141A7E00>
          │                            └ <starlette.middleware.exceptions.ExceptionMiddleware object at 0x000001A0142A8050>
          └ <function wrap_app_handling_exceptions at 0x000001A0704B38A0>
  File "E:\vbenspace\vben-python\.venv\Lib\site-packages\starlette\_exception_handler.py", line 53, in wrapped_app
    raise exc
  File "E:\vbenspace\vben-python\.venv\Lib\site-packages\starlette\_exception_handler.py", line 42, in wrapped_app
    await app(scope, receive, sender)
          │   │      │        └ <function wrap_app_handling_exceptions.<locals>.wrapped_app.<locals>.sender at 0x000001A01451C0F0>
          │   │      └ <function RequestResponseCycle.receive at 0x000001A0143C0E00>
          │   └ {'type': 'http', 'asgi': {'version': '3.0', 'spec_version': '2.3'}, 'http_version': '1.1', 'server': ('127.0.0.1', 8080), 'cl...
          └ <fastapi.middleware.asyncexitstack.AsyncExitStackMiddleware object at 0x000001A0141A7E00>
  File "E:\vbenspace\vben-python\.venv\Lib\site-packages\fastapi\middleware\asyncexitstack.py", line 18, in __call__
    await self.app(scope, receive, send)
          │    │   │      │        └ <function wrap_app_handling_exceptions.<locals>.wrapped_app.<locals>.sender at 0x000001A01451C0F0>
          │    │   │      └ <function RequestResponseCycle.receive at 0x000001A0143C0E00>
          │    │   └ {'type': 'http', 'asgi': {'version': '3.0', 'spec_version': '2.3'}, 'http_version': '1.1', 'server': ('127.0.0.1', 8080), 'cl...
          │    └ <fastapi.routing.APIRouter object at 0x000001A014120140>
          └ <fastapi.middleware.asyncexitstack.AsyncExitStackMiddleware object at 0x000001A0141A7E00>
  File "E:\vbenspace\vben-python\.venv\Lib\site-packages\starlette\routing.py", line 716, in __call__
    await self.middleware_stack(scope, receive, send)
          │    │                │      │        └ <function wrap_app_handling_exceptions.<locals>.wrapped_app.<locals>.sender at 0x000001A01451C0F0>
          │    │                │      └ <function RequestResponseCycle.receive at 0x000001A0143C0E00>
          │    │                └ {'type': 'http', 'asgi': {'version': '3.0', 'spec_version': '2.3'}, 'http_version': '1.1', 'server': ('127.0.0.1', 8080), 'cl...
          │    └ <bound method Router.app of <fastapi.routing.APIRouter object at 0x000001A014120140>>
          └ <fastapi.routing.APIRouter object at 0x000001A014120140>
  File "E:\vbenspace\vben-python\.venv\Lib\site-packages\starlette\routing.py", line 736, in app
    await route.handle(scope, receive, send)
          │     │      │      │        └ <function wrap_app_handling_exceptions.<locals>.wrapped_app.<locals>.sender at 0x000001A01451C0F0>
          │     │      │      └ <function RequestResponseCycle.receive at 0x000001A0143C0E00>
          │     │      └ {'type': 'http', 'asgi': {'version': '3.0', 'spec_version': '2.3'}, 'http_version': '1.1', 'server': ('127.0.0.1', 8080), 'cl...
          │     └ <function Route.handle at 0x000001A0704D6560>
          └ APIRoute(path='/sys/org/dept', name='put', methods=['PUT'])
  File "E:\vbenspace\vben-python\.venv\Lib\site-packages\starlette\routing.py", line 290, in handle
    await self.app(scope, receive, send)
          │    │   │      │        └ <function wrap_app_handling_exceptions.<locals>.wrapped_app.<locals>.sender at 0x000001A01451C0F0>
          │    │   │      └ <function RequestResponseCycle.receive at 0x000001A0143C0E00>
          │    │   └ {'type': 'http', 'asgi': {'version': '3.0', 'spec_version': '2.3'}, 'http_version': '1.1', 'server': ('127.0.0.1', 8080), 'cl...
          │    └ <function request_response.<locals>.app at 0x000001A0141356F0>
          └ APIRoute(path='/sys/org/dept', name='put', methods=['PUT'])
  File "E:\vbenspace\vben-python\.venv\Lib\site-packages\fastapi\routing.py", line 124, in app
    await wrap_app_handling_exceptions(app, request)(scope, receive, send)
          │                            │    │        │      │        └ <function wrap_app_handling_exceptions.<locals>.wrapped_app.<locals>.sender at 0x000001A01451C0F0>
          │                            │    │        │      └ <function RequestResponseCycle.receive at 0x000001A0143C0E00>
          │                            │    │        └ {'type': 'http', 'asgi': {'version': '3.0', 'spec_version': '2.3'}, 'http_version': '1.1', 'server': ('127.0.0.1', 8080), 'cl...
          │                            │    └ <starlette.requests.Request object at 0x000001A01451C050>
          │                            └ <function request_response.<locals>.app.<locals>.app at 0x000001A01451C250>
          └ <function wrap_app_handling_exceptions at 0x000001A0704B38A0>
  File "E:\vbenspace\vben-python\.venv\Lib\site-packages\starlette\_exception_handler.py", line 53, in wrapped_app
    raise exc
  File "E:\vbenspace\vben-python\.venv\Lib\site-packages\starlette\_exception_handler.py", line 42, in wrapped_app
    await app(scope, receive, sender)
          │   │      │        └ <function wrap_app_handling_exceptions.<locals>.wrapped_app.<locals>.sender at 0x000001A01451C5C0>
          │   │      └ <function RequestResponseCycle.receive at 0x000001A0143C0E00>
          │   └ {'type': 'http', 'asgi': {'version': '3.0', 'spec_version': '2.3'}, 'http_version': '1.1', 'server': ('127.0.0.1', 8080), 'cl...
          └ <function request_response.<locals>.app.<locals>.app at 0x000001A01451C250>
  File "E:\vbenspace\vben-python\.venv\Lib\site-packages\fastapi\routing.py", line 110, in app
    response = await f(request)
                     │ └ <starlette.requests.Request object at 0x000001A01451C050>
                     └ <function get_request_handler.<locals>.app at 0x000001A014135640>
  File "E:\vbenspace\vben-python\.venv\Lib\site-packages\fastapi\routing.py", line 390, in app
    raw_response = await run_endpoint_function(
                         └ <function run_endpoint_function at 0x000001A0704DACF0>
  File "E:\vbenspace\vben-python\.venv\Lib\site-packages\fastapi\routing.py", line 289, in run_endpoint_function
    return await dependant.call(**values)
                 │         │      └ {'service': <modules.base.sys.org.dept.service.SysOrgDeptService object at 0x000001A0143AA450>, 'bo': DeptBo(id='d19855808397...
                 │         └ <function put at 0x000001A013909220>
                 └ Dependant(path_params=[], query_params=[], header_params=[], cookie_params=[], body_params=[ModelField(field_info=Body(Pydant...

  File "E:\vbenspace\vben-python\modules\base\sys\org\dept\router.py", line 72, in put
    await service.update(bo.model_dump(exclude_unset=True))
          │       │      │  └ <function BaseModel.model_dump at 0x000001A07012AAE0>
          │       │      └ DeptBo(id='d1985580839735529472', name='333', pid=None, type=8, tier='d1985579339772727296_d1985579450569461760_d198558083973...
          │       └ <function SysOrgDeptService.update at 0x000001A0138A7060>
          └ <modules.base.sys.org.dept.service.SysOrgDeptService object at 0x000001A0143AA450>

  File "E:\vbenspace\vben-python\modules\base\sys\org\dept\service.py", line 37, in update
    if not main_dict['pid']:
           └ {'id': 'd1985580839735529472', 'name': '333', 'type': 8, 'tier': 'd1985579339772727296_d1985579450569461760_d1985580839735529...

KeyError: 'pid'
2025-11-04 13:39:38.932 |  | INFO     | config.get_redis:close_redis_pool:55 - ✅️ 关闭redis连接成功
2025-11-04 13:39:38.934 |  | INFO     | config.get_scheduler:close_system_scheduler:152 - ✅️ 关闭定时任务成功
2025-11-04 13:39:55.391 |  | INFO     | server:lifespan:46 - ⏰️ RuoYi-FastAPI开始启动
2025-11-04 13:39:55.392 |  | INFO     | config.get_db:init_create_table:21 - 🔎 初始化数据库连接...
2025-11-04 13:39:55.439 |  | INFO     | config.get_db:init_create_table:24 - ✅️ 数据库连接成功
2025-11-04 13:39:55.439 |  | INFO     | config.get_redis:create_redis_pool:22 - 🔎 开始连接redis...
2025-11-04 13:39:55.443 |  | INFO     | config.get_redis:create_redis_pool:35 - ✅️ redis连接成功
2025-11-04 13:39:55.605 |  | INFO     | config.get_scheduler:init_system_scheduler:134 - 🔎 开始启动定时任务...
2025-11-04 13:39:55.658 |  | INFO     | config.get_scheduler:init_system_scheduler:142 - ✅️ 系统初始定时任务加载成功
2025-11-04 13:39:55.658 |  | INFO     | server:lifespan:53 - 🚀 RuoYi-FastAPI启动成功
2025-11-04 13:40:09.798 | 65eb83e2d036413f998d8cadf2525168 | ERROR    | exceptions.handle:exception_handler:70 - 'pid'
Traceback (most recent call last):

  File "<string>", line 1, in <module>
  File "D:\dev\python\Lib\multiprocessing\spawn.py", line 122, in spawn_main
    exitcode = _main(fd, parent_sentinel)
               │     │   └ 788
               │     └ 3
               └ <function _main at 0x0000029638F70720>
  File "D:\dev\python\Lib\multiprocessing\spawn.py", line 135, in _main
    return self._bootstrap(parent_sentinel)
           │    │          └ 788
           │    └ <function BaseProcess._bootstrap at 0x00000296386DEE50>
           └ <SpawnProcess name='SpawnProcess-1' parent=16612 started>
  File "D:\dev\python\Lib\multiprocessing\process.py", line 320, in _bootstrap
    self.run()
    │    └ <function BaseProcess.run at 0x00000296386DE1F0>
    └ <SpawnProcess name='SpawnProcess-1' parent=16612 started>
  File "D:\dev\python\Lib\multiprocessing\process.py", line 108, in run
    self._target(*self._args, **self._kwargs)
    │    │        │    │        │    └ {'config': <uvicorn.config.Config object at 0x000002963868E900>, 'target': <bound method Server.run of <uvicorn.server.Server...
    │    │        │    │        └ <SpawnProcess name='SpawnProcess-1' parent=16612 started>
    │    │        │    └ ()
    │    │        └ <SpawnProcess name='SpawnProcess-1' parent=16612 started>
    │    └ <function subprocess_started at 0x00000296391C1D20>
    └ <SpawnProcess name='SpawnProcess-1' parent=16612 started>
  File "E:\vbenspace\vben-python\.venv\Lib\site-packages\uvicorn\_subprocess.py", line 80, in subprocess_started
    target(sockets=sockets)
    │              └ [<socket.socket fd=972, family=2, type=1, proto=6, laddr=('0.0.0.0', 8080)>]
    └ <bound method Server.run of <uvicorn.server.Server object at 0x000002963868EBA0>>
  File "E:\vbenspace\vben-python\.venv\Lib\site-packages\uvicorn\server.py", line 67, in run
    return asyncio_run(self.serve(sockets=sockets), loop_factory=self.config.get_loop_factory())
           │           │    │             │                      │    │      └ <function Config.get_loop_factory at 0x00000296391A45C0>
           │           │    │             │                      │    └ <uvicorn.config.Config object at 0x000002963868E900>
           │           │    │             │                      └ <uvicorn.server.Server object at 0x000002963868EBA0>
           │           │    │             └ [<socket.socket fd=972, family=2, type=1, proto=6, laddr=('0.0.0.0', 8080)>]
           │           │    └ <function Server.serve at 0x00000296391A50C0>
           │           └ <uvicorn.server.Server object at 0x000002963868EBA0>
           └ <function run at 0x000002963860F950>
  File "D:\dev\python\Lib\asyncio\runners.py", line 204, in run
    return runner.run(main)
           │      │   └ <coroutine object Server.serve at 0x00000296386F0220>
           │      └ <function Runner.run at 0x000002963860FD70>
           └ <asyncio.runners.Runner object at 0x000002965D571950>
  File "D:\dev\python\Lib\asyncio\runners.py", line 127, in run
    return self._loop.run_until_complete(task)
           │    │     │                  └ <Task pending name='Task-1' coro=<Server.serve() running at E:\vbenspace\vben-python\.venv\Lib\site-packages\uvicorn\server.p...
           │    │     └ <function BaseEventLoop.run_until_complete at 0x000002963860C250>
           │    └ <_WindowsSelectorEventLoop running=True closed=False debug=False>
           └ <asyncio.runners.Runner object at 0x000002965D571950>
  File "D:\dev\python\Lib\asyncio\base_events.py", line 706, in run_until_complete
    self.run_forever()
    │    └ <function BaseEventLoop.run_forever at 0x000002963860C1A0>
    └ <_WindowsSelectorEventLoop running=True closed=False debug=False>
  File "D:\dev\python\Lib\asyncio\base_events.py", line 677, in run_forever
    self._run_once()
    │    └ <function BaseEventLoop._run_once at 0x000002963860E2A0>
    └ <_WindowsSelectorEventLoop running=True closed=False debug=False>
  File "D:\dev\python\Lib\asyncio\base_events.py", line 2046, in _run_once
    handle._run()
    │      └ <function Handle._run at 0x0000029638582770>
    └ <Handle Task.task_wakeup()>
  File "D:\dev\python\Lib\asyncio\events.py", line 94, in _run
    self._context.run(self._callback, *self._args)
    │    │            │    │           │    └ <member '_args' of 'Handle' objects>
    │    │            │    │           └ <Handle Task.task_wakeup()>
    │    │            │    └ <member '_callback' of 'Handle' objects>
    │    │            └ <Handle Task.task_wakeup()>
    │    └ <member '_context' of 'Handle' objects>
    └ <Handle Task.task_wakeup()>
  File "E:\vbenspace\vben-python\.venv\Lib\site-packages\uvicorn\protocols\http\httptools_impl.py", line 409, in run_asgi
    result = await app(  # type: ignore[func-returns-value]
                   └ <uvicorn.middleware.proxy_headers.ProxyHeadersMiddleware object at 0x000002965D64DFD0>
  File "E:\vbenspace\vben-python\.venv\Lib\site-packages\uvicorn\middleware\proxy_headers.py", line 60, in __call__
    return await self.app(scope, receive, send)
                 │    │   │      │        └ <bound method RequestResponseCycle.send of <uvicorn.protocols.http.httptools_impl.RequestResponseCycle object at 0x000002965D...
                 │    │   │      └ <bound method RequestResponseCycle.receive of <uvicorn.protocols.http.httptools_impl.RequestResponseCycle object at 0x0000029...
                 │    │   └ {'type': 'http', 'asgi': {'version': '3.0', 'spec_version': '2.3'}, 'http_version': '1.1', 'server': ('127.0.0.1', 8080), 'cl...
                 │    └ <fastapi.applications.FastAPI object at 0x000002965D4D3B60>
                 └ <uvicorn.middleware.proxy_headers.ProxyHeadersMiddleware object at 0x000002965D64DFD0>
  File "E:\vbenspace\vben-python\.venv\Lib\site-packages\fastapi\applications.py", line 1134, in __call__
    await super().__call__(scope, receive, send)
                           │      │        └ <bound method RequestResponseCycle.send of <uvicorn.protocols.http.httptools_impl.RequestResponseCycle object at 0x000002965D...
                           │      └ <bound method RequestResponseCycle.receive of <uvicorn.protocols.http.httptools_impl.RequestResponseCycle object at 0x0000029...
                           └ {'type': 'http', 'asgi': {'version': '3.0', 'spec_version': '2.3'}, 'http_version': '1.1', 'server': ('127.0.0.1', 8080), 'cl...
  File "E:\vbenspace\vben-python\.venv\Lib\site-packages\starlette\applications.py", line 113, in __call__
    await self.middleware_stack(scope, receive, send)
          │    │                │      │        └ <bound method RequestResponseCycle.send of <uvicorn.protocols.http.httptools_impl.RequestResponseCycle object at 0x000002965D...
          │    │                │      └ <bound method RequestResponseCycle.receive of <uvicorn.protocols.http.httptools_impl.RequestResponseCycle object at 0x0000029...
          │    │                └ {'type': 'http', 'asgi': {'version': '3.0', 'spec_version': '2.3'}, 'http_version': '1.1', 'server': ('127.0.0.1', 8080), 'cl...
          │    └ <starlette.middleware.errors.ServerErrorMiddleware object at 0x000002965D64EF90>
          └ <fastapi.applications.FastAPI object at 0x000002965D4D3B60>
> File "E:\vbenspace\vben-python\.venv\Lib\site-packages\starlette\middleware\errors.py", line 164, in __call__
    await self.app(scope, receive, _send)
          │    │   │      │        └ <function ServerErrorMiddleware.__call__.<locals>._send at 0x000002965D80CF60>
          │    │   │      └ <bound method RequestResponseCycle.receive of <uvicorn.protocols.http.httptools_impl.RequestResponseCycle object at 0x0000029...
          │    │   └ {'type': 'http', 'asgi': {'version': '3.0', 'spec_version': '2.3'}, 'http_version': '1.1', 'server': ('127.0.0.1', 8080), 'cl...
          │    └ <middlewares.trace_middleware.middle.TraceASGIMiddleware object at 0x000002965D64EE40>
          └ <starlette.middleware.errors.ServerErrorMiddleware object at 0x000002965D64EF90>

  File "E:\vbenspace\vben-python\middlewares\trace_middleware\middle.py", line 47, in __call__
    await self.app(scope, handle_outgoing_receive, handle_outgoing_request)
          │    │   │      │                        └ <function TraceASGIMiddleware.__call__.<locals>.handle_outgoing_request at 0x000002965D80D170>
          │    │   │      └ <function RequestResponseCycle.receive at 0x000002965D80DE80>
          │    │   └ {'type': 'http', 'asgi': {'version': '3.0', 'spec_version': '2.3'}, 'http_version': '1.1', 'server': ('127.0.0.1', 8080), 'cl...
          │    └ <starlette.middleware.gzip.GZipMiddleware object at 0x000002965D64ECF0>
          └ <middlewares.trace_middleware.middle.TraceASGIMiddleware object at 0x000002965D64EE40>

  File "E:\vbenspace\vben-python\.venv\Lib\site-packages\starlette\middleware\gzip.py", line 29, in __call__
    await responder(scope, receive, send)
          │         │      │        └ <function TraceASGIMiddleware.__call__.<locals>.handle_outgoing_request at 0x000002965D80D170>
          │         │      └ <function RequestResponseCycle.receive at 0x000002965D80DE80>
          │         └ {'type': 'http', 'asgi': {'version': '3.0', 'spec_version': '2.3'}, 'http_version': '1.1', 'server': ('127.0.0.1', 8080), 'cl...
          └ <starlette.middleware.gzip.GZipResponder object at 0x000002965D732660>
  File "E:\vbenspace\vben-python\.venv\Lib\site-packages\starlette\middleware\gzip.py", line 130, in __call__
    await super().__call__(scope, receive, send)
                           │      │        └ <function TraceASGIMiddleware.__call__.<locals>.handle_outgoing_request at 0x000002965D80D170>
                           │      └ <function RequestResponseCycle.receive at 0x000002965D80DE80>
                           └ {'type': 'http', 'asgi': {'version': '3.0', 'spec_version': '2.3'}, 'http_version': '1.1', 'server': ('127.0.0.1', 8080), 'cl...
  File "E:\vbenspace\vben-python\.venv\Lib\site-packages\starlette\middleware\gzip.py", line 46, in __call__
    await self.app(scope, receive, self.send_with_compression)
          │    │   │      │        │    └ <function IdentityResponder.send_with_compression at 0x000002965D0BC670>
          │    │   │      │        └ <starlette.middleware.gzip.GZipResponder object at 0x000002965D732660>
          │    │   │      └ <function RequestResponseCycle.receive at 0x000002965D80DE80>
          │    │   └ {'type': 'http', 'asgi': {'version': '3.0', 'spec_version': '2.3'}, 'http_version': '1.1', 'server': ('127.0.0.1', 8080), 'cl...
          │    └ <starlette.middleware.cors.CORSMiddleware object at 0x000002965D64EBA0>
          └ <starlette.middleware.gzip.GZipResponder object at 0x000002965D732660>
  File "E:\vbenspace\vben-python\.venv\Lib\site-packages\starlette\middleware\cors.py", line 93, in __call__
    await self.simple_response(scope, receive, send, request_headers=headers)
          │    │               │      │        │                     └ Headers({'host': 'localhost:8080', 'connection': 'close', 'content-length': '301', 'sec-ch-ua-platform': '"Windows"', 'author...
          │    │               │      │        └ <bound method IdentityResponder.send_with_compression of <starlette.middleware.gzip.GZipResponder object at 0x000002965D732660>>
          │    │               │      └ <function RequestResponseCycle.receive at 0x000002965D80DE80>
          │    │               └ {'type': 'http', 'asgi': {'version': '3.0', 'spec_version': '2.3'}, 'http_version': '1.1', 'server': ('127.0.0.1', 8080), 'cl...
          │    └ <function CORSMiddleware.simple_response at 0x000002965D097B60>
          └ <starlette.middleware.cors.CORSMiddleware object at 0x000002965D64EBA0>
  File "E:\vbenspace\vben-python\.venv\Lib\site-packages\starlette\middleware\cors.py", line 144, in simple_response
    await self.app(scope, receive, send)
          │    │   │      │        └ functools.partial(<bound method CORSMiddleware.send of <starlette.middleware.cors.CORSMiddleware object at 0x000002965D64EBA0...
          │    │   │      └ <function RequestResponseCycle.receive at 0x000002965D80DE80>
          │    │   └ {'type': 'http', 'asgi': {'version': '3.0', 'spec_version': '2.3'}, 'http_version': '1.1', 'server': ('127.0.0.1', 8080), 'cl...
          │    └ <starlette.middleware.exceptions.ExceptionMiddleware object at 0x000002965D64EA50>
          └ <starlette.middleware.cors.CORSMiddleware object at 0x000002965D64EBA0>
  File "E:\vbenspace\vben-python\.venv\Lib\site-packages\starlette\middleware\exceptions.py", line 63, in __call__
    await wrap_app_handling_exceptions(self.app, conn)(scope, receive, send)
          │                            │    │    │     │      │        └ functools.partial(<bound method CORSMiddleware.send of <starlette.middleware.cors.CORSMiddleware object at 0x000002965D64EBA0...
          │                            │    │    │     │      └ <function RequestResponseCycle.receive at 0x000002965D80DE80>
          │                            │    │    │     └ {'type': 'http', 'asgi': {'version': '3.0', 'spec_version': '2.3'}, 'http_version': '1.1', 'server': ('127.0.0.1', 8080), 'cl...
          │                            │    │    └ <starlette.requests.Request object at 0x000002965D7327B0>
          │                            │    └ <fastapi.middleware.asyncexitstack.AsyncExitStackMiddleware object at 0x000002965D64E900>
          │                            └ <starlette.middleware.exceptions.ExceptionMiddleware object at 0x000002965D64EA50>
          └ <function wrap_app_handling_exceptions at 0x0000029639AE62A0>
  File "E:\vbenspace\vben-python\.venv\Lib\site-packages\starlette\_exception_handler.py", line 53, in wrapped_app
    raise exc
  File "E:\vbenspace\vben-python\.venv\Lib\site-packages\starlette\_exception_handler.py", line 42, in wrapped_app
    await app(scope, receive, sender)
          │   │      │        └ <function wrap_app_handling_exceptions.<locals>.wrapped_app.<locals>.sender at 0x000002965D80E2A0>
          │   │      └ <function RequestResponseCycle.receive at 0x000002965D80DE80>
          │   └ {'type': 'http', 'asgi': {'version': '3.0', 'spec_version': '2.3'}, 'http_version': '1.1', 'server': ('127.0.0.1', 8080), 'cl...
          └ <fastapi.middleware.asyncexitstack.AsyncExitStackMiddleware object at 0x000002965D64E900>
  File "E:\vbenspace\vben-python\.venv\Lib\site-packages\fastapi\middleware\asyncexitstack.py", line 18, in __call__
    await self.app(scope, receive, send)
          │    │   │      │        └ <function wrap_app_handling_exceptions.<locals>.wrapped_app.<locals>.sender at 0x000002965D80E2A0>
          │    │   │      └ <function RequestResponseCycle.receive at 0x000002965D80DE80>
          │    │   └ {'type': 'http', 'asgi': {'version': '3.0', 'spec_version': '2.3'}, 'http_version': '1.1', 'server': ('127.0.0.1', 8080), 'cl...
          │    └ <fastapi.routing.APIRouter object at 0x00000296386F1040>
          └ <fastapi.middleware.asyncexitstack.AsyncExitStackMiddleware object at 0x000002965D64E900>
  File "E:\vbenspace\vben-python\.venv\Lib\site-packages\starlette\routing.py", line 716, in __call__
    await self.middleware_stack(scope, receive, send)
          │    │                │      │        └ <function wrap_app_handling_exceptions.<locals>.wrapped_app.<locals>.sender at 0x000002965D80E2A0>
          │    │                │      └ <function RequestResponseCycle.receive at 0x000002965D80DE80>
          │    │                └ {'type': 'http', 'asgi': {'version': '3.0', 'spec_version': '2.3'}, 'http_version': '1.1', 'server': ('127.0.0.1', 8080), 'cl...
          │    └ <bound method Router.app of <fastapi.routing.APIRouter object at 0x00000296386F1040>>
          └ <fastapi.routing.APIRouter object at 0x00000296386F1040>
  File "E:\vbenspace\vben-python\.venv\Lib\site-packages\starlette\routing.py", line 736, in app
    await route.handle(scope, receive, send)
          │     │      │      │        └ <function wrap_app_handling_exceptions.<locals>.wrapped_app.<locals>.sender at 0x000002965D80E2A0>
          │     │      │      └ <function RequestResponseCycle.receive at 0x000002965D80DE80>
          │     │      └ {'type': 'http', 'asgi': {'version': '3.0', 'spec_version': '2.3'}, 'http_version': '1.1', 'server': ('127.0.0.1', 8080), 'cl...
          │     └ <function Route.handle at 0x0000029639B08F60>
          └ APIRoute(path='/sys/org/dept', name='put', methods=['PUT'])
  File "E:\vbenspace\vben-python\.venv\Lib\site-packages\starlette\routing.py", line 290, in handle
    await self.app(scope, receive, send)
          │    │   │      │        └ <function wrap_app_handling_exceptions.<locals>.wrapped_app.<locals>.sender at 0x000002965D80E2A0>
          │    │   │      └ <function RequestResponseCycle.receive at 0x000002965D80DE80>
          │    │   └ {'type': 'http', 'asgi': {'version': '3.0', 'spec_version': '2.3'}, 'http_version': '1.1', 'server': ('127.0.0.1', 8080), 'cl...
          │    └ <function request_response.<locals>.app at 0x000002965D5B2610>
          └ APIRoute(path='/sys/org/dept', name='put', methods=['PUT'])
  File "E:\vbenspace\vben-python\.venv\Lib\site-packages\fastapi\routing.py", line 124, in app
    await wrap_app_handling_exceptions(app, request)(scope, receive, send)
          │                            │    │        │      │        └ <function wrap_app_handling_exceptions.<locals>.wrapped_app.<locals>.sender at 0x000002965D80E2A0>
          │                            │    │        │      └ <function RequestResponseCycle.receive at 0x000002965D80DE80>
          │                            │    │        └ {'type': 'http', 'asgi': {'version': '3.0', 'spec_version': '2.3'}, 'http_version': '1.1', 'server': ('127.0.0.1', 8080), 'cl...
          │                            │    └ <starlette.requests.Request object at 0x000002965D8302D0>
          │                            └ <function request_response.<locals>.app.<locals>.app at 0x000002965D80E400>
          └ <function wrap_app_handling_exceptions at 0x0000029639AE62A0>
  File "E:\vbenspace\vben-python\.venv\Lib\site-packages\starlette\_exception_handler.py", line 53, in wrapped_app
    raise exc
  File "E:\vbenspace\vben-python\.venv\Lib\site-packages\starlette\_exception_handler.py", line 42, in wrapped_app
    await app(scope, receive, sender)
          │   │      │        └ <function wrap_app_handling_exceptions.<locals>.wrapped_app.<locals>.sender at 0x000002965D80E6C0>
          │   │      └ <function RequestResponseCycle.receive at 0x000002965D80DE80>
          │   └ {'type': 'http', 'asgi': {'version': '3.0', 'spec_version': '2.3'}, 'http_version': '1.1', 'server': ('127.0.0.1', 8080), 'cl...
          └ <function request_response.<locals>.app.<locals>.app at 0x000002965D80E400>
  File "E:\vbenspace\vben-python\.venv\Lib\site-packages\fastapi\routing.py", line 110, in app
    response = await f(request)
                     │ └ <starlette.requests.Request object at 0x000002965D8302D0>
                     └ <function get_request_handler.<locals>.app at 0x000002965D5B2560>
  File "E:\vbenspace\vben-python\.venv\Lib\site-packages\fastapi\routing.py", line 390, in app
    raw_response = await run_endpoint_function(
                         └ <function run_endpoint_function at 0x0000029639B116F0>
  File "E:\vbenspace\vben-python\.venv\Lib\site-packages\fastapi\routing.py", line 289, in run_endpoint_function
    return await dependant.call(**values)
                 │         │      └ {'service': <modules.base.sys.org.dept.service.SysOrgDeptService object at 0x000002965D732CF0>, 'bo': DeptBo(id='d19855808397...
                 │         └ <function put at 0x000002965D11A140>
                 └ Dependant(path_params=[], query_params=[], header_params=[], cookie_params=[], body_params=[ModelField(field_info=Body(Pydant...

  File "E:\vbenspace\vben-python\modules\base\sys\org\dept\router.py", line 72, in put
    await service.update(bo.model_dump(exclude_unset=True))
          │       │      │  └ <function BaseModel.model_dump at 0x00000296397321F0>
          │       │      └ DeptBo(id='d1985580839735529472', name='333', pid=None, type=8, tier='d1985579339772727296_d1985579450569461760_d198558083973...
          │       └ <function SysOrgDeptService.update at 0x000002965D118040>
          └ <modules.base.sys.org.dept.service.SysOrgDeptService object at 0x000002965D732CF0>

  File "E:\vbenspace\vben-python\modules\base\sys\org\dept\service.py", line 37, in update
    if not main_dict['pid']:
           └ {'id': 'd1985580839735529472', 'name': '333', 'type': 8, 'tier': 'd1985579339772727296_d1985579450569461760_d1985580839735529...

KeyError: 'pid'
2025-11-04 13:40:21.546 |  | INFO     | config.get_redis:close_redis_pool:55 - ✅️ 关闭redis连接成功
2025-11-04 13:40:21.547 |  | INFO     | config.get_scheduler:close_system_scheduler:152 - ✅️ 关闭定时任务成功
2025-11-04 13:41:29.991 |  | INFO     | server:lifespan:46 - ⏰️ RuoYi-FastAPI开始启动
2025-11-04 13:41:29.991 |  | INFO     | config.get_db:init_create_table:21 - 🔎 初始化数据库连接...
2025-11-04 13:41:30.018 |  | INFO     | config.get_db:init_create_table:24 - ✅️ 数据库连接成功
2025-11-04 13:41:30.018 |  | INFO     | config.get_redis:create_redis_pool:22 - 🔎 开始连接redis...
2025-11-04 13:41:30.020 |  | INFO     | config.get_redis:create_redis_pool:35 - ✅️ redis连接成功
2025-11-04 13:41:30.034 |  | INFO     | config.get_scheduler:init_system_scheduler:134 - 🔎 开始启动定时任务...
2025-11-04 13:41:30.046 |  | INFO     | config.get_scheduler:init_system_scheduler:142 - ✅️ 系统初始定时任务加载成功
2025-11-04 13:41:30.046 |  | INFO     | server:lifespan:53 - 🚀 RuoYi-FastAPI启动成功
2025-11-04 13:41:57.090 | 902d83357b2d427bac2e68d90a058917 | ERROR    | exceptions.handle:exception_handler:70 - 'dict' object has no attribute 'tier' and no __dict__ for setting new attributes
Traceback (most recent call last):

  File "<string>", line 1, in <module>
  File "D:\dev\python\Lib\multiprocessing\spawn.py", line 122, in spawn_main
    exitcode = _main(fd, parent_sentinel)
               │     │   └ 332
               │     └ 3
               └ <function _main at 0x000001A347448B40>
  File "D:\dev\python\Lib\multiprocessing\spawn.py", line 135, in _main
    return self._bootstrap(parent_sentinel)
           │    │          └ 332
           │    └ <function BaseProcess._bootstrap at 0x000001A347112CF0>
           └ <SpawnProcess name='SpawnProcess-1' parent=11912 started>
  File "D:\dev\python\Lib\multiprocessing\process.py", line 320, in _bootstrap
    self.run()
    │    └ <function BaseProcess.run at 0x000001A347112090>
    └ <SpawnProcess name='SpawnProcess-1' parent=11912 started>
  File "D:\dev\python\Lib\multiprocessing\process.py", line 108, in run
    self._target(*self._args, **self._kwargs)
    │    │        │    │        │    └ {'config': <uvicorn.config.Config object at 0x000001A347400AD0>, 'target': <bound method Server.run of <uvicorn.server.Server...
    │    │        │    │        └ <SpawnProcess name='SpawnProcess-1' parent=11912 started>
    │    │        │    └ ()
    │    │        └ <SpawnProcess name='SpawnProcess-1' parent=11912 started>
    │    └ <function subprocess_started at 0x000001A34978A350>
    └ <SpawnProcess name='SpawnProcess-1' parent=11912 started>
  File "E:\vbenspace\vben-python\.venv\Lib\site-packages\uvicorn\_subprocess.py", line 80, in subprocess_started
    target(sockets=sockets)
    │              └ [<socket.socket fd=672, family=2, type=1, proto=6, laddr=('0.0.0.0', 8080)>]
    └ <bound method Server.run of <uvicorn.server.Server object at 0x000001A36DD27CB0>>
  File "E:\vbenspace\vben-python\.venv\Lib\site-packages\uvicorn\server.py", line 67, in run
    return asyncio_run(self.serve(sockets=sockets), loop_factory=self.config.get_loop_factory())
           │           │    │             │                      │    │      └ <function Config.get_loop_factory at 0x000001A34971A400>
           │           │    │             │                      │    └ <uvicorn.config.Config object at 0x000001A347400AD0>
           │           │    │             │                      └ <uvicorn.server.Server object at 0x000001A36DD27CB0>
           │           │    │             └ [<socket.socket fd=672, family=2, type=1, proto=6, laddr=('0.0.0.0', 8080)>]
           │           │    └ <function Server.serve at 0x000001A349761850>
           │           └ <uvicorn.server.Server object at 0x000001A36DD27CB0>
           └ <function run at 0x000001A3492F8670>
  File "D:\dev\python\Lib\asyncio\runners.py", line 204, in run
    return runner.run(main)
           │      │   └ <coroutine object Server.serve at 0x000001A34C7636A0>
           │      └ <function Runner.run at 0x000001A3492F8A90>
           └ <asyncio.runners.Runner object at 0x000001A36E3CDF90>
  File "D:\dev\python\Lib\asyncio\runners.py", line 127, in run
    return self._loop.run_until_complete(task)
           │    │     │                  └ <Task pending name='Task-1' coro=<Server.serve() running at E:\vbenspace\vben-python\.venv\Lib\site-packages\uvicorn\server.p...
           │    │     └ <function BaseEventLoop.run_until_complete at 0x000001A3492DCEB0>
           │    └ <_WindowsSelectorEventLoop running=True closed=False debug=False>
           └ <asyncio.runners.Runner object at 0x000001A36E3CDF90>
  File "D:\dev\python\Lib\asyncio\base_events.py", line 706, in run_until_complete
    self.run_forever()
    │    └ <function BaseEventLoop.run_forever at 0x000001A3492DCE00>
    └ <_WindowsSelectorEventLoop running=True closed=False debug=False>
  File "D:\dev\python\Lib\asyncio\base_events.py", line 677, in run_forever
    self._run_once()
    │    └ <function BaseEventLoop._run_once at 0x000001A3492DEF00>
    └ <_WindowsSelectorEventLoop running=True closed=False debug=False>
  File "D:\dev\python\Lib\asyncio\base_events.py", line 2046, in _run_once
    handle._run()
    │      └ <function Handle._run at 0x000001A347683530>
    └ <Handle Task.task_wakeup()>
  File "D:\dev\python\Lib\asyncio\events.py", line 94, in _run
    self._context.run(self._callback, *self._args)
    │    │            │    │           │    └ <member '_args' of 'Handle' objects>
    │    │            │    │           └ <Handle Task.task_wakeup()>
    │    │            │    └ <member '_callback' of 'Handle' objects>
    │    │            └ <Handle Task.task_wakeup()>
    │    └ <member '_context' of 'Handle' objects>
    └ <Handle Task.task_wakeup()>
  File "E:\vbenspace\vben-python\.venv\Lib\site-packages\uvicorn\protocols\http\httptools_impl.py", line 409, in run_asgi
    result = await app(  # type: ignore[func-returns-value]
                   └ <uvicorn.middleware.proxy_headers.ProxyHeadersMiddleware object at 0x000001A36E487620>
  File "E:\vbenspace\vben-python\.venv\Lib\site-packages\uvicorn\middleware\proxy_headers.py", line 60, in __call__
    return await self.app(scope, receive, send)
                 │    │   │      │        └ <bound method RequestResponseCycle.send of <uvicorn.protocols.http.httptools_impl.RequestResponseCycle object at 0x000001A36E...
                 │    │   │      └ <bound method RequestResponseCycle.receive of <uvicorn.protocols.http.httptools_impl.RequestResponseCycle object at 0x000001A...
                 │    │   └ {'type': 'http', 'asgi': {'version': '3.0', 'spec_version': '2.3'}, 'http_version': '1.1', 'server': ('127.0.0.1', 8080), 'cl...
                 │    └ <fastapi.applications.FastAPI object at 0x000001A36E3B5160>
                 └ <uvicorn.middleware.proxy_headers.ProxyHeadersMiddleware object at 0x000001A36E487620>
  File "E:\vbenspace\vben-python\.venv\Lib\site-packages\fastapi\applications.py", line 1134, in __call__
    await super().__call__(scope, receive, send)
                           │      │        └ <bound method RequestResponseCycle.send of <uvicorn.protocols.http.httptools_impl.RequestResponseCycle object at 0x000001A36E...
                           │      └ <bound method RequestResponseCycle.receive of <uvicorn.protocols.http.httptools_impl.RequestResponseCycle object at 0x000001A...
                           └ {'type': 'http', 'asgi': {'version': '3.0', 'spec_version': '2.3'}, 'http_version': '1.1', 'server': ('127.0.0.1', 8080), 'cl...
  File "E:\vbenspace\vben-python\.venv\Lib\site-packages\starlette\applications.py", line 113, in __call__
    await self.middleware_stack(scope, receive, send)
          │    │                │      │        └ <bound method RequestResponseCycle.send of <uvicorn.protocols.http.httptools_impl.RequestResponseCycle object at 0x000001A36E...
          │    │                │      └ <bound method RequestResponseCycle.receive of <uvicorn.protocols.http.httptools_impl.RequestResponseCycle object at 0x000001A...
          │    │                └ {'type': 'http', 'asgi': {'version': '3.0', 'spec_version': '2.3'}, 'http_version': '1.1', 'server': ('127.0.0.1', 8080), 'cl...
          │    └ <starlette.middleware.errors.ServerErrorMiddleware object at 0x000001A36E588590>
          └ <fastapi.applications.FastAPI object at 0x000001A36E3B5160>
> File "E:\vbenspace\vben-python\.venv\Lib\site-packages\starlette\middleware\errors.py", line 164, in __call__
    await self.app(scope, receive, _send)
          │    │   │      │        └ <function ServerErrorMiddleware.__call__.<locals>._send at 0x000001A36E641220>
          │    │   │      └ <bound method RequestResponseCycle.receive of <uvicorn.protocols.http.httptools_impl.RequestResponseCycle object at 0x000001A...
          │    │   └ {'type': 'http', 'asgi': {'version': '3.0', 'spec_version': '2.3'}, 'http_version': '1.1', 'server': ('127.0.0.1', 8080), 'cl...
          │    └ <middlewares.trace_middleware.middle.TraceASGIMiddleware object at 0x000001A36E588440>
          └ <starlette.middleware.errors.ServerErrorMiddleware object at 0x000001A36E588590>

  File "E:\vbenspace\vben-python\middlewares\trace_middleware\middle.py", line 47, in __call__
    await self.app(scope, handle_outgoing_receive, handle_outgoing_request)
          │    │   │      │                        └ <function TraceASGIMiddleware.__call__.<locals>.handle_outgoing_request at 0x000001A36E640510>
          │    │   │      └ <function RequestResponseCycle.receive at 0x000001A36E640250>
          │    │   └ {'type': 'http', 'asgi': {'version': '3.0', 'spec_version': '2.3'}, 'http_version': '1.1', 'server': ('127.0.0.1', 8080), 'cl...
          │    └ <starlette.middleware.gzip.GZipMiddleware object at 0x000001A36E5882F0>
          └ <middlewares.trace_middleware.middle.TraceASGIMiddleware object at 0x000001A36E588440>

  File "E:\vbenspace\vben-python\.venv\Lib\site-packages\starlette\middleware\gzip.py", line 29, in __call__
    await responder(scope, receive, send)
          │         │      │        └ <function TraceASGIMiddleware.__call__.<locals>.handle_outgoing_request at 0x000001A36E640510>
          │         │      └ <function RequestResponseCycle.receive at 0x000001A36E640250>
          │         └ {'type': 'http', 'asgi': {'version': '3.0', 'spec_version': '2.3'}, 'http_version': '1.1', 'server': ('127.0.0.1', 8080), 'cl...
          └ <starlette.middleware.gzip.GZipResponder object at 0x000001A36E58BCB0>
  File "E:\vbenspace\vben-python\.venv\Lib\site-packages\starlette\middleware\gzip.py", line 130, in __call__
    await super().__call__(scope, receive, send)
                           │      │        └ <function TraceASGIMiddleware.__call__.<locals>.handle_outgoing_request at 0x000001A36E640510>
                           │      └ <function RequestResponseCycle.receive at 0x000001A36E640250>
                           └ {'type': 'http', 'asgi': {'version': '3.0', 'spec_version': '2.3'}, 'http_version': '1.1', 'server': ('127.0.0.1', 8080), 'cl...
  File "E:\vbenspace\vben-python\.venv\Lib\site-packages\starlette\middleware\gzip.py", line 46, in __call__
    await self.app(scope, receive, self.send_with_compression)
          │    │   │      │        │    └ <function IdentityResponder.send_with_compression at 0x000001A36DC63690>
          │    │   │      │        └ <starlette.middleware.gzip.GZipResponder object at 0x000001A36E58BCB0>
          │    │   │      └ <function RequestResponseCycle.receive at 0x000001A36E640250>
          │    │   └ {'type': 'http', 'asgi': {'version': '3.0', 'spec_version': '2.3'}, 'http_version': '1.1', 'server': ('127.0.0.1', 8080), 'cl...
          │    └ <starlette.middleware.cors.CORSMiddleware object at 0x000001A36E5881A0>
          └ <starlette.middleware.gzip.GZipResponder object at 0x000001A36E58BCB0>
  File "E:\vbenspace\vben-python\.venv\Lib\site-packages\starlette\middleware\cors.py", line 93, in __call__
    await self.simple_response(scope, receive, send, request_headers=headers)
          │    │               │      │        │                     └ Headers({'host': 'localhost:8080', 'connection': 'close', 'content-length': '301', 'sec-ch-ua-platform': '"Windows"', 'author...
          │    │               │      │        └ <bound method IdentityResponder.send_with_compression of <starlette.middleware.gzip.GZipResponder object at 0x000001A36E58BCB0>>
          │    │               │      └ <function RequestResponseCycle.receive at 0x000001A36E640250>
          │    │               └ {'type': 'http', 'asgi': {'version': '3.0', 'spec_version': '2.3'}, 'http_version': '1.1', 'server': ('127.0.0.1', 8080), 'cl...
          │    └ <function CORSMiddleware.simple_response at 0x000001A36DC62C40>
          └ <starlette.middleware.cors.CORSMiddleware object at 0x000001A36E5881A0>
  File "E:\vbenspace\vben-python\.venv\Lib\site-packages\starlette\middleware\cors.py", line 144, in simple_response
    await self.app(scope, receive, send)
          │    │   │      │        └ functools.partial(<bound method CORSMiddleware.send of <starlette.middleware.cors.CORSMiddleware object at 0x000001A36E5881A0...
          │    │   │      └ <function RequestResponseCycle.receive at 0x000001A36E640250>
          │    │   └ {'type': 'http', 'asgi': {'version': '3.0', 'spec_version': '2.3'}, 'http_version': '1.1', 'server': ('127.0.0.1', 8080), 'cl...
          │    └ <starlette.middleware.exceptions.ExceptionMiddleware object at 0x000001A36E588050>
          └ <starlette.middleware.cors.CORSMiddleware object at 0x000001A36E5881A0>
  File "E:\vbenspace\vben-python\.venv\Lib\site-packages\starlette\middleware\exceptions.py", line 63, in __call__
    await wrap_app_handling_exceptions(self.app, conn)(scope, receive, send)
          │                            │    │    │     │      │        └ functools.partial(<bound method CORSMiddleware.send of <starlette.middleware.cors.CORSMiddleware object at 0x000001A36E5881A0...
          │                            │    │    │     │      └ <function RequestResponseCycle.receive at 0x000001A36E640250>
          │                            │    │    │     └ {'type': 'http', 'asgi': {'version': '3.0', 'spec_version': '2.3'}, 'http_version': '1.1', 'server': ('127.0.0.1', 8080), 'cl...
          │                            │    │    └ <starlette.requests.Request object at 0x000001A36E58BE00>
          │                            │    └ <fastapi.middleware.asyncexitstack.AsyncExitStackMiddleware object at 0x000001A36E487E00>
          │                            └ <starlette.middleware.exceptions.ExceptionMiddleware object at 0x000001A36E588050>
          └ <function wrap_app_handling_exceptions at 0x000001A34A9338A0>
  File "E:\vbenspace\vben-python\.venv\Lib\site-packages\starlette\_exception_handler.py", line 53, in wrapped_app
    raise exc
  File "E:\vbenspace\vben-python\.venv\Lib\site-packages\starlette\_exception_handler.py", line 42, in wrapped_app
    await app(scope, receive, sender)
          │   │      │        └ <function wrap_app_handling_exceptions.<locals>.wrapped_app.<locals>.sender at 0x000001A36E641640>
          │   │      └ <function RequestResponseCycle.receive at 0x000001A36E640250>
          │   └ {'type': 'http', 'asgi': {'version': '3.0', 'spec_version': '2.3'}, 'http_version': '1.1', 'server': ('127.0.0.1', 8080), 'cl...
          └ <fastapi.middleware.asyncexitstack.AsyncExitStackMiddleware object at 0x000001A36E487E00>
  File "E:\vbenspace\vben-python\.venv\Lib\site-packages\fastapi\middleware\asyncexitstack.py", line 18, in __call__
    await self.app(scope, receive, send)
          │    │   │      │        └ <function wrap_app_handling_exceptions.<locals>.wrapped_app.<locals>.sender at 0x000001A36E641640>
          │    │   │      └ <function RequestResponseCycle.receive at 0x000001A36E640250>
          │    │   └ {'type': 'http', 'asgi': {'version': '3.0', 'spec_version': '2.3'}, 'http_version': '1.1', 'server': ('127.0.0.1', 8080), 'cl...
          │    └ <fastapi.routing.APIRouter object at 0x000001A36E400140>
          └ <fastapi.middleware.asyncexitstack.AsyncExitStackMiddleware object at 0x000001A36E487E00>
  File "E:\vbenspace\vben-python\.venv\Lib\site-packages\starlette\routing.py", line 716, in __call__
    await self.middleware_stack(scope, receive, send)
          │    │                │      │        └ <function wrap_app_handling_exceptions.<locals>.wrapped_app.<locals>.sender at 0x000001A36E641640>
          │    │                │      └ <function RequestResponseCycle.receive at 0x000001A36E640250>
          │    │                └ {'type': 'http', 'asgi': {'version': '3.0', 'spec_version': '2.3'}, 'http_version': '1.1', 'server': ('127.0.0.1', 8080), 'cl...
          │    └ <bound method Router.app of <fastapi.routing.APIRouter object at 0x000001A36E400140>>
          └ <fastapi.routing.APIRouter object at 0x000001A36E400140>
  File "E:\vbenspace\vben-python\.venv\Lib\site-packages\starlette\routing.py", line 736, in app
    await route.handle(scope, receive, send)
          │     │      │      │        └ <function wrap_app_handling_exceptions.<locals>.wrapped_app.<locals>.sender at 0x000001A36E641640>
          │     │      │      └ <function RequestResponseCycle.receive at 0x000001A36E640250>
          │     │      └ {'type': 'http', 'asgi': {'version': '3.0', 'spec_version': '2.3'}, 'http_version': '1.1', 'server': ('127.0.0.1', 8080), 'cl...
          │     └ <function Route.handle at 0x000001A34A956560>
          └ APIRoute(path='/sys/org/dept', name='put', methods=['PUT'])
  File "E:\vbenspace\vben-python\.venv\Lib\site-packages\starlette\routing.py", line 290, in handle
    await self.app(scope, receive, send)
          │    │   │      │        └ <function wrap_app_handling_exceptions.<locals>.wrapped_app.<locals>.sender at 0x000001A36E641640>
          │    │   │      └ <function RequestResponseCycle.receive at 0x000001A36E640250>
          │    │   └ {'type': 'http', 'asgi': {'version': '3.0', 'spec_version': '2.3'}, 'http_version': '1.1', 'server': ('127.0.0.1', 8080), 'cl...
          │    └ <function request_response.<locals>.app at 0x000001A36E4156F0>
          └ APIRoute(path='/sys/org/dept', name='put', methods=['PUT'])
  File "E:\vbenspace\vben-python\.venv\Lib\site-packages\fastapi\routing.py", line 124, in app
    await wrap_app_handling_exceptions(app, request)(scope, receive, send)
          │                            │    │        │      │        └ <function wrap_app_handling_exceptions.<locals>.wrapped_app.<locals>.sender at 0x000001A36E641640>
          │                            │    │        │      └ <function RequestResponseCycle.receive at 0x000001A36E640250>
          │                            │    │        └ {'type': 'http', 'asgi': {'version': '3.0', 'spec_version': '2.3'}, 'http_version': '1.1', 'server': ('127.0.0.1', 8080), 'cl...
          │                            │    └ <starlette.requests.Request object at 0x000001A36E65C550>
          │                            └ <function request_response.<locals>.app.<locals>.app at 0x000001A36E6417A0>
          └ <function wrap_app_handling_exceptions at 0x000001A34A9338A0>
  File "E:\vbenspace\vben-python\.venv\Lib\site-packages\starlette\_exception_handler.py", line 53, in wrapped_app
    raise exc
  File "E:\vbenspace\vben-python\.venv\Lib\site-packages\starlette\_exception_handler.py", line 42, in wrapped_app
    await app(scope, receive, sender)
          │   │      │        └ <function wrap_app_handling_exceptions.<locals>.wrapped_app.<locals>.sender at 0x000001A36E641A60>
          │   │      └ <function RequestResponseCycle.receive at 0x000001A36E640250>
          │   └ {'type': 'http', 'asgi': {'version': '3.0', 'spec_version': '2.3'}, 'http_version': '1.1', 'server': ('127.0.0.1', 8080), 'cl...
          └ <function request_response.<locals>.app.<locals>.app at 0x000001A36E6417A0>
  File "E:\vbenspace\vben-python\.venv\Lib\site-packages\fastapi\routing.py", line 110, in app
    response = await f(request)
                     │ └ <starlette.requests.Request object at 0x000001A36E65C550>
                     └ <function get_request_handler.<locals>.app at 0x000001A36E415640>
  File "E:\vbenspace\vben-python\.venv\Lib\site-packages\fastapi\routing.py", line 390, in app
    raw_response = await run_endpoint_function(
                         └ <function run_endpoint_function at 0x000001A34A95ACF0>
  File "E:\vbenspace\vben-python\.venv\Lib\site-packages\fastapi\routing.py", line 289, in run_endpoint_function
    return await dependant.call(**values)
                 │         │      └ {'service': <modules.base.sys.org.dept.service.SysOrgDeptService object at 0x000001A36E668440>, 'bo': DeptBo(id='d19855808397...
                 │         └ <function put at 0x000001A36DCD9220>
                 └ Dependant(path_params=[], query_params=[], header_params=[], cookie_params=[], body_params=[ModelField(field_info=Body(Pydant...

  File "E:\vbenspace\vben-python\modules\base\sys\org\dept\router.py", line 72, in put
    await service.update(bo.model_dump())
          │       │      │  └ <function BaseModel.model_dump at 0x000001A34A5AAAE0>
          │       │      └ DeptBo(id='d1985580839735529472', name='333', pid=None, type=8, tier='d1985579339772727296_d1985579450569461760_d198558083973...
          │       └ <function SysOrgDeptService.update at 0x000001A36DC77060>
          └ <modules.base.sys.org.dept.service.SysOrgDeptService object at 0x000001A36E668440>

  File "E:\vbenspace\vben-python\modules\base\sys\org\dept\service.py", line 38, in update
    main_dict.tier = main_dict['id']
    │                └ {'id': 'd1985580839735529472', 'name': '333', 'pid': None, 'type': 8, 'tier': 'd1985579339772727296_d1985579450569461760_d198...
    └ {'id': 'd1985580839735529472', 'name': '333', 'pid': None, 'type': 8, 'tier': 'd1985579339772727296_d1985579450569461760_d198...

AttributeError: 'dict' object has no attribute 'tier' and no __dict__ for setting new attributes
2025-11-04 13:42:03.464 | 85f9760be0c64c2b87833e62d487a8ee | ERROR    | exceptions.handle:exception_handler:70 - 'dict' object has no attribute 'tier' and no __dict__ for setting new attributes
Traceback (most recent call last):

  File "<string>", line 1, in <module>
  File "D:\dev\python\Lib\multiprocessing\spawn.py", line 122, in spawn_main
    exitcode = _main(fd, parent_sentinel)
               │     │   └ 332
               │     └ 3
               └ <function _main at 0x000001A347448B40>
  File "D:\dev\python\Lib\multiprocessing\spawn.py", line 135, in _main
    return self._bootstrap(parent_sentinel)
           │    │          └ 332
           │    └ <function BaseProcess._bootstrap at 0x000001A347112CF0>
           └ <SpawnProcess name='SpawnProcess-1' parent=11912 started>
  File "D:\dev\python\Lib\multiprocessing\process.py", line 320, in _bootstrap
    self.run()
    │    └ <function BaseProcess.run at 0x000001A347112090>
    └ <SpawnProcess name='SpawnProcess-1' parent=11912 started>
  File "D:\dev\python\Lib\multiprocessing\process.py", line 108, in run
    self._target(*self._args, **self._kwargs)
    │    │        │    │        │    └ {'config': <uvicorn.config.Config object at 0x000001A347400AD0>, 'target': <bound method Server.run of <uvicorn.server.Server...
    │    │        │    │        └ <SpawnProcess name='SpawnProcess-1' parent=11912 started>
    │    │        │    └ ()
    │    │        └ <SpawnProcess name='SpawnProcess-1' parent=11912 started>
    │    └ <function subprocess_started at 0x000001A34978A350>
    └ <SpawnProcess name='SpawnProcess-1' parent=11912 started>
  File "E:\vbenspace\vben-python\.venv\Lib\site-packages\uvicorn\_subprocess.py", line 80, in subprocess_started
    target(sockets=sockets)
    │              └ [<socket.socket fd=672, family=2, type=1, proto=6, laddr=('0.0.0.0', 8080)>]
    └ <bound method Server.run of <uvicorn.server.Server object at 0x000001A36DD27CB0>>
  File "E:\vbenspace\vben-python\.venv\Lib\site-packages\uvicorn\server.py", line 67, in run
    return asyncio_run(self.serve(sockets=sockets), loop_factory=self.config.get_loop_factory())
           │           │    │             │                      │    │      └ <function Config.get_loop_factory at 0x000001A34971A400>
           │           │    │             │                      │    └ <uvicorn.config.Config object at 0x000001A347400AD0>
           │           │    │             │                      └ <uvicorn.server.Server object at 0x000001A36DD27CB0>
           │           │    │             └ [<socket.socket fd=672, family=2, type=1, proto=6, laddr=('0.0.0.0', 8080)>]
           │           │    └ <function Server.serve at 0x000001A349761850>
           │           └ <uvicorn.server.Server object at 0x000001A36DD27CB0>
           └ <function run at 0x000001A3492F8670>
  File "D:\dev\python\Lib\asyncio\runners.py", line 204, in run
    return runner.run(main)
           │      │   └ <coroutine object Server.serve at 0x000001A34C7636A0>
           │      └ <function Runner.run at 0x000001A3492F8A90>
           └ <asyncio.runners.Runner object at 0x000001A36E3CDF90>
  File "D:\dev\python\Lib\asyncio\runners.py", line 127, in run
    return self._loop.run_until_complete(task)
           │    │     │                  └ <Task pending name='Task-1' coro=<Server.serve() running at E:\vbenspace\vben-python\.venv\Lib\site-packages\uvicorn\server.p...
           │    │     └ <function BaseEventLoop.run_until_complete at 0x000001A3492DCEB0>
           │    └ <_WindowsSelectorEventLoop running=True closed=False debug=False>
           └ <asyncio.runners.Runner object at 0x000001A36E3CDF90>
  File "D:\dev\python\Lib\asyncio\base_events.py", line 706, in run_until_complete
    self.run_forever()
    │    └ <function BaseEventLoop.run_forever at 0x000001A3492DCE00>
    └ <_WindowsSelectorEventLoop running=True closed=False debug=False>
  File "D:\dev\python\Lib\asyncio\base_events.py", line 677, in run_forever
    self._run_once()
    │    └ <function BaseEventLoop._run_once at 0x000001A3492DEF00>
    └ <_WindowsSelectorEventLoop running=True closed=False debug=False>
  File "D:\dev\python\Lib\asyncio\base_events.py", line 2046, in _run_once
    handle._run()
    │      └ <function Handle._run at 0x000001A347683530>
    └ <Handle Task.task_wakeup()>
  File "D:\dev\python\Lib\asyncio\events.py", line 94, in _run
    self._context.run(self._callback, *self._args)
    │    │            │    │           │    └ <member '_args' of 'Handle' objects>
    │    │            │    │           └ <Handle Task.task_wakeup()>
    │    │            │    └ <member '_callback' of 'Handle' objects>
    │    │            └ <Handle Task.task_wakeup()>
    │    └ <member '_context' of 'Handle' objects>
    └ <Handle Task.task_wakeup()>
  File "E:\vbenspace\vben-python\.venv\Lib\site-packages\uvicorn\protocols\http\httptools_impl.py", line 409, in run_asgi
    result = await app(  # type: ignore[func-returns-value]
                   └ <uvicorn.middleware.proxy_headers.ProxyHeadersMiddleware object at 0x000001A36E487620>
  File "E:\vbenspace\vben-python\.venv\Lib\site-packages\uvicorn\middleware\proxy_headers.py", line 60, in __call__
    return await self.app(scope, receive, send)
                 │    │   │      │        └ <bound method RequestResponseCycle.send of <uvicorn.protocols.http.httptools_impl.RequestResponseCycle object at 0x000001A36E...
                 │    │   │      └ <bound method RequestResponseCycle.receive of <uvicorn.protocols.http.httptools_impl.RequestResponseCycle object at 0x000001A...
                 │    │   └ {'type': 'http', 'asgi': {'version': '3.0', 'spec_version': '2.3'}, 'http_version': '1.1', 'server': ('127.0.0.1', 8080), 'cl...
                 │    └ <fastapi.applications.FastAPI object at 0x000001A36E3B5160>
                 └ <uvicorn.middleware.proxy_headers.ProxyHeadersMiddleware object at 0x000001A36E487620>
  File "E:\vbenspace\vben-python\.venv\Lib\site-packages\fastapi\applications.py", line 1134, in __call__
    await super().__call__(scope, receive, send)
                           │      │        └ <bound method RequestResponseCycle.send of <uvicorn.protocols.http.httptools_impl.RequestResponseCycle object at 0x000001A36E...
                           │      └ <bound method RequestResponseCycle.receive of <uvicorn.protocols.http.httptools_impl.RequestResponseCycle object at 0x000001A...
                           └ {'type': 'http', 'asgi': {'version': '3.0', 'spec_version': '2.3'}, 'http_version': '1.1', 'server': ('127.0.0.1', 8080), 'cl...
  File "E:\vbenspace\vben-python\.venv\Lib\site-packages\starlette\applications.py", line 113, in __call__
    await self.middleware_stack(scope, receive, send)
          │    │                │      │        └ <bound method RequestResponseCycle.send of <uvicorn.protocols.http.httptools_impl.RequestResponseCycle object at 0x000001A36E...
          │    │                │      └ <bound method RequestResponseCycle.receive of <uvicorn.protocols.http.httptools_impl.RequestResponseCycle object at 0x000001A...
          │    │                └ {'type': 'http', 'asgi': {'version': '3.0', 'spec_version': '2.3'}, 'http_version': '1.1', 'server': ('127.0.0.1', 8080), 'cl...
          │    └ <starlette.middleware.errors.ServerErrorMiddleware object at 0x000001A36E588590>
          └ <fastapi.applications.FastAPI object at 0x000001A36E3B5160>
> File "E:\vbenspace\vben-python\.venv\Lib\site-packages\starlette\middleware\errors.py", line 164, in __call__
    await self.app(scope, receive, _send)
          │    │   │      │        └ <function ServerErrorMiddleware.__call__.<locals>._send at 0x000001A36E641220>
          │    │   │      └ <bound method RequestResponseCycle.receive of <uvicorn.protocols.http.httptools_impl.RequestResponseCycle object at 0x000001A...
          │    │   └ {'type': 'http', 'asgi': {'version': '3.0', 'spec_version': '2.3'}, 'http_version': '1.1', 'server': ('127.0.0.1', 8080), 'cl...
          │    └ <middlewares.trace_middleware.middle.TraceASGIMiddleware object at 0x000001A36E588440>
          └ <starlette.middleware.errors.ServerErrorMiddleware object at 0x000001A36E588590>

  File "E:\vbenspace\vben-python\middlewares\trace_middleware\middle.py", line 47, in __call__
    await self.app(scope, handle_outgoing_receive, handle_outgoing_request)
          │    │   │      │                        └ <function TraceASGIMiddleware.__call__.<locals>.handle_outgoing_request at 0x000001A36E6412D0>
          │    │   │      └ <function RequestResponseCycle.receive at 0x000001A36E640510>
          │    │   └ {'type': 'http', 'asgi': {'version': '3.0', 'spec_version': '2.3'}, 'http_version': '1.1', 'server': ('127.0.0.1', 8080), 'cl...
          │    └ <starlette.middleware.gzip.GZipMiddleware object at 0x000001A36E5882F0>
          └ <middlewares.trace_middleware.middle.TraceASGIMiddleware object at 0x000001A36E588440>

  File "E:\vbenspace\vben-python\.venv\Lib\site-packages\starlette\middleware\gzip.py", line 29, in __call__
    await responder(scope, receive, send)
          │         │      │        └ <function TraceASGIMiddleware.__call__.<locals>.handle_outgoing_request at 0x000001A36E6412D0>
          │         │      └ <function RequestResponseCycle.receive at 0x000001A36E640510>
          │         └ {'type': 'http', 'asgi': {'version': '3.0', 'spec_version': '2.3'}, 'http_version': '1.1', 'server': ('127.0.0.1', 8080), 'cl...
          └ <starlette.middleware.gzip.GZipResponder object at 0x000001A36E65CCD0>
  File "E:\vbenspace\vben-python\.venv\Lib\site-packages\starlette\middleware\gzip.py", line 130, in __call__
    await super().__call__(scope, receive, send)
                           │      │        └ <function TraceASGIMiddleware.__call__.<locals>.handle_outgoing_request at 0x000001A36E6412D0>
                           │      └ <function RequestResponseCycle.receive at 0x000001A36E640510>
                           └ {'type': 'http', 'asgi': {'version': '3.0', 'spec_version': '2.3'}, 'http_version': '1.1', 'server': ('127.0.0.1', 8080), 'cl...
  File "E:\vbenspace\vben-python\.venv\Lib\site-packages\starlette\middleware\gzip.py", line 46, in __call__
    await self.app(scope, receive, self.send_with_compression)
          │    │   │      │        │    └ <function IdentityResponder.send_with_compression at 0x000001A36DC63690>
          │    │   │      │        └ <starlette.middleware.gzip.GZipResponder object at 0x000001A36E65CCD0>
          │    │   │      └ <function RequestResponseCycle.receive at 0x000001A36E640510>
          │    │   └ {'type': 'http', 'asgi': {'version': '3.0', 'spec_version': '2.3'}, 'http_version': '1.1', 'server': ('127.0.0.1', 8080), 'cl...
          │    └ <starlette.middleware.cors.CORSMiddleware object at 0x000001A36E5881A0>
          └ <starlette.middleware.gzip.GZipResponder object at 0x000001A36E65CCD0>
  File "E:\vbenspace\vben-python\.venv\Lib\site-packages\starlette\middleware\cors.py", line 93, in __call__
    await self.simple_response(scope, receive, send, request_headers=headers)
          │    │               │      │        │                     └ Headers({'host': 'localhost:8080', 'connection': 'close', 'content-length': '301', 'sec-ch-ua-platform': '"Windows"', 'author...
          │    │               │      │        └ <bound method IdentityResponder.send_with_compression of <starlette.middleware.gzip.GZipResponder object at 0x000001A36E65CCD0>>
          │    │               │      └ <function RequestResponseCycle.receive at 0x000001A36E640510>
          │    │               └ {'type': 'http', 'asgi': {'version': '3.0', 'spec_version': '2.3'}, 'http_version': '1.1', 'server': ('127.0.0.1', 8080), 'cl...
          │    └ <function CORSMiddleware.simple_response at 0x000001A36DC62C40>
          └ <starlette.middleware.cors.CORSMiddleware object at 0x000001A36E5881A0>
  File "E:\vbenspace\vben-python\.venv\Lib\site-packages\starlette\middleware\cors.py", line 144, in simple_response
    await self.app(scope, receive, send)
          │    │   │      │        └ functools.partial(<bound method CORSMiddleware.send of <starlette.middleware.cors.CORSMiddleware object at 0x000001A36E5881A0...
          │    │   │      └ <function RequestResponseCycle.receive at 0x000001A36E640510>
          │    │   └ {'type': 'http', 'asgi': {'version': '3.0', 'spec_version': '2.3'}, 'http_version': '1.1', 'server': ('127.0.0.1', 8080), 'cl...
          │    └ <starlette.middleware.exceptions.ExceptionMiddleware object at 0x000001A36E588050>
          └ <starlette.middleware.cors.CORSMiddleware object at 0x000001A36E5881A0>
  File "E:\vbenspace\vben-python\.venv\Lib\site-packages\starlette\middleware\exceptions.py", line 63, in __call__
    await wrap_app_handling_exceptions(self.app, conn)(scope, receive, send)
          │                            │    │    │     │      │        └ functools.partial(<bound method CORSMiddleware.send of <starlette.middleware.cors.CORSMiddleware object at 0x000001A36E5881A0...
          │                            │    │    │     │      └ <function RequestResponseCycle.receive at 0x000001A36E640510>
          │                            │    │    │     └ {'type': 'http', 'asgi': {'version': '3.0', 'spec_version': '2.3'}, 'http_version': '1.1', 'server': ('127.0.0.1', 8080), 'cl...
          │                            │    │    └ <starlette.requests.Request object at 0x000001A36E661130>
          │                            │    └ <fastapi.middleware.asyncexitstack.AsyncExitStackMiddleware object at 0x000001A36E487E00>
          │                            └ <starlette.middleware.exceptions.ExceptionMiddleware object at 0x000001A36E588050>
          └ <function wrap_app_handling_exceptions at 0x000001A34A9338A0>
  File "E:\vbenspace\vben-python\.venv\Lib\site-packages\starlette\_exception_handler.py", line 53, in wrapped_app
    raise exc
  File "E:\vbenspace\vben-python\.venv\Lib\site-packages\starlette\_exception_handler.py", line 42, in wrapped_app
    await app(scope, receive, sender)
          │   │      │        └ <function wrap_app_handling_exceptions.<locals>.wrapped_app.<locals>.sender at 0x000001A36E6417A0>
          │   │      └ <function RequestResponseCycle.receive at 0x000001A36E640510>
          │   └ {'type': 'http', 'asgi': {'version': '3.0', 'spec_version': '2.3'}, 'http_version': '1.1', 'server': ('127.0.0.1', 8080), 'cl...
          └ <fastapi.middleware.asyncexitstack.AsyncExitStackMiddleware object at 0x000001A36E487E00>
  File "E:\vbenspace\vben-python\.venv\Lib\site-packages\fastapi\middleware\asyncexitstack.py", line 18, in __call__
    await self.app(scope, receive, send)
          │    │   │      │        └ <function wrap_app_handling_exceptions.<locals>.wrapped_app.<locals>.sender at 0x000001A36E6417A0>
          │    │   │      └ <function RequestResponseCycle.receive at 0x000001A36E640510>
          │    │   └ {'type': 'http', 'asgi': {'version': '3.0', 'spec_version': '2.3'}, 'http_version': '1.1', 'server': ('127.0.0.1', 8080), 'cl...
          │    └ <fastapi.routing.APIRouter object at 0x000001A36E400140>
          └ <fastapi.middleware.asyncexitstack.AsyncExitStackMiddleware object at 0x000001A36E487E00>
  File "E:\vbenspace\vben-python\.venv\Lib\site-packages\starlette\routing.py", line 716, in __call__
    await self.middleware_stack(scope, receive, send)
          │    │                │      │        └ <function wrap_app_handling_exceptions.<locals>.wrapped_app.<locals>.sender at 0x000001A36E6417A0>
          │    │                │      └ <function RequestResponseCycle.receive at 0x000001A36E640510>
          │    │                └ {'type': 'http', 'asgi': {'version': '3.0', 'spec_version': '2.3'}, 'http_version': '1.1', 'server': ('127.0.0.1', 8080), 'cl...
          │    └ <bound method Router.app of <fastapi.routing.APIRouter object at 0x000001A36E400140>>
          └ <fastapi.routing.APIRouter object at 0x000001A36E400140>
  File "E:\vbenspace\vben-python\.venv\Lib\site-packages\starlette\routing.py", line 736, in app
    await route.handle(scope, receive, send)
          │     │      │      │        └ <function wrap_app_handling_exceptions.<locals>.wrapped_app.<locals>.sender at 0x000001A36E6417A0>
          │     │      │      └ <function RequestResponseCycle.receive at 0x000001A36E640510>
          │     │      └ {'type': 'http', 'asgi': {'version': '3.0', 'spec_version': '2.3'}, 'http_version': '1.1', 'server': ('127.0.0.1', 8080), 'cl...
          │     └ <function Route.handle at 0x000001A34A956560>
          └ APIRoute(path='/sys/org/dept', name='put', methods=['PUT'])
  File "E:\vbenspace\vben-python\.venv\Lib\site-packages\starlette\routing.py", line 290, in handle
    await self.app(scope, receive, send)
          │    │   │      │        └ <function wrap_app_handling_exceptions.<locals>.wrapped_app.<locals>.sender at 0x000001A36E6417A0>
          │    │   │      └ <function RequestResponseCycle.receive at 0x000001A36E640510>
          │    │   └ {'type': 'http', 'asgi': {'version': '3.0', 'spec_version': '2.3'}, 'http_version': '1.1', 'server': ('127.0.0.1', 8080), 'cl...
          │    └ <function request_response.<locals>.app at 0x000001A36E4156F0>
          └ APIRoute(path='/sys/org/dept', name='put', methods=['PUT'])
  File "E:\vbenspace\vben-python\.venv\Lib\site-packages\fastapi\routing.py", line 124, in app
    await wrap_app_handling_exceptions(app, request)(scope, receive, send)
          │                            │    │        │      │        └ <function wrap_app_handling_exceptions.<locals>.wrapped_app.<locals>.sender at 0x000001A36E6417A0>
          │                            │    │        │      └ <function RequestResponseCycle.receive at 0x000001A36E640510>
          │                            │    │        └ {'type': 'http', 'asgi': {'version': '3.0', 'spec_version': '2.3'}, 'http_version': '1.1', 'server': ('127.0.0.1', 8080), 'cl...
          │                            │    └ <starlette.requests.Request object at 0x000001A36E52B350>
          │                            └ <function request_response.<locals>.app.<locals>.app at 0x000001A36E641A60>
          └ <function wrap_app_handling_exceptions at 0x000001A34A9338A0>
  File "E:\vbenspace\vben-python\.venv\Lib\site-packages\starlette\_exception_handler.py", line 53, in wrapped_app
    raise exc
  File "E:\vbenspace\vben-python\.venv\Lib\site-packages\starlette\_exception_handler.py", line 42, in wrapped_app
    await app(scope, receive, sender)
          │   │      │        └ <function wrap_app_handling_exceptions.<locals>.wrapped_app.<locals>.sender at 0x000001A36E641B10>
          │   │      └ <function RequestResponseCycle.receive at 0x000001A36E640510>
          │   └ {'type': 'http', 'asgi': {'version': '3.0', 'spec_version': '2.3'}, 'http_version': '1.1', 'server': ('127.0.0.1', 8080), 'cl...
          └ <function request_response.<locals>.app.<locals>.app at 0x000001A36E641A60>
  File "E:\vbenspace\vben-python\.venv\Lib\site-packages\fastapi\routing.py", line 110, in app
    response = await f(request)
                     │ └ <starlette.requests.Request object at 0x000001A36E52B350>
                     └ <function get_request_handler.<locals>.app at 0x000001A36E415640>
  File "E:\vbenspace\vben-python\.venv\Lib\site-packages\fastapi\routing.py", line 390, in app
    raw_response = await run_endpoint_function(
                         └ <function run_endpoint_function at 0x000001A34A95ACF0>
  File "E:\vbenspace\vben-python\.venv\Lib\site-packages\fastapi\routing.py", line 289, in run_endpoint_function
    return await dependant.call(**values)
                 │         │      └ {'service': <modules.base.sys.org.dept.service.SysOrgDeptService object at 0x000001A36E65C550>, 'bo': DeptBo(id='d19855808397...
                 │         └ <function put at 0x000001A36DCD9220>
                 └ Dependant(path_params=[], query_params=[], header_params=[], cookie_params=[], body_params=[ModelField(field_info=Body(Pydant...

  File "E:\vbenspace\vben-python\modules\base\sys\org\dept\router.py", line 72, in put
    await service.update(bo.model_dump())
          │       │      │  └ <function BaseModel.model_dump at 0x000001A34A5AAAE0>
          │       │      └ DeptBo(id='d1985580839735529472', name='333', pid=None, type=8, tier='d1985579339772727296_d1985579450569461760_d198558083973...
          │       └ <function SysOrgDeptService.update at 0x000001A36DC77060>
          └ <modules.base.sys.org.dept.service.SysOrgDeptService object at 0x000001A36E65C550>

  File "E:\vbenspace\vben-python\modules\base\sys\org\dept\service.py", line 38, in update
    main_dict.tier = main_dict['id']
    │                └ {'id': 'd1985580839735529472', 'name': '333', 'pid': None, 'type': 8, 'tier': 'd1985579339772727296_d1985579450569461760_d198...
    └ {'id': 'd1985580839735529472', 'name': '333', 'pid': None, 'type': 8, 'tier': 'd1985579339772727296_d1985579450569461760_d198...

AttributeError: 'dict' object has no attribute 'tier' and no __dict__ for setting new attributes
2025-11-04 13:43:12.205 |  | INFO     | config.get_redis:close_redis_pool:55 - ✅️ 关闭redis连接成功
2025-11-04 13:43:12.206 |  | INFO     | config.get_scheduler:close_system_scheduler:152 - ✅️ 关闭定时任务成功
2025-11-04 13:43:15.354 |  | INFO     | server:lifespan:46 - ⏰️ RuoYi-FastAPI开始启动
2025-11-04 13:43:15.355 |  | INFO     | config.get_db:init_create_table:21 - 🔎 初始化数据库连接...
2025-11-04 13:43:15.380 |  | INFO     | config.get_db:init_create_table:24 - ✅️ 数据库连接成功
2025-11-04 13:43:15.380 |  | INFO     | config.get_redis:create_redis_pool:22 - 🔎 开始连接redis...
2025-11-04 13:43:15.381 |  | INFO     | config.get_redis:create_redis_pool:35 - ✅️ redis连接成功
2025-11-04 13:43:15.395 |  | INFO     | config.get_scheduler:init_system_scheduler:134 - 🔎 开始启动定时任务...
2025-11-04 13:43:15.406 |  | INFO     | config.get_scheduler:init_system_scheduler:142 - ✅️ 系统初始定时任务加载成功
2025-11-04 13:43:15.407 |  | INFO     | server:lifespan:53 - 🚀 RuoYi-FastAPI启动成功
2025-11-04 13:53:13.481 |  | INFO     | config.get_redis:close_redis_pool:55 - ✅️ 关闭redis连接成功
2025-11-04 13:53:13.484 |  | INFO     | config.get_scheduler:close_system_scheduler:152 - ✅️ 关闭定时任务成功
2025-11-04 14:02:53.322 |  | INFO     | server:lifespan:46 - ⏰️ RuoYi-FastAPI开始启动
2025-11-04 14:02:53.323 |  | INFO     | config.get_db:init_create_table:21 - 🔎 初始化数据库连接...
2025-11-04 14:02:53.377 |  | INFO     | config.get_db:init_create_table:24 - ✅️ 数据库连接成功
2025-11-04 14:02:53.377 |  | INFO     | config.get_redis:create_redis_pool:22 - 🔎 开始连接redis...
2025-11-04 14:02:53.382 |  | INFO     | config.get_redis:create_redis_pool:35 - ✅️ redis连接成功
2025-11-04 14:02:53.397 |  | INFO     | config.get_scheduler:init_system_scheduler:134 - 🔎 开始启动定时任务...
2025-11-04 14:02:53.430 |  | INFO     | config.get_scheduler:init_system_scheduler:142 - ✅️ 系统初始定时任务加载成功
2025-11-04 14:02:53.430 |  | INFO     | server:lifespan:53 - 🚀 RuoYi-FastAPI启动成功
2025-11-04 14:07:29.956 |  | INFO     | server:lifespan:46 - ⏰️ RuoYi-FastAPI开始启动
2025-11-04 14:07:29.956 |  | INFO     | config.get_db:init_create_table:21 - 🔎 初始化数据库连接...
2025-11-04 14:07:29.995 |  | INFO     | config.get_db:init_create_table:24 - ✅️ 数据库连接成功
2025-11-04 14:07:29.995 |  | INFO     | config.get_redis:create_redis_pool:22 - 🔎 开始连接redis...
2025-11-04 14:07:29.998 |  | INFO     | config.get_redis:create_redis_pool:35 - ✅️ redis连接成功
2025-11-04 14:07:30.013 |  | INFO     | config.get_scheduler:init_system_scheduler:134 - 🔎 开始启动定时任务...
2025-11-04 14:07:30.025 |  | INFO     | config.get_scheduler:init_system_scheduler:142 - ✅️ 系统初始定时任务加载成功
2025-11-04 14:07:30.025 |  | INFO     | server:lifespan:53 - 🚀 RuoYi-FastAPI启动成功
2025-11-04 14:09:40.401 | 82215c6e671f4e7997988d11629f1320 | ERROR    | exceptions.handle:exception_handler:70 - Neither 'InstrumentedAttribute' object nor 'Comparator' object associated with SysOrgDept.tier has an attribute 'replace'
Traceback (most recent call last):

  File "E:\vbenspace\vben-python\.venv\Lib\site-packages\sqlalchemy\sql\elements.py", line 1517, in __getattr__
    return getattr(self.comparator, key)
                   │    │           └ 'replace'
                   │    └ <sqlalchemy.sql.sqltypes.Concatenable.Comparator object at 0x0000021D62986E00>
                   └ Column('tier', String(length=512), table=<sys_org_dept>, comment='层级')

AttributeError: 'Comparator' object has no attribute 'replace'


The above exception was the direct cause of the following exception:


Traceback (most recent call last):

  File "E:\vbenspace\vben-python\.venv\Lib\site-packages\sqlalchemy\orm\attributes.py", line 475, in __getattr__
    return getattr(self.comparator, key)
                   │    │           └ 'replace'
                   │    └ <member 'comparator' of 'QueryableAttribute' objects>
                   └ <sqlalchemy.orm.attributes.InstrumentedAttribute object at 0x0000021D620BC680>
  File "E:\vbenspace\vben-python\.venv\Lib\site-packages\sqlalchemy\util\langhelpers.py", line 1416, in __getattr__
    return self._fallback_getattr(key)
           │    │                 └ 'replace'
           │    └ <function ColumnProperty.Comparator._fallback_getattr at 0x0000021D40ADE560>
           └ <sqlalchemy.orm.properties.ColumnProperty.Comparator object at 0x0000021D620B1710>
  File "E:\vbenspace\vben-python\.venv\Lib\site-packages\sqlalchemy\orm\properties.py", line 474, in _fallback_getattr
    return getattr(self.__clause_element__(), key)
                   │    │                     └ 'replace'
                   │    └ <member '__clause_element__' of 'Comparator' objects>
                   └ <sqlalchemy.orm.properties.ColumnProperty.Comparator object at 0x0000021D620B1710>
  File "E:\vbenspace\vben-python\.venv\Lib\site-packages\sqlalchemy\sql\elements.py", line 1519, in __getattr__
    raise AttributeError(

AttributeError: Neither 'AnnotatedColumn' object nor 'Comparator' object has an attribute 'replace'


The above exception was the direct cause of the following exception:


Traceback (most recent call last):

  File "<string>", line 1, in <module>
  File "D:\dev\python\Lib\multiprocessing\spawn.py", line 122, in spawn_main
    exitcode = _main(fd, parent_sentinel)
               │     │   └ 332
               │     └ 3
               └ <function _main at 0x0000021D3B8D8B40>
  File "D:\dev\python\Lib\multiprocessing\spawn.py", line 135, in _main
    return self._bootstrap(parent_sentinel)
           │    │          └ 332
           │    └ <function BaseProcess._bootstrap at 0x0000021D3B5A2CF0>
           └ <SpawnProcess name='SpawnProcess-1' parent=21036 started>
  File "D:\dev\python\Lib\multiprocessing\process.py", line 320, in _bootstrap
    self.run()
    │    └ <function BaseProcess.run at 0x0000021D3B5A2090>
    └ <SpawnProcess name='SpawnProcess-1' parent=21036 started>
  File "D:\dev\python\Lib\multiprocessing\process.py", line 108, in run
    self._target(*self._args, **self._kwargs)
    │    │        │    │        │    └ {'config': <uvicorn.config.Config object at 0x0000021D3B890AD0>, 'target': <bound method Server.run of <uvicorn.server.Server...
    │    │        │    │        └ <SpawnProcess name='SpawnProcess-1' parent=21036 started>
    │    │        │    └ ()
    │    │        └ <SpawnProcess name='SpawnProcess-1' parent=21036 started>
    │    └ <function subprocess_started at 0x0000021D3DBBA350>
    └ <SpawnProcess name='SpawnProcess-1' parent=21036 started>
  File "E:\vbenspace\vben-python\.venv\Lib\site-packages\uvicorn\_subprocess.py", line 80, in subprocess_started
    target(sockets=sockets)
    │              └ [<socket.socket fd=800, family=2, type=1, proto=6, laddr=('0.0.0.0', 8080)>]
    └ <bound method Server.run of <uvicorn.server.Server object at 0x0000021D6214BCB0>>
  File "E:\vbenspace\vben-python\.venv\Lib\site-packages\uvicorn\server.py", line 67, in run
    return asyncio_run(self.serve(sockets=sockets), loop_factory=self.config.get_loop_factory())
           │           │    │             │                      │    │      └ <function Config.get_loop_factory at 0x0000021D3DB3A400>
           │           │    │             │                      │    └ <uvicorn.config.Config object at 0x0000021D3B890AD0>
           │           │    │             │                      └ <uvicorn.server.Server object at 0x0000021D6214BCB0>
           │           │    │             └ [<socket.socket fd=800, family=2, type=1, proto=6, laddr=('0.0.0.0', 8080)>]
           │           │    └ <function Server.serve at 0x0000021D3DB91850>
           │           └ <uvicorn.server.Server object at 0x0000021D6214BCB0>
           └ <function run at 0x0000021D3D758670>
  File "D:\dev\python\Lib\asyncio\runners.py", line 204, in run
    return runner.run(main)
           │      │   └ <coroutine object Server.serve at 0x0000021D40B736A0>
           │      └ <function Runner.run at 0x0000021D3D758A90>
           └ <asyncio.runners.Runner object at 0x0000021D627DDF90>
  File "D:\dev\python\Lib\asyncio\runners.py", line 127, in run
    return self._loop.run_until_complete(task)
           │    │     │                  └ <Task pending name='Task-1' coro=<Server.serve() running at E:\vbenspace\vben-python\.venv\Lib\site-packages\uvicorn\server.p...
           │    │     └ <function BaseEventLoop.run_until_complete at 0x0000021D3D73CEB0>
           │    └ <_WindowsSelectorEventLoop running=True closed=False debug=False>
           └ <asyncio.runners.Runner object at 0x0000021D627DDF90>
  File "D:\dev\python\Lib\asyncio\base_events.py", line 706, in run_until_complete
    self.run_forever()
    │    └ <function BaseEventLoop.run_forever at 0x0000021D3D73CE00>
    └ <_WindowsSelectorEventLoop running=True closed=False debug=False>
  File "D:\dev\python\Lib\asyncio\base_events.py", line 677, in run_forever
    self._run_once()
    │    └ <function BaseEventLoop._run_once at 0x0000021D3D73EF00>
    └ <_WindowsSelectorEventLoop running=True closed=False debug=False>
  File "D:\dev\python\Lib\asyncio\base_events.py", line 2046, in _run_once
    handle._run()
    │      └ <function Handle._run at 0x0000021D3BB13530>
    └ <Handle Task.task_wakeup()>
  File "D:\dev\python\Lib\asyncio\events.py", line 94, in _run
    self._context.run(self._callback, *self._args)
    │    │            │    │           │    └ <member '_args' of 'Handle' objects>
    │    │            │    │           └ <Handle Task.task_wakeup()>
    │    │            │    └ <member '_callback' of 'Handle' objects>
    │    │            └ <Handle Task.task_wakeup()>
    │    └ <member '_context' of 'Handle' objects>
    └ <Handle Task.task_wakeup()>
  File "E:\vbenspace\vben-python\.venv\Lib\site-packages\uvicorn\protocols\http\httptools_impl.py", line 409, in run_asgi
    result = await app(  # type: ignore[func-returns-value]
                   └ <uvicorn.middleware.proxy_headers.ProxyHeadersMiddleware object at 0x0000021D62897620>
  File "E:\vbenspace\vben-python\.venv\Lib\site-packages\uvicorn\middleware\proxy_headers.py", line 60, in __call__
    return await self.app(scope, receive, send)
                 │    │   │      │        └ <bound method RequestResponseCycle.send of <uvicorn.protocols.http.httptools_impl.RequestResponseCycle object at 0x0000021D62...
                 │    │   │      └ <bound method RequestResponseCycle.receive of <uvicorn.protocols.http.httptools_impl.RequestResponseCycle object at 0x0000021...
                 │    │   └ {'type': 'http', 'asgi': {'version': '3.0', 'spec_version': '2.3'}, 'http_version': '1.1', 'server': ('127.0.0.1', 8080), 'cl...
                 │    └ <fastapi.applications.FastAPI object at 0x0000021D627C5160>
                 └ <uvicorn.middleware.proxy_headers.ProxyHeadersMiddleware object at 0x0000021D62897620>
  File "E:\vbenspace\vben-python\.venv\Lib\site-packages\fastapi\applications.py", line 1134, in __call__
    await super().__call__(scope, receive, send)
                           │      │        └ <bound method RequestResponseCycle.send of <uvicorn.protocols.http.httptools_impl.RequestResponseCycle object at 0x0000021D62...
                           │      └ <bound method RequestResponseCycle.receive of <uvicorn.protocols.http.httptools_impl.RequestResponseCycle object at 0x0000021...
                           └ {'type': 'http', 'asgi': {'version': '3.0', 'spec_version': '2.3'}, 'http_version': '1.1', 'server': ('127.0.0.1', 8080), 'cl...
  File "E:\vbenspace\vben-python\.venv\Lib\site-packages\starlette\applications.py", line 113, in __call__
    await self.middleware_stack(scope, receive, send)
          │    │                │      │        └ <bound method RequestResponseCycle.send of <uvicorn.protocols.http.httptools_impl.RequestResponseCycle object at 0x0000021D62...
          │    │                │      └ <bound method RequestResponseCycle.receive of <uvicorn.protocols.http.httptools_impl.RequestResponseCycle object at 0x0000021...
          │    │                └ {'type': 'http', 'asgi': {'version': '3.0', 'spec_version': '2.3'}, 'http_version': '1.1', 'server': ('127.0.0.1', 8080), 'cl...
          │    └ <starlette.middleware.errors.ServerErrorMiddleware object at 0x0000021D62998590>
          └ <fastapi.applications.FastAPI object at 0x0000021D627C5160>
> File "E:\vbenspace\vben-python\.venv\Lib\site-packages\starlette\middleware\errors.py", line 164, in __call__
    await self.app(scope, receive, _send)
          │    │   │      │        └ <function ServerErrorMiddleware.__call__.<locals>._send at 0x0000021D62A51900>
          │    │   │      └ <bound method RequestResponseCycle.receive of <uvicorn.protocols.http.httptools_impl.RequestResponseCycle object at 0x0000021...
          │    │   └ {'type': 'http', 'asgi': {'version': '3.0', 'spec_version': '2.3'}, 'http_version': '1.1', 'server': ('127.0.0.1', 8080), 'cl...
          │    └ <middlewares.trace_middleware.middle.TraceASGIMiddleware object at 0x0000021D62998440>
          └ <starlette.middleware.errors.ServerErrorMiddleware object at 0x0000021D62998590>

  File "E:\vbenspace\vben-python\middlewares\trace_middleware\middle.py", line 47, in __call__
    await self.app(scope, handle_outgoing_receive, handle_outgoing_request)
          │    │   │      │                        └ <function TraceASGIMiddleware.__call__.<locals>.handle_outgoing_request at 0x0000021D62AB4EB0>
          │    │   │      └ <function RequestResponseCycle.receive at 0x0000021D62A538A0>
          │    │   └ {'type': 'http', 'asgi': {'version': '3.0', 'spec_version': '2.3'}, 'http_version': '1.1', 'server': ('127.0.0.1', 8080), 'cl...
          │    └ <starlette.middleware.gzip.GZipMiddleware object at 0x0000021D629982F0>
          └ <middlewares.trace_middleware.middle.TraceASGIMiddleware object at 0x0000021D62998440>

  File "E:\vbenspace\vben-python\.venv\Lib\site-packages\starlette\middleware\gzip.py", line 29, in __call__
    await responder(scope, receive, send)
          │         │      │        └ <function TraceASGIMiddleware.__call__.<locals>.handle_outgoing_request at 0x0000021D62AB4EB0>
          │         │      └ <function RequestResponseCycle.receive at 0x0000021D62A538A0>
          │         └ {'type': 'http', 'asgi': {'version': '3.0', 'spec_version': '2.3'}, 'http_version': '1.1', 'server': ('127.0.0.1', 8080), 'cl...
          └ <starlette.middleware.gzip.GZipResponder object at 0x0000021D62A3F250>
  File "E:\vbenspace\vben-python\.venv\Lib\site-packages\starlette\middleware\gzip.py", line 130, in __call__
    await super().__call__(scope, receive, send)
                           │      │        └ <function TraceASGIMiddleware.__call__.<locals>.handle_outgoing_request at 0x0000021D62AB4EB0>
                           │      └ <function RequestResponseCycle.receive at 0x0000021D62A538A0>
                           └ {'type': 'http', 'asgi': {'version': '3.0', 'spec_version': '2.3'}, 'http_version': '1.1', 'server': ('127.0.0.1', 8080), 'cl...
  File "E:\vbenspace\vben-python\.venv\Lib\site-packages\starlette\middleware\gzip.py", line 46, in __call__
    await self.app(scope, receive, self.send_with_compression)
          │    │   │      │        │    └ <function IdentityResponder.send_with_compression at 0x0000021D62083690>
          │    │   │      │        └ <starlette.middleware.gzip.GZipResponder object at 0x0000021D62A3F250>
          │    │   │      └ <function RequestResponseCycle.receive at 0x0000021D62A538A0>
          │    │   └ {'type': 'http', 'asgi': {'version': '3.0', 'spec_version': '2.3'}, 'http_version': '1.1', 'server': ('127.0.0.1', 8080), 'cl...
          │    └ <starlette.middleware.cors.CORSMiddleware object at 0x0000021D629981A0>
          └ <starlette.middleware.gzip.GZipResponder object at 0x0000021D62A3F250>
  File "E:\vbenspace\vben-python\.venv\Lib\site-packages\starlette\middleware\cors.py", line 93, in __call__
    await self.simple_response(scope, receive, send, request_headers=headers)
          │    │               │      │        │                     └ Headers({'host': 'localhost:8080', 'connection': 'close', 'content-length': '286', 'sec-ch-ua-platform': '"Windows"', 'author...
          │    │               │      │        └ <bound method IdentityResponder.send_with_compression of <starlette.middleware.gzip.GZipResponder object at 0x0000021D62A3F250>>
          │    │               │      └ <function RequestResponseCycle.receive at 0x0000021D62A538A0>
          │    │               └ {'type': 'http', 'asgi': {'version': '3.0', 'spec_version': '2.3'}, 'http_version': '1.1', 'server': ('127.0.0.1', 8080), 'cl...
          │    └ <function CORSMiddleware.simple_response at 0x0000021D62082C40>
          └ <starlette.middleware.cors.CORSMiddleware object at 0x0000021D629981A0>
  File "E:\vbenspace\vben-python\.venv\Lib\site-packages\starlette\middleware\cors.py", line 144, in simple_response
    await self.app(scope, receive, send)
          │    │   │      │        └ functools.partial(<bound method CORSMiddleware.send of <starlette.middleware.cors.CORSMiddleware object at 0x0000021D629981A0...
          │    │   │      └ <function RequestResponseCycle.receive at 0x0000021D62A538A0>
          │    │   └ {'type': 'http', 'asgi': {'version': '3.0', 'spec_version': '2.3'}, 'http_version': '1.1', 'server': ('127.0.0.1', 8080), 'cl...
          │    └ <starlette.middleware.exceptions.ExceptionMiddleware object at 0x0000021D62998050>
          └ <starlette.middleware.cors.CORSMiddleware object at 0x0000021D629981A0>
  File "E:\vbenspace\vben-python\.venv\Lib\site-packages\starlette\middleware\exceptions.py", line 63, in __call__
    await wrap_app_handling_exceptions(self.app, conn)(scope, receive, send)
          │                            │    │    │     │      │        └ functools.partial(<bound method CORSMiddleware.send of <starlette.middleware.cors.CORSMiddleware object at 0x0000021D629981A0...
          │                            │    │    │     │      └ <function RequestResponseCycle.receive at 0x0000021D62A538A0>
          │                            │    │    │     └ {'type': 'http', 'asgi': {'version': '3.0', 'spec_version': '2.3'}, 'http_version': '1.1', 'server': ('127.0.0.1', 8080), 'cl...
          │                            │    │    └ <starlette.requests.Request object at 0x0000021D62AB43C0>
          │                            │    └ <fastapi.middleware.asyncexitstack.AsyncExitStackMiddleware object at 0x0000021D62897E00>
          │                            └ <starlette.middleware.exceptions.ExceptionMiddleware object at 0x0000021D62998050>
          └ <function wrap_app_handling_exceptions at 0x0000021D3ED638A0>
  File "E:\vbenspace\vben-python\.venv\Lib\site-packages\starlette\_exception_handler.py", line 53, in wrapped_app
    raise exc
  File "E:\vbenspace\vben-python\.venv\Lib\site-packages\starlette\_exception_handler.py", line 42, in wrapped_app
    await app(scope, receive, sender)
          │   │      │        └ <function wrap_app_handling_exceptions.<locals>.wrapped_app.<locals>.sender at 0x0000021D62AB41A0>
          │   │      └ <function RequestResponseCycle.receive at 0x0000021D62A538A0>
          │   └ {'type': 'http', 'asgi': {'version': '3.0', 'spec_version': '2.3'}, 'http_version': '1.1', 'server': ('127.0.0.1', 8080), 'cl...
          └ <fastapi.middleware.asyncexitstack.AsyncExitStackMiddleware object at 0x0000021D62897E00>
  File "E:\vbenspace\vben-python\.venv\Lib\site-packages\fastapi\middleware\asyncexitstack.py", line 18, in __call__
    await self.app(scope, receive, send)
          │    │   │      │        └ <function wrap_app_handling_exceptions.<locals>.wrapped_app.<locals>.sender at 0x0000021D62AB41A0>
          │    │   │      └ <function RequestResponseCycle.receive at 0x0000021D62A538A0>
          │    │   └ {'type': 'http', 'asgi': {'version': '3.0', 'spec_version': '2.3'}, 'http_version': '1.1', 'server': ('127.0.0.1', 8080), 'cl...
          │    └ <fastapi.routing.APIRouter object at 0x0000021D62810140>
          └ <fastapi.middleware.asyncexitstack.AsyncExitStackMiddleware object at 0x0000021D62897E00>
  File "E:\vbenspace\vben-python\.venv\Lib\site-packages\starlette\routing.py", line 716, in __call__
    await self.middleware_stack(scope, receive, send)
          │    │                │      │        └ <function wrap_app_handling_exceptions.<locals>.wrapped_app.<locals>.sender at 0x0000021D62AB41A0>
          │    │                │      └ <function RequestResponseCycle.receive at 0x0000021D62A538A0>
          │    │                └ {'type': 'http', 'asgi': {'version': '3.0', 'spec_version': '2.3'}, 'http_version': '1.1', 'server': ('127.0.0.1', 8080), 'cl...
          │    └ <bound method Router.app of <fastapi.routing.APIRouter object at 0x0000021D62810140>>
          └ <fastapi.routing.APIRouter object at 0x0000021D62810140>
  File "E:\vbenspace\vben-python\.venv\Lib\site-packages\starlette\routing.py", line 736, in app
    await route.handle(scope, receive, send)
          │     │      │      │        └ <function wrap_app_handling_exceptions.<locals>.wrapped_app.<locals>.sender at 0x0000021D62AB41A0>
          │     │      │      └ <function RequestResponseCycle.receive at 0x0000021D62A538A0>
          │     │      └ {'type': 'http', 'asgi': {'version': '3.0', 'spec_version': '2.3'}, 'http_version': '1.1', 'server': ('127.0.0.1', 8080), 'cl...
          │     └ <function Route.handle at 0x0000021D3ED86560>
          └ APIRoute(path='/sys/org/dept', name='put', methods=['PUT'])
  File "E:\vbenspace\vben-python\.venv\Lib\site-packages\starlette\routing.py", line 290, in handle
    await self.app(scope, receive, send)
          │    │   │      │        └ <function wrap_app_handling_exceptions.<locals>.wrapped_app.<locals>.sender at 0x0000021D62AB41A0>
          │    │   │      └ <function RequestResponseCycle.receive at 0x0000021D62A538A0>
          │    │   └ {'type': 'http', 'asgi': {'version': '3.0', 'spec_version': '2.3'}, 'http_version': '1.1', 'server': ('127.0.0.1', 8080), 'cl...
          │    └ <function request_response.<locals>.app at 0x0000021D62825850>
          └ APIRoute(path='/sys/org/dept', name='put', methods=['PUT'])
  File "E:\vbenspace\vben-python\.venv\Lib\site-packages\fastapi\routing.py", line 124, in app
    await wrap_app_handling_exceptions(app, request)(scope, receive, send)
          │                            │    │        │      │        └ <function wrap_app_handling_exceptions.<locals>.wrapped_app.<locals>.sender at 0x0000021D62AB41A0>
          │                            │    │        │      └ <function RequestResponseCycle.receive at 0x0000021D62A538A0>
          │                            │    │        └ {'type': 'http', 'asgi': {'version': '3.0', 'spec_version': '2.3'}, 'http_version': '1.1', 'server': ('127.0.0.1', 8080), 'cl...
          │                            │    └ <starlette.requests.Request object at 0x0000021D62AB4260>
          │                            └ <function request_response.<locals>.app.<locals>.app at 0x0000021D62AB4720>
          └ <function wrap_app_handling_exceptions at 0x0000021D3ED638A0>
  File "E:\vbenspace\vben-python\.venv\Lib\site-packages\starlette\_exception_handler.py", line 53, in wrapped_app
    raise exc
  File "E:\vbenspace\vben-python\.venv\Lib\site-packages\starlette\_exception_handler.py", line 42, in wrapped_app
    await app(scope, receive, sender)
          │   │      │        └ <function wrap_app_handling_exceptions.<locals>.wrapped_app.<locals>.sender at 0x0000021D62AB4A90>
          │   │      └ <function RequestResponseCycle.receive at 0x0000021D62A538A0>
          │   └ {'type': 'http', 'asgi': {'version': '3.0', 'spec_version': '2.3'}, 'http_version': '1.1', 'server': ('127.0.0.1', 8080), 'cl...
          └ <function request_response.<locals>.app.<locals>.app at 0x0000021D62AB4720>
  File "E:\vbenspace\vben-python\.venv\Lib\site-packages\fastapi\routing.py", line 110, in app
    response = await f(request)
                     │ └ <starlette.requests.Request object at 0x0000021D62AB4260>
                     └ <function get_request_handler.<locals>.app at 0x0000021D628257A0>
  File "E:\vbenspace\vben-python\.venv\Lib\site-packages\fastapi\routing.py", line 390, in app
    raw_response = await run_endpoint_function(
                         └ <function run_endpoint_function at 0x0000021D3ED8ACF0>
  File "E:\vbenspace\vben-python\.venv\Lib\site-packages\fastapi\routing.py", line 289, in run_endpoint_function
    return await dependant.call(**values)
                 │         │      └ {'service': <modules.base.sys.org.dept.service.SysOrgDeptService object at 0x0000021D62A6E350>, 'bo': DeptBo(id='d19855793397...
                 │         └ <function put at 0x0000021D620F9380>
                 └ Dependant(path_params=[], query_params=[], header_params=[], cookie_params=[], body_params=[ModelField(field_info=Body(Pydant...

  File "E:\vbenspace\vben-python\modules\base\sys\org\dept\router.py", line 72, in put
    await service.update(bo.model_dump())
          │       │      │  └ <function BaseModel.model_dump at 0x0000021D3E9DAAE0>
          │       │      └ DeptBo(id='d1985579339772727296', name='aaa', pid='d1985590113907904512', type=8, tier='d1985579339772727296', label='1', not...
          │       └ <function SysOrgDeptService.update at 0x0000021D62097060>
          └ <modules.base.sys.org.dept.service.SysOrgDeptService object at 0x0000021D62A6E350>

  File "E:\vbenspace\vben-python\modules\base\sys\org\dept\service.py", line 47, in update
    await self.__deal_dept_tier(old_tier, main_dict['tier'], main_dict['id'])
          │                     │         │                  └ {'id': 'd1985579339772727296', 'name': 'aaa', 'pid': 'd1985590113907904512', 'type': 8, 'tier': 'd1985580839735529472_d198558...
          │                     │         └ {'id': 'd1985579339772727296', 'name': 'aaa', 'pid': 'd1985590113907904512', 'type': 8, 'tier': 'd1985580839735529472_d198558...
          │                     └ 'd1985579339772727296'
          └ <modules.base.sys.org.dept.service.SysOrgDeptService object at 0x0000021D62A6E350>

  File "E:\vbenspace\vben-python\modules\base\sys\org\dept\service.py", line 52, in __deal_dept_tier
    tier=SysOrgDept.tier.replace(old_tier, new_tier)
         │          │            │         └ 'd1985580839735529472_d1985584189902295040_d1985590113907904512_d1985579339772727296'
         │          │            └ 'd1985579339772727296'
         │          └ <sqlalchemy.orm.attributes.InstrumentedAttribute object at 0x0000021D620BC680>
         └ <class 'modules.base.sys.org.dept.model.SysOrgDept'>

  File "E:\vbenspace\vben-python\.venv\Lib\site-packages\sqlalchemy\orm\attributes.py", line 477, in __getattr__
    raise AttributeError(

AttributeError: Neither 'InstrumentedAttribute' object nor 'Comparator' object associated with SysOrgDept.tier has an attribute 'replace'
2025-11-04 14:09:50.156 | b4a35678e4d34fd4b8541dfbf09186d8 | ERROR    | exceptions.handle:exception_handler:70 - Neither 'InstrumentedAttribute' object nor 'Comparator' object associated with SysOrgDept.tier has an attribute 'replace'
Traceback (most recent call last):

  File "E:\vbenspace\vben-python\.venv\Lib\site-packages\sqlalchemy\sql\elements.py", line 1517, in __getattr__
    return getattr(self.comparator, key)
                   │    │           └ 'replace'
                   │    └ <sqlalchemy.sql.sqltypes.Concatenable.Comparator object at 0x0000021D62986E00>
                   └ Column('tier', String(length=512), table=<sys_org_dept>, comment='层级')

AttributeError: 'Comparator' object has no attribute 'replace'


The above exception was the direct cause of the following exception:


Traceback (most recent call last):

  File "E:\vbenspace\vben-python\.venv\Lib\site-packages\sqlalchemy\orm\attributes.py", line 475, in __getattr__
    return getattr(self.comparator, key)
                   │    │           └ 'replace'
                   │    └ <member 'comparator' of 'QueryableAttribute' objects>
                   └ <sqlalchemy.orm.attributes.InstrumentedAttribute object at 0x0000021D620BC680>
  File "E:\vbenspace\vben-python\.venv\Lib\site-packages\sqlalchemy\util\langhelpers.py", line 1416, in __getattr__
    return self._fallback_getattr(key)
           │    │                 └ 'replace'
           │    └ <function ColumnProperty.Comparator._fallback_getattr at 0x0000021D40ADE560>
           └ <sqlalchemy.orm.properties.ColumnProperty.Comparator object at 0x0000021D620B1710>
  File "E:\vbenspace\vben-python\.venv\Lib\site-packages\sqlalchemy\orm\properties.py", line 474, in _fallback_getattr
    return getattr(self.__clause_element__(), key)
                   │    │                     └ 'replace'
                   │    └ <member '__clause_element__' of 'Comparator' objects>
                   └ <sqlalchemy.orm.properties.ColumnProperty.Comparator object at 0x0000021D620B1710>
  File "E:\vbenspace\vben-python\.venv\Lib\site-packages\sqlalchemy\sql\elements.py", line 1519, in __getattr__
    raise AttributeError(

AttributeError: Neither 'AnnotatedColumn' object nor 'Comparator' object has an attribute 'replace'


The above exception was the direct cause of the following exception:


Traceback (most recent call last):

  File "<string>", line 1, in <module>
  File "D:\dev\python\Lib\multiprocessing\spawn.py", line 122, in spawn_main
    exitcode = _main(fd, parent_sentinel)
               │     │   └ 332
               │     └ 3
               └ <function _main at 0x0000021D3B8D8B40>
  File "D:\dev\python\Lib\multiprocessing\spawn.py", line 135, in _main
    return self._bootstrap(parent_sentinel)
           │    │          └ 332
           │    └ <function BaseProcess._bootstrap at 0x0000021D3B5A2CF0>
           └ <SpawnProcess name='SpawnProcess-1' parent=21036 started>
  File "D:\dev\python\Lib\multiprocessing\process.py", line 320, in _bootstrap
    self.run()
    │    └ <function BaseProcess.run at 0x0000021D3B5A2090>
    └ <SpawnProcess name='SpawnProcess-1' parent=21036 started>
  File "D:\dev\python\Lib\multiprocessing\process.py", line 108, in run
    self._target(*self._args, **self._kwargs)
    │    │        │    │        │    └ {'config': <uvicorn.config.Config object at 0x0000021D3B890AD0>, 'target': <bound method Server.run of <uvicorn.server.Server...
    │    │        │    │        └ <SpawnProcess name='SpawnProcess-1' parent=21036 started>
    │    │        │    └ ()
    │    │        └ <SpawnProcess name='SpawnProcess-1' parent=21036 started>
    │    └ <function subprocess_started at 0x0000021D3DBBA350>
    └ <SpawnProcess name='SpawnProcess-1' parent=21036 started>
  File "E:\vbenspace\vben-python\.venv\Lib\site-packages\uvicorn\_subprocess.py", line 80, in subprocess_started
    target(sockets=sockets)
    │              └ [<socket.socket fd=800, family=2, type=1, proto=6, laddr=('0.0.0.0', 8080)>]
    └ <bound method Server.run of <uvicorn.server.Server object at 0x0000021D6214BCB0>>
  File "E:\vbenspace\vben-python\.venv\Lib\site-packages\uvicorn\server.py", line 67, in run
    return asyncio_run(self.serve(sockets=sockets), loop_factory=self.config.get_loop_factory())
           │           │    │             │                      │    │      └ <function Config.get_loop_factory at 0x0000021D3DB3A400>
           │           │    │             │                      │    └ <uvicorn.config.Config object at 0x0000021D3B890AD0>
           │           │    │             │                      └ <uvicorn.server.Server object at 0x0000021D6214BCB0>
           │           │    │             └ [<socket.socket fd=800, family=2, type=1, proto=6, laddr=('0.0.0.0', 8080)>]
           │           │    └ <function Server.serve at 0x0000021D3DB91850>
           │           └ <uvicorn.server.Server object at 0x0000021D6214BCB0>
           └ <function run at 0x0000021D3D758670>
  File "D:\dev\python\Lib\asyncio\runners.py", line 204, in run
    return runner.run(main)
           │      │   └ <coroutine object Server.serve at 0x0000021D40B736A0>
           │      └ <function Runner.run at 0x0000021D3D758A90>
           └ <asyncio.runners.Runner object at 0x0000021D627DDF90>
  File "D:\dev\python\Lib\asyncio\runners.py", line 127, in run
    return self._loop.run_until_complete(task)
           │    │     │                  └ <Task pending name='Task-1' coro=<Server.serve() running at E:\vbenspace\vben-python\.venv\Lib\site-packages\uvicorn\server.p...
           │    │     └ <function BaseEventLoop.run_until_complete at 0x0000021D3D73CEB0>
           │    └ <_WindowsSelectorEventLoop running=True closed=False debug=False>
           └ <asyncio.runners.Runner object at 0x0000021D627DDF90>
  File "D:\dev\python\Lib\asyncio\base_events.py", line 706, in run_until_complete
    self.run_forever()
    │    └ <function BaseEventLoop.run_forever at 0x0000021D3D73CE00>
    └ <_WindowsSelectorEventLoop running=True closed=False debug=False>
  File "D:\dev\python\Lib\asyncio\base_events.py", line 677, in run_forever
    self._run_once()
    │    └ <function BaseEventLoop._run_once at 0x0000021D3D73EF00>
    └ <_WindowsSelectorEventLoop running=True closed=False debug=False>
  File "D:\dev\python\Lib\asyncio\base_events.py", line 2046, in _run_once
    handle._run()
    │      └ <function Handle._run at 0x0000021D3BB13530>
    └ <Handle Task.task_wakeup()>
  File "D:\dev\python\Lib\asyncio\events.py", line 94, in _run
    self._context.run(self._callback, *self._args)
    │    │            │    │           │    └ <member '_args' of 'Handle' objects>
    │    │            │    │           └ <Handle Task.task_wakeup()>
    │    │            │    └ <member '_callback' of 'Handle' objects>
    │    │            └ <Handle Task.task_wakeup()>
    │    └ <member '_context' of 'Handle' objects>
    └ <Handle Task.task_wakeup()>
  File "E:\vbenspace\vben-python\.venv\Lib\site-packages\uvicorn\protocols\http\httptools_impl.py", line 409, in run_asgi
    result = await app(  # type: ignore[func-returns-value]
                   └ <uvicorn.middleware.proxy_headers.ProxyHeadersMiddleware object at 0x0000021D62897620>
  File "E:\vbenspace\vben-python\.venv\Lib\site-packages\uvicorn\middleware\proxy_headers.py", line 60, in __call__
    return await self.app(scope, receive, send)
                 │    │   │      │        └ <bound method RequestResponseCycle.send of <uvicorn.protocols.http.httptools_impl.RequestResponseCycle object at 0x0000021D62...
                 │    │   │      └ <bound method RequestResponseCycle.receive of <uvicorn.protocols.http.httptools_impl.RequestResponseCycle object at 0x0000021...
                 │    │   └ {'type': 'http', 'asgi': {'version': '3.0', 'spec_version': '2.3'}, 'http_version': '1.1', 'server': ('127.0.0.1', 8080), 'cl...
                 │    └ <fastapi.applications.FastAPI object at 0x0000021D627C5160>
                 └ <uvicorn.middleware.proxy_headers.ProxyHeadersMiddleware object at 0x0000021D62897620>
  File "E:\vbenspace\vben-python\.venv\Lib\site-packages\fastapi\applications.py", line 1134, in __call__
    await super().__call__(scope, receive, send)
                           │      │        └ <bound method RequestResponseCycle.send of <uvicorn.protocols.http.httptools_impl.RequestResponseCycle object at 0x0000021D62...
                           │      └ <bound method RequestResponseCycle.receive of <uvicorn.protocols.http.httptools_impl.RequestResponseCycle object at 0x0000021...
                           └ {'type': 'http', 'asgi': {'version': '3.0', 'spec_version': '2.3'}, 'http_version': '1.1', 'server': ('127.0.0.1', 8080), 'cl...
  File "E:\vbenspace\vben-python\.venv\Lib\site-packages\starlette\applications.py", line 113, in __call__
    await self.middleware_stack(scope, receive, send)
          │    │                │      │        └ <bound method RequestResponseCycle.send of <uvicorn.protocols.http.httptools_impl.RequestResponseCycle object at 0x0000021D62...
          │    │                │      └ <bound method RequestResponseCycle.receive of <uvicorn.protocols.http.httptools_impl.RequestResponseCycle object at 0x0000021...
          │    │                └ {'type': 'http', 'asgi': {'version': '3.0', 'spec_version': '2.3'}, 'http_version': '1.1', 'server': ('127.0.0.1', 8080), 'cl...
          │    └ <starlette.middleware.errors.ServerErrorMiddleware object at 0x0000021D62998590>
          └ <fastapi.applications.FastAPI object at 0x0000021D627C5160>
> File "E:\vbenspace\vben-python\.venv\Lib\site-packages\starlette\middleware\errors.py", line 164, in __call__
    await self.app(scope, receive, _send)
          │    │   │      │        └ <function ServerErrorMiddleware.__call__.<locals>._send at 0x0000021D62A53110>
          │    │   │      └ <bound method RequestResponseCycle.receive of <uvicorn.protocols.http.httptools_impl.RequestResponseCycle object at 0x0000021...
          │    │   └ {'type': 'http', 'asgi': {'version': '3.0', 'spec_version': '2.3'}, 'http_version': '1.1', 'server': ('127.0.0.1', 8080), 'cl...
          │    └ <middlewares.trace_middleware.middle.TraceASGIMiddleware object at 0x0000021D62998440>
          └ <starlette.middleware.errors.ServerErrorMiddleware object at 0x0000021D62998590>

  File "E:\vbenspace\vben-python\middlewares\trace_middleware\middle.py", line 47, in __call__
    await self.app(scope, handle_outgoing_receive, handle_outgoing_request)
          │    │   │      │                        └ <function TraceASGIMiddleware.__call__.<locals>.handle_outgoing_request at 0x0000021D62AB4CA0>
          │    │   │      └ <function RequestResponseCycle.receive at 0x0000021D62A538A0>
          │    │   └ {'type': 'http', 'asgi': {'version': '3.0', 'spec_version': '2.3'}, 'http_version': '1.1', 'server': ('127.0.0.1', 8080), 'cl...
          │    └ <starlette.middleware.gzip.GZipMiddleware object at 0x0000021D629982F0>
          └ <middlewares.trace_middleware.middle.TraceASGIMiddleware object at 0x0000021D62998440>

  File "E:\vbenspace\vben-python\.venv\Lib\site-packages\starlette\middleware\gzip.py", line 29, in __call__
    await responder(scope, receive, send)
          │         │      │        └ <function TraceASGIMiddleware.__call__.<locals>.handle_outgoing_request at 0x0000021D62AB4CA0>
          │         │      └ <function RequestResponseCycle.receive at 0x0000021D62A538A0>
          │         └ {'type': 'http', 'asgi': {'version': '3.0', 'spec_version': '2.3'}, 'http_version': '1.1', 'server': ('127.0.0.1', 8080), 'cl...
          └ <starlette.middleware.gzip.GZipResponder object at 0x0000021D62A3F250>
  File "E:\vbenspace\vben-python\.venv\Lib\site-packages\starlette\middleware\gzip.py", line 130, in __call__
    await super().__call__(scope, receive, send)
                           │      │        └ <function TraceASGIMiddleware.__call__.<locals>.handle_outgoing_request at 0x0000021D62AB4CA0>
                           │      └ <function RequestResponseCycle.receive at 0x0000021D62A538A0>
                           └ {'type': 'http', 'asgi': {'version': '3.0', 'spec_version': '2.3'}, 'http_version': '1.1', 'server': ('127.0.0.1', 8080), 'cl...
  File "E:\vbenspace\vben-python\.venv\Lib\site-packages\starlette\middleware\gzip.py", line 46, in __call__
    await self.app(scope, receive, self.send_with_compression)
          │    │   │      │        │    └ <function IdentityResponder.send_with_compression at 0x0000021D62083690>
          │    │   │      │        └ <starlette.middleware.gzip.GZipResponder object at 0x0000021D62A3F250>
          │    │   │      └ <function RequestResponseCycle.receive at 0x0000021D62A538A0>
          │    │   └ {'type': 'http', 'asgi': {'version': '3.0', 'spec_version': '2.3'}, 'http_version': '1.1', 'server': ('127.0.0.1', 8080), 'cl...
          │    └ <starlette.middleware.cors.CORSMiddleware object at 0x0000021D629981A0>
          └ <starlette.middleware.gzip.GZipResponder object at 0x0000021D62A3F250>
  File "E:\vbenspace\vben-python\.venv\Lib\site-packages\starlette\middleware\cors.py", line 93, in __call__
    await self.simple_response(scope, receive, send, request_headers=headers)
          │    │               │      │        │                     └ Headers({'host': 'localhost:8080', 'connection': 'close', 'content-length': '286', 'sec-ch-ua-platform': '"Windows"', 'author...
          │    │               │      │        └ <bound method IdentityResponder.send_with_compression of <starlette.middleware.gzip.GZipResponder object at 0x0000021D62A3F250>>
          │    │               │      └ <function RequestResponseCycle.receive at 0x0000021D62A538A0>
          │    │               └ {'type': 'http', 'asgi': {'version': '3.0', 'spec_version': '2.3'}, 'http_version': '1.1', 'server': ('127.0.0.1', 8080), 'cl...
          │    └ <function CORSMiddleware.simple_response at 0x0000021D62082C40>
          └ <starlette.middleware.cors.CORSMiddleware object at 0x0000021D629981A0>
  File "E:\vbenspace\vben-python\.venv\Lib\site-packages\starlette\middleware\cors.py", line 144, in simple_response
    await self.app(scope, receive, send)
          │    │   │      │        └ functools.partial(<bound method CORSMiddleware.send of <starlette.middleware.cors.CORSMiddleware object at 0x0000021D629981A0...
          │    │   │      └ <function RequestResponseCycle.receive at 0x0000021D62A538A0>
          │    │   └ {'type': 'http', 'asgi': {'version': '3.0', 'spec_version': '2.3'}, 'http_version': '1.1', 'server': ('127.0.0.1', 8080), 'cl...
          │    └ <starlette.middleware.exceptions.ExceptionMiddleware object at 0x0000021D62998050>
          └ <starlette.middleware.cors.CORSMiddleware object at 0x0000021D629981A0>
  File "E:\vbenspace\vben-python\.venv\Lib\site-packages\starlette\middleware\exceptions.py", line 63, in __call__
    await wrap_app_handling_exceptions(self.app, conn)(scope, receive, send)
          │                            │    │    │     │      │        └ functools.partial(<bound method CORSMiddleware.send of <starlette.middleware.cors.CORSMiddleware object at 0x0000021D629981A0...
          │                            │    │    │     │      └ <function RequestResponseCycle.receive at 0x0000021D62A538A0>
          │                            │    │    │     └ {'type': 'http', 'asgi': {'version': '3.0', 'spec_version': '2.3'}, 'http_version': '1.1', 'server': ('127.0.0.1', 8080), 'cl...
          │                            │    │    └ <starlette.requests.Request object at 0x0000021D62AB4EC0>
          │                            │    └ <fastapi.middleware.asyncexitstack.AsyncExitStackMiddleware object at 0x0000021D62897E00>
          │                            └ <starlette.middleware.exceptions.ExceptionMiddleware object at 0x0000021D62998050>
          └ <function wrap_app_handling_exceptions at 0x0000021D3ED638A0>
  File "E:\vbenspace\vben-python\.venv\Lib\site-packages\starlette\_exception_handler.py", line 53, in wrapped_app
    raise exc
  File "E:\vbenspace\vben-python\.venv\Lib\site-packages\starlette\_exception_handler.py", line 42, in wrapped_app
    await app(scope, receive, sender)
          │   │      │        └ <function wrap_app_handling_exceptions.<locals>.wrapped_app.<locals>.sender at 0x0000021D62AB4670>
          │   │      └ <function RequestResponseCycle.receive at 0x0000021D62A538A0>
          │   └ {'type': 'http', 'asgi': {'version': '3.0', 'spec_version': '2.3'}, 'http_version': '1.1', 'server': ('127.0.0.1', 8080), 'cl...
          └ <fastapi.middleware.asyncexitstack.AsyncExitStackMiddleware object at 0x0000021D62897E00>
  File "E:\vbenspace\vben-python\.venv\Lib\site-packages\fastapi\middleware\asyncexitstack.py", line 18, in __call__
    await self.app(scope, receive, send)
          │    │   │      │        └ <function wrap_app_handling_exceptions.<locals>.wrapped_app.<locals>.sender at 0x0000021D62AB4670>
          │    │   │      └ <function RequestResponseCycle.receive at 0x0000021D62A538A0>
          │    │   └ {'type': 'http', 'asgi': {'version': '3.0', 'spec_version': '2.3'}, 'http_version': '1.1', 'server': ('127.0.0.1', 8080), 'cl...
          │    └ <fastapi.routing.APIRouter object at 0x0000021D62810140>
          └ <fastapi.middleware.asyncexitstack.AsyncExitStackMiddleware object at 0x0000021D62897E00>
  File "E:\vbenspace\vben-python\.venv\Lib\site-packages\starlette\routing.py", line 716, in __call__
    await self.middleware_stack(scope, receive, send)
          │    │                │      │        └ <function wrap_app_handling_exceptions.<locals>.wrapped_app.<locals>.sender at 0x0000021D62AB4670>
          │    │                │      └ <function RequestResponseCycle.receive at 0x0000021D62A538A0>
          │    │                └ {'type': 'http', 'asgi': {'version': '3.0', 'spec_version': '2.3'}, 'http_version': '1.1', 'server': ('127.0.0.1', 8080), 'cl...
          │    └ <bound method Router.app of <fastapi.routing.APIRouter object at 0x0000021D62810140>>
          └ <fastapi.routing.APIRouter object at 0x0000021D62810140>
  File "E:\vbenspace\vben-python\.venv\Lib\site-packages\starlette\routing.py", line 736, in app
    await route.handle(scope, receive, send)
          │     │      │      │        └ <function wrap_app_handling_exceptions.<locals>.wrapped_app.<locals>.sender at 0x0000021D62AB4670>
          │     │      │      └ <function RequestResponseCycle.receive at 0x0000021D62A538A0>
          │     │      └ {'type': 'http', 'asgi': {'version': '3.0', 'spec_version': '2.3'}, 'http_version': '1.1', 'server': ('127.0.0.1', 8080), 'cl...
          │     └ <function Route.handle at 0x0000021D3ED86560>
          └ APIRoute(path='/sys/org/dept', name='put', methods=['PUT'])
  File "E:\vbenspace\vben-python\.venv\Lib\site-packages\starlette\routing.py", line 290, in handle
    await self.app(scope, receive, send)
          │    │   │      │        └ <function wrap_app_handling_exceptions.<locals>.wrapped_app.<locals>.sender at 0x0000021D62AB4670>
          │    │   │      └ <function RequestResponseCycle.receive at 0x0000021D62A538A0>
          │    │   └ {'type': 'http', 'asgi': {'version': '3.0', 'spec_version': '2.3'}, 'http_version': '1.1', 'server': ('127.0.0.1', 8080), 'cl...
          │    └ <function request_response.<locals>.app at 0x0000021D62825850>
          └ APIRoute(path='/sys/org/dept', name='put', methods=['PUT'])
  File "E:\vbenspace\vben-python\.venv\Lib\site-packages\fastapi\routing.py", line 124, in app
    await wrap_app_handling_exceptions(app, request)(scope, receive, send)
          │                            │    │        │      │        └ <function wrap_app_handling_exceptions.<locals>.wrapped_app.<locals>.sender at 0x0000021D62AB4670>
          │                            │    │        │      └ <function RequestResponseCycle.receive at 0x0000021D62A538A0>
          │                            │    │        └ {'type': 'http', 'asgi': {'version': '3.0', 'spec_version': '2.3'}, 'http_version': '1.1', 'server': ('127.0.0.1', 8080), 'cl...
          │                            │    └ <starlette.requests.Request object at 0x0000021D62AB4310>
          │                            └ <function request_response.<locals>.app.<locals>.app at 0x0000021D62AB4720>
          └ <function wrap_app_handling_exceptions at 0x0000021D3ED638A0>
  File "E:\vbenspace\vben-python\.venv\Lib\site-packages\starlette\_exception_handler.py", line 53, in wrapped_app
    raise exc
  File "E:\vbenspace\vben-python\.venv\Lib\site-packages\starlette\_exception_handler.py", line 42, in wrapped_app
    await app(scope, receive, sender)
          │   │      │        └ <function wrap_app_handling_exceptions.<locals>.wrapped_app.<locals>.sender at 0x0000021D62AB4880>
          │   │      └ <function RequestResponseCycle.receive at 0x0000021D62A538A0>
          │   └ {'type': 'http', 'asgi': {'version': '3.0', 'spec_version': '2.3'}, 'http_version': '1.1', 'server': ('127.0.0.1', 8080), 'cl...
          └ <function request_response.<locals>.app.<locals>.app at 0x0000021D62AB4720>
  File "E:\vbenspace\vben-python\.venv\Lib\site-packages\fastapi\routing.py", line 110, in app
    response = await f(request)
                     │ └ <starlette.requests.Request object at 0x0000021D62AB4310>
                     └ <function get_request_handler.<locals>.app at 0x0000021D628257A0>
  File "E:\vbenspace\vben-python\.venv\Lib\site-packages\fastapi\routing.py", line 390, in app
    raw_response = await run_endpoint_function(
                         └ <function run_endpoint_function at 0x0000021D3ED8ACF0>
  File "E:\vbenspace\vben-python\.venv\Lib\site-packages\fastapi\routing.py", line 289, in run_endpoint_function
    return await dependant.call(**values)
                 │         │      └ {'service': <modules.base.sys.org.dept.service.SysOrgDeptService object at 0x0000021D6299D6E0>, 'bo': DeptBo(id='d19855793397...
                 │         └ <function put at 0x0000021D620F9380>
                 └ Dependant(path_params=[], query_params=[], header_params=[], cookie_params=[], body_params=[ModelField(field_info=Body(Pydant...

  File "E:\vbenspace\vben-python\modules\base\sys\org\dept\router.py", line 72, in put
    await service.update(bo.model_dump())
          │       │      │  └ <function BaseModel.model_dump at 0x0000021D3E9DAAE0>
          │       │      └ DeptBo(id='d1985579339772727296', name='aaa', pid='d1985590113907904512', type=8, tier='d1985579339772727296', label='1', not...
          │       └ <function SysOrgDeptService.update at 0x0000021D62097060>
          └ <modules.base.sys.org.dept.service.SysOrgDeptService object at 0x0000021D6299D6E0>

  File "E:\vbenspace\vben-python\modules\base\sys\org\dept\service.py", line 47, in update
    await self.__deal_dept_tier(old_tier, main_dict['tier'], main_dict['id'])
          │                     │         │                  └ {'id': 'd1985579339772727296', 'name': 'aaa', 'pid': 'd1985590113907904512', 'type': 8, 'tier': 'd1985580839735529472_d198558...
          │                     │         └ {'id': 'd1985579339772727296', 'name': 'aaa', 'pid': 'd1985590113907904512', 'type': 8, 'tier': 'd1985580839735529472_d198558...
          │                     └ 'd1985579339772727296'
          └ <modules.base.sys.org.dept.service.SysOrgDeptService object at 0x0000021D6299D6E0>

  File "E:\vbenspace\vben-python\modules\base\sys\org\dept\service.py", line 52, in __deal_dept_tier
    tier=SysOrgDept.tier.replace(old_tier, new_tier)
         │          │            │         └ 'd1985580839735529472_d1985584189902295040_d1985590113907904512_d1985579339772727296'
         │          │            └ 'd1985579339772727296'
         │          └ <sqlalchemy.orm.attributes.InstrumentedAttribute object at 0x0000021D620BC680>
         └ <class 'modules.base.sys.org.dept.model.SysOrgDept'>

  File "E:\vbenspace\vben-python\.venv\Lib\site-packages\sqlalchemy\orm\attributes.py", line 477, in __getattr__
    raise AttributeError(

AttributeError: Neither 'InstrumentedAttribute' object nor 'Comparator' object associated with SysOrgDept.tier has an attribute 'replace'
2025-11-04 14:09:57.826 | 0cfe7e8c24f342709b4b937d39727673 | ERROR    | exceptions.handle:exception_handler:70 - Neither 'InstrumentedAttribute' object nor 'Comparator' object associated with SysOrgDept.tier has an attribute 'replace'
Traceback (most recent call last):

  File "E:\vbenspace\vben-python\.venv\Lib\site-packages\sqlalchemy\sql\elements.py", line 1517, in __getattr__
    return getattr(self.comparator, key)
                   │    │           └ 'replace'
                   │    └ <sqlalchemy.sql.sqltypes.Concatenable.Comparator object at 0x0000021D62986E00>
                   └ Column('tier', String(length=512), table=<sys_org_dept>, comment='层级')

AttributeError: 'Comparator' object has no attribute 'replace'


The above exception was the direct cause of the following exception:


Traceback (most recent call last):

  File "E:\vbenspace\vben-python\.venv\Lib\site-packages\sqlalchemy\orm\attributes.py", line 475, in __getattr__
    return getattr(self.comparator, key)
                   │    │           └ 'replace'
                   │    └ <member 'comparator' of 'QueryableAttribute' objects>
                   └ <sqlalchemy.orm.attributes.InstrumentedAttribute object at 0x0000021D620BC680>
  File "E:\vbenspace\vben-python\.venv\Lib\site-packages\sqlalchemy\util\langhelpers.py", line 1416, in __getattr__
    return self._fallback_getattr(key)
           │    │                 └ 'replace'
           │    └ <function ColumnProperty.Comparator._fallback_getattr at 0x0000021D40ADE560>
           └ <sqlalchemy.orm.properties.ColumnProperty.Comparator object at 0x0000021D620B1710>
  File "E:\vbenspace\vben-python\.venv\Lib\site-packages\sqlalchemy\orm\properties.py", line 474, in _fallback_getattr
    return getattr(self.__clause_element__(), key)
                   │    │                     └ 'replace'
                   │    └ <member '__clause_element__' of 'Comparator' objects>
                   └ <sqlalchemy.orm.properties.ColumnProperty.Comparator object at 0x0000021D620B1710>
  File "E:\vbenspace\vben-python\.venv\Lib\site-packages\sqlalchemy\sql\elements.py", line 1519, in __getattr__
    raise AttributeError(

AttributeError: Neither 'AnnotatedColumn' object nor 'Comparator' object has an attribute 'replace'


The above exception was the direct cause of the following exception:


Traceback (most recent call last):

  File "<string>", line 1, in <module>
  File "D:\dev\python\Lib\multiprocessing\spawn.py", line 122, in spawn_main
    exitcode = _main(fd, parent_sentinel)
               │     │   └ 332
               │     └ 3
               └ <function _main at 0x0000021D3B8D8B40>
  File "D:\dev\python\Lib\multiprocessing\spawn.py", line 135, in _main
    return self._bootstrap(parent_sentinel)
           │    │          └ 332
           │    └ <function BaseProcess._bootstrap at 0x0000021D3B5A2CF0>
           └ <SpawnProcess name='SpawnProcess-1' parent=21036 started>
  File "D:\dev\python\Lib\multiprocessing\process.py", line 320, in _bootstrap
    self.run()
    │    └ <function BaseProcess.run at 0x0000021D3B5A2090>
    └ <SpawnProcess name='SpawnProcess-1' parent=21036 started>
  File "D:\dev\python\Lib\multiprocessing\process.py", line 108, in run
    self._target(*self._args, **self._kwargs)
    │    │        │    │        │    └ {'config': <uvicorn.config.Config object at 0x0000021D3B890AD0>, 'target': <bound method Server.run of <uvicorn.server.Server...
    │    │        │    │        └ <SpawnProcess name='SpawnProcess-1' parent=21036 started>
    │    │        │    └ ()
    │    │        └ <SpawnProcess name='SpawnProcess-1' parent=21036 started>
    │    └ <function subprocess_started at 0x0000021D3DBBA350>
    └ <SpawnProcess name='SpawnProcess-1' parent=21036 started>
  File "E:\vbenspace\vben-python\.venv\Lib\site-packages\uvicorn\_subprocess.py", line 80, in subprocess_started
    target(sockets=sockets)
    │              └ [<socket.socket fd=800, family=2, type=1, proto=6, laddr=('0.0.0.0', 8080)>]
    └ <bound method Server.run of <uvicorn.server.Server object at 0x0000021D6214BCB0>>
  File "E:\vbenspace\vben-python\.venv\Lib\site-packages\uvicorn\server.py", line 67, in run
    return asyncio_run(self.serve(sockets=sockets), loop_factory=self.config.get_loop_factory())
           │           │    │             │                      │    │      └ <function Config.get_loop_factory at 0x0000021D3DB3A400>
           │           │    │             │                      │    └ <uvicorn.config.Config object at 0x0000021D3B890AD0>
           │           │    │             │                      └ <uvicorn.server.Server object at 0x0000021D6214BCB0>
           │           │    │             └ [<socket.socket fd=800, family=2, type=1, proto=6, laddr=('0.0.0.0', 8080)>]
           │           │    └ <function Server.serve at 0x0000021D3DB91850>
           │           └ <uvicorn.server.Server object at 0x0000021D6214BCB0>
           └ <function run at 0x0000021D3D758670>
  File "D:\dev\python\Lib\asyncio\runners.py", line 204, in run
    return runner.run(main)
           │      │   └ <coroutine object Server.serve at 0x0000021D40B736A0>
           │      └ <function Runner.run at 0x0000021D3D758A90>
           └ <asyncio.runners.Runner object at 0x0000021D627DDF90>
  File "D:\dev\python\Lib\asyncio\runners.py", line 127, in run
    return self._loop.run_until_complete(task)
           │    │     │                  └ <Task pending name='Task-1' coro=<Server.serve() running at E:\vbenspace\vben-python\.venv\Lib\site-packages\uvicorn\server.p...
           │    │     └ <function BaseEventLoop.run_until_complete at 0x0000021D3D73CEB0>
           │    └ <_WindowsSelectorEventLoop running=True closed=False debug=False>
           └ <asyncio.runners.Runner object at 0x0000021D627DDF90>
  File "D:\dev\python\Lib\asyncio\base_events.py", line 706, in run_until_complete
    self.run_forever()
    │    └ <function BaseEventLoop.run_forever at 0x0000021D3D73CE00>
    └ <_WindowsSelectorEventLoop running=True closed=False debug=False>
  File "D:\dev\python\Lib\asyncio\base_events.py", line 677, in run_forever
    self._run_once()
    │    └ <function BaseEventLoop._run_once at 0x0000021D3D73EF00>
    └ <_WindowsSelectorEventLoop running=True closed=False debug=False>
  File "D:\dev\python\Lib\asyncio\base_events.py", line 2046, in _run_once
    handle._run()
    │      └ <function Handle._run at 0x0000021D3BB13530>
    └ <Handle Task.task_wakeup()>
  File "D:\dev\python\Lib\asyncio\events.py", line 94, in _run
    self._context.run(self._callback, *self._args)
    │    │            │    │           │    └ <member '_args' of 'Handle' objects>
    │    │            │    │           └ <Handle Task.task_wakeup()>
    │    │            │    └ <member '_callback' of 'Handle' objects>
    │    │            └ <Handle Task.task_wakeup()>
    │    └ <member '_context' of 'Handle' objects>
    └ <Handle Task.task_wakeup()>
  File "E:\vbenspace\vben-python\.venv\Lib\site-packages\uvicorn\protocols\http\httptools_impl.py", line 409, in run_asgi
    result = await app(  # type: ignore[func-returns-value]
                   └ <uvicorn.middleware.proxy_headers.ProxyHeadersMiddleware object at 0x0000021D62897620>
  File "E:\vbenspace\vben-python\.venv\Lib\site-packages\uvicorn\middleware\proxy_headers.py", line 60, in __call__
    return await self.app(scope, receive, send)
                 │    │   │      │        └ <bound method RequestResponseCycle.send of <uvicorn.protocols.http.httptools_impl.RequestResponseCycle object at 0x0000021D62...
                 │    │   │      └ <bound method RequestResponseCycle.receive of <uvicorn.protocols.http.httptools_impl.RequestResponseCycle object at 0x0000021...
                 │    │   └ {'type': 'http', 'asgi': {'version': '3.0', 'spec_version': '2.3'}, 'http_version': '1.1', 'server': ('127.0.0.1', 8080), 'cl...
                 │    └ <fastapi.applications.FastAPI object at 0x0000021D627C5160>
                 └ <uvicorn.middleware.proxy_headers.ProxyHeadersMiddleware object at 0x0000021D62897620>
  File "E:\vbenspace\vben-python\.venv\Lib\site-packages\fastapi\applications.py", line 1134, in __call__
    await super().__call__(scope, receive, send)
                           │      │        └ <bound method RequestResponseCycle.send of <uvicorn.protocols.http.httptools_impl.RequestResponseCycle object at 0x0000021D62...
                           │      └ <bound method RequestResponseCycle.receive of <uvicorn.protocols.http.httptools_impl.RequestResponseCycle object at 0x0000021...
                           └ {'type': 'http', 'asgi': {'version': '3.0', 'spec_version': '2.3'}, 'http_version': '1.1', 'server': ('127.0.0.1', 8080), 'cl...
  File "E:\vbenspace\vben-python\.venv\Lib\site-packages\starlette\applications.py", line 113, in __call__
    await self.middleware_stack(scope, receive, send)
          │    │                │      │        └ <bound method RequestResponseCycle.send of <uvicorn.protocols.http.httptools_impl.RequestResponseCycle object at 0x0000021D62...
          │    │                │      └ <bound method RequestResponseCycle.receive of <uvicorn.protocols.http.httptools_impl.RequestResponseCycle object at 0x0000021...
          │    │                └ {'type': 'http', 'asgi': {'version': '3.0', 'spec_version': '2.3'}, 'http_version': '1.1', 'server': ('127.0.0.1', 8080), 'cl...
          │    └ <starlette.middleware.errors.ServerErrorMiddleware object at 0x0000021D62998590>
          └ <fastapi.applications.FastAPI object at 0x0000021D627C5160>
> File "E:\vbenspace\vben-python\.venv\Lib\site-packages\starlette\middleware\errors.py", line 164, in __call__
    await self.app(scope, receive, _send)
          │    │   │      │        └ <function ServerErrorMiddleware.__call__.<locals>._send at 0x0000021D62A51900>
          │    │   │      └ <bound method RequestResponseCycle.receive of <uvicorn.protocols.http.httptools_impl.RequestResponseCycle object at 0x0000021...
          │    │   └ {'type': 'http', 'asgi': {'version': '3.0', 'spec_version': '2.3'}, 'http_version': '1.1', 'server': ('127.0.0.1', 8080), 'cl...
          │    └ <middlewares.trace_middleware.middle.TraceASGIMiddleware object at 0x0000021D62998440>
          └ <starlette.middleware.errors.ServerErrorMiddleware object at 0x0000021D62998590>

  File "E:\vbenspace\vben-python\middlewares\trace_middleware\middle.py", line 47, in __call__
    await self.app(scope, handle_outgoing_receive, handle_outgoing_request)
          │    │   │      │                        └ <function TraceASGIMiddleware.__call__.<locals>.handle_outgoing_request at 0x0000021D6298D010>
          │    │   │      └ <function RequestResponseCycle.receive at 0x0000021D62A538A0>
          │    │   └ {'type': 'http', 'asgi': {'version': '3.0', 'spec_version': '2.3'}, 'http_version': '1.1', 'server': ('127.0.0.1', 8080), 'cl...
          │    └ <starlette.middleware.gzip.GZipMiddleware object at 0x0000021D629982F0>
          └ <middlewares.trace_middleware.middle.TraceASGIMiddleware object at 0x0000021D62998440>

  File "E:\vbenspace\vben-python\.venv\Lib\site-packages\starlette\middleware\gzip.py", line 29, in __call__
    await responder(scope, receive, send)
          │         │      │        └ <function TraceASGIMiddleware.__call__.<locals>.handle_outgoing_request at 0x0000021D6298D010>
          │         │      └ <function RequestResponseCycle.receive at 0x0000021D62A538A0>
          │         └ {'type': 'http', 'asgi': {'version': '3.0', 'spec_version': '2.3'}, 'http_version': '1.1', 'server': ('127.0.0.1', 8080), 'cl...
          └ <starlette.middleware.gzip.GZipResponder object at 0x0000021D62A3F250>
  File "E:\vbenspace\vben-python\.venv\Lib\site-packages\starlette\middleware\gzip.py", line 130, in __call__
    await super().__call__(scope, receive, send)
                           │      │        └ <function TraceASGIMiddleware.__call__.<locals>.handle_outgoing_request at 0x0000021D6298D010>
                           │      └ <function RequestResponseCycle.receive at 0x0000021D62A538A0>
                           └ {'type': 'http', 'asgi': {'version': '3.0', 'spec_version': '2.3'}, 'http_version': '1.1', 'server': ('127.0.0.1', 8080), 'cl...
  File "E:\vbenspace\vben-python\.venv\Lib\site-packages\starlette\middleware\gzip.py", line 46, in __call__
    await self.app(scope, receive, self.send_with_compression)
          │    │   │      │        │    └ <function IdentityResponder.send_with_compression at 0x0000021D62083690>
          │    │   │      │        └ <starlette.middleware.gzip.GZipResponder object at 0x0000021D62A3F250>
          │    │   │      └ <function RequestResponseCycle.receive at 0x0000021D62A538A0>
          │    │   └ {'type': 'http', 'asgi': {'version': '3.0', 'spec_version': '2.3'}, 'http_version': '1.1', 'server': ('127.0.0.1', 8080), 'cl...
          │    └ <starlette.middleware.cors.CORSMiddleware object at 0x0000021D629981A0>
          └ <starlette.middleware.gzip.GZipResponder object at 0x0000021D62A3F250>
  File "E:\vbenspace\vben-python\.venv\Lib\site-packages\starlette\middleware\cors.py", line 93, in __call__
    await self.simple_response(scope, receive, send, request_headers=headers)
          │    │               │      │        │                     └ Headers({'host': 'localhost:8080', 'connection': 'close', 'content-length': '286', 'sec-ch-ua-platform': '"Windows"', 'author...
          │    │               │      │        └ <bound method IdentityResponder.send_with_compression of <starlette.middleware.gzip.GZipResponder object at 0x0000021D62A3F250>>
          │    │               │      └ <function RequestResponseCycle.receive at 0x0000021D62A538A0>
          │    │               └ {'type': 'http', 'asgi': {'version': '3.0', 'spec_version': '2.3'}, 'http_version': '1.1', 'server': ('127.0.0.1', 8080), 'cl...
          │    └ <function CORSMiddleware.simple_response at 0x0000021D62082C40>
          └ <starlette.middleware.cors.CORSMiddleware object at 0x0000021D629981A0>
  File "E:\vbenspace\vben-python\.venv\Lib\site-packages\starlette\middleware\cors.py", line 144, in simple_response
    await self.app(scope, receive, send)
          │    │   │      │        └ functools.partial(<bound method CORSMiddleware.send of <starlette.middleware.cors.CORSMiddleware object at 0x0000021D629981A0...
          │    │   │      └ <function RequestResponseCycle.receive at 0x0000021D62A538A0>
          │    │   └ {'type': 'http', 'asgi': {'version': '3.0', 'spec_version': '2.3'}, 'http_version': '1.1', 'server': ('127.0.0.1', 8080), 'cl...
          │    └ <starlette.middleware.exceptions.ExceptionMiddleware object at 0x0000021D62998050>
          └ <starlette.middleware.cors.CORSMiddleware object at 0x0000021D629981A0>
  File "E:\vbenspace\vben-python\.venv\Lib\site-packages\starlette\middleware\exceptions.py", line 63, in __call__
    await wrap_app_handling_exceptions(self.app, conn)(scope, receive, send)
          │                            │    │    │     │      │        └ functools.partial(<bound method CORSMiddleware.send of <starlette.middleware.cors.CORSMiddleware object at 0x0000021D629981A0...
          │                            │    │    │     │      └ <function RequestResponseCycle.receive at 0x0000021D62A538A0>
          │                            │    │    │     └ {'type': 'http', 'asgi': {'version': '3.0', 'spec_version': '2.3'}, 'http_version': '1.1', 'server': ('127.0.0.1', 8080), 'cl...
          │                            │    │    └ <starlette.requests.Request object at 0x0000021D62AB4CB0>
          │                            │    └ <fastapi.middleware.asyncexitstack.AsyncExitStackMiddleware object at 0x0000021D62897E00>
          │                            └ <starlette.middleware.exceptions.ExceptionMiddleware object at 0x0000021D62998050>
          └ <function wrap_app_handling_exceptions at 0x0000021D3ED638A0>
  File "E:\vbenspace\vben-python\.venv\Lib\site-packages\starlette\_exception_handler.py", line 53, in wrapped_app
    raise exc
  File "E:\vbenspace\vben-python\.venv\Lib\site-packages\starlette\_exception_handler.py", line 42, in wrapped_app
    await app(scope, receive, sender)
          │   │      │        └ <function wrap_app_handling_exceptions.<locals>.wrapped_app.<locals>.sender at 0x0000021D62AB41A0>
          │   │      └ <function RequestResponseCycle.receive at 0x0000021D62A538A0>
          │   └ {'type': 'http', 'asgi': {'version': '3.0', 'spec_version': '2.3'}, 'http_version': '1.1', 'server': ('127.0.0.1', 8080), 'cl...
          └ <fastapi.middleware.asyncexitstack.AsyncExitStackMiddleware object at 0x0000021D62897E00>
  File "E:\vbenspace\vben-python\.venv\Lib\site-packages\fastapi\middleware\asyncexitstack.py", line 18, in __call__
    await self.app(scope, receive, send)
          │    │   │      │        └ <function wrap_app_handling_exceptions.<locals>.wrapped_app.<locals>.sender at 0x0000021D62AB41A0>
          │    │   │      └ <function RequestResponseCycle.receive at 0x0000021D62A538A0>
          │    │   └ {'type': 'http', 'asgi': {'version': '3.0', 'spec_version': '2.3'}, 'http_version': '1.1', 'server': ('127.0.0.1', 8080), 'cl...
          │    └ <fastapi.routing.APIRouter object at 0x0000021D62810140>
          └ <fastapi.middleware.asyncexitstack.AsyncExitStackMiddleware object at 0x0000021D62897E00>
  File "E:\vbenspace\vben-python\.venv\Lib\site-packages\starlette\routing.py", line 716, in __call__
    await self.middleware_stack(scope, receive, send)
          │    │                │      │        └ <function wrap_app_handling_exceptions.<locals>.wrapped_app.<locals>.sender at 0x0000021D62AB41A0>
          │    │                │      └ <function RequestResponseCycle.receive at 0x0000021D62A538A0>
          │    │                └ {'type': 'http', 'asgi': {'version': '3.0', 'spec_version': '2.3'}, 'http_version': '1.1', 'server': ('127.0.0.1', 8080), 'cl...
          │    └ <bound method Router.app of <fastapi.routing.APIRouter object at 0x0000021D62810140>>
          └ <fastapi.routing.APIRouter object at 0x0000021D62810140>
  File "E:\vbenspace\vben-python\.venv\Lib\site-packages\starlette\routing.py", line 736, in app
    await route.handle(scope, receive, send)
          │     │      │      │        └ <function wrap_app_handling_exceptions.<locals>.wrapped_app.<locals>.sender at 0x0000021D62AB41A0>
          │     │      │      └ <function RequestResponseCycle.receive at 0x0000021D62A538A0>
          │     │      └ {'type': 'http', 'asgi': {'version': '3.0', 'spec_version': '2.3'}, 'http_version': '1.1', 'server': ('127.0.0.1', 8080), 'cl...
          │     └ <function Route.handle at 0x0000021D3ED86560>
          └ APIRoute(path='/sys/org/dept', name='put', methods=['PUT'])
  File "E:\vbenspace\vben-python\.venv\Lib\site-packages\starlette\routing.py", line 290, in handle
    await self.app(scope, receive, send)
          │    │   │      │        └ <function wrap_app_handling_exceptions.<locals>.wrapped_app.<locals>.sender at 0x0000021D62AB41A0>
          │    │   │      └ <function RequestResponseCycle.receive at 0x0000021D62A538A0>
          │    │   └ {'type': 'http', 'asgi': {'version': '3.0', 'spec_version': '2.3'}, 'http_version': '1.1', 'server': ('127.0.0.1', 8080), 'cl...
          │    └ <function request_response.<locals>.app at 0x0000021D62825850>
          └ APIRoute(path='/sys/org/dept', name='put', methods=['PUT'])
  File "E:\vbenspace\vben-python\.venv\Lib\site-packages\fastapi\routing.py", line 124, in app
    await wrap_app_handling_exceptions(app, request)(scope, receive, send)
          │                            │    │        │      │        └ <function wrap_app_handling_exceptions.<locals>.wrapped_app.<locals>.sender at 0x0000021D62AB41A0>
          │                            │    │        │      └ <function RequestResponseCycle.receive at 0x0000021D62A538A0>
          │                            │    │        └ {'type': 'http', 'asgi': {'version': '3.0', 'spec_version': '2.3'}, 'http_version': '1.1', 'server': ('127.0.0.1', 8080), 'cl...
          │                            │    └ <starlette.requests.Request object at 0x0000021D62AB43C0>
          │                            └ <function request_response.<locals>.app.<locals>.app at 0x0000021D62AB4720>
          └ <function wrap_app_handling_exceptions at 0x0000021D3ED638A0>
  File "E:\vbenspace\vben-python\.venv\Lib\site-packages\starlette\_exception_handler.py", line 53, in wrapped_app
    raise exc
  File "E:\vbenspace\vben-python\.venv\Lib\site-packages\starlette\_exception_handler.py", line 42, in wrapped_app
    await app(scope, receive, sender)
          │   │      │        └ <function wrap_app_handling_exceptions.<locals>.wrapped_app.<locals>.sender at 0x0000021D62AB4A90>
          │   │      └ <function RequestResponseCycle.receive at 0x0000021D62A538A0>
          │   └ {'type': 'http', 'asgi': {'version': '3.0', 'spec_version': '2.3'}, 'http_version': '1.1', 'server': ('127.0.0.1', 8080), 'cl...
          └ <function request_response.<locals>.app.<locals>.app at 0x0000021D62AB4720>
  File "E:\vbenspace\vben-python\.venv\Lib\site-packages\fastapi\routing.py", line 110, in app
    response = await f(request)
                     │ └ <starlette.requests.Request object at 0x0000021D62AB43C0>
                     └ <function get_request_handler.<locals>.app at 0x0000021D628257A0>
  File "E:\vbenspace\vben-python\.venv\Lib\site-packages\fastapi\routing.py", line 390, in app
    raw_response = await run_endpoint_function(
                         └ <function run_endpoint_function at 0x0000021D3ED8ACF0>
  File "E:\vbenspace\vben-python\.venv\Lib\site-packages\fastapi\routing.py", line 289, in run_endpoint_function
    return await dependant.call(**values)
                 │         │      └ {'service': <modules.base.sys.org.dept.service.SysOrgDeptService object at 0x0000021D6299F230>, 'bo': DeptBo(id='d19855793397...
                 │         └ <function put at 0x0000021D620F9380>
                 └ Dependant(path_params=[], query_params=[], header_params=[], cookie_params=[], body_params=[ModelField(field_info=Body(Pydant...

  File "E:\vbenspace\vben-python\modules\base\sys\org\dept\router.py", line 72, in put
    await service.update(bo.model_dump())
          │       │      │  └ <function BaseModel.model_dump at 0x0000021D3E9DAAE0>
          │       │      └ DeptBo(id='d1985579339772727296', name='aaa', pid='d1985590113907904512', type=8, tier='d1985579339772727296', label='1', not...
          │       └ <function SysOrgDeptService.update at 0x0000021D62097060>
          └ <modules.base.sys.org.dept.service.SysOrgDeptService object at 0x0000021D6299F230>

  File "E:\vbenspace\vben-python\modules\base\sys\org\dept\service.py", line 47, in update
    await self.__deal_dept_tier(old_tier, main_dict['tier'], main_dict['id'])
          │                     │         │                  └ {'id': 'd1985579339772727296', 'name': 'aaa', 'pid': 'd1985590113907904512', 'type': 8, 'tier': 'd1985580839735529472_d198558...
          │                     │         └ {'id': 'd1985579339772727296', 'name': 'aaa', 'pid': 'd1985590113907904512', 'type': 8, 'tier': 'd1985580839735529472_d198558...
          │                     └ 'd1985579339772727296'
          └ <modules.base.sys.org.dept.service.SysOrgDeptService object at 0x0000021D6299F230>

  File "E:\vbenspace\vben-python\modules\base\sys\org\dept\service.py", line 52, in __deal_dept_tier
    tier=SysOrgDept.tier.replace(old_tier, new_tier)
         │          │            │         └ 'd1985580839735529472_d1985584189902295040_d1985590113907904512_d1985579339772727296'
         │          │            └ 'd1985579339772727296'
         │          └ <sqlalchemy.orm.attributes.InstrumentedAttribute object at 0x0000021D620BC680>
         └ <class 'modules.base.sys.org.dept.model.SysOrgDept'>

  File "E:\vbenspace\vben-python\.venv\Lib\site-packages\sqlalchemy\orm\attributes.py", line 477, in __getattr__
    raise AttributeError(

AttributeError: Neither 'InstrumentedAttribute' object nor 'Comparator' object associated with SysOrgDept.tier has an attribute 'replace'
2025-11-04 14:14:15.902 |  | INFO     | config.get_redis:close_redis_pool:55 - ✅️ 关闭redis连接成功
2025-11-04 14:14:15.903 |  | INFO     | config.get_scheduler:close_system_scheduler:152 - ✅️ 关闭定时任务成功
2025-11-04 14:14:24.916 |  | INFO     | server:lifespan:46 - ⏰️ RuoYi-FastAPI开始启动
2025-11-04 14:14:24.916 |  | INFO     | config.get_db:init_create_table:21 - 🔎 初始化数据库连接...
2025-11-04 14:14:24.940 |  | INFO     | config.get_db:init_create_table:24 - ✅️ 数据库连接成功
2025-11-04 14:14:24.940 |  | INFO     | config.get_redis:create_redis_pool:22 - 🔎 开始连接redis...
2025-11-04 14:14:24.944 |  | INFO     | config.get_redis:create_redis_pool:35 - ✅️ redis连接成功
2025-11-04 14:14:24.957 |  | INFO     | config.get_scheduler:init_system_scheduler:134 - 🔎 开始启动定时任务...
2025-11-04 14:14:24.994 |  | INFO     | config.get_scheduler:init_system_scheduler:142 - ✅️ 系统初始定时任务加载成功
2025-11-04 14:14:24.994 |  | INFO     | server:lifespan:53 - 🚀 RuoYi-FastAPI启动成功
2025-11-04 14:19:15.750 |  | INFO     | config.get_redis:close_redis_pool:55 - ✅️ 关闭redis连接成功
2025-11-04 14:19:15.751 |  | INFO     | config.get_scheduler:close_system_scheduler:152 - ✅️ 关闭定时任务成功
2025-11-04 14:23:35.880 |  | INFO     | server:lifespan:46 - ⏰️ RuoYi-FastAPI开始启动
2025-11-04 14:23:35.881 |  | INFO     | config.get_db:init_create_table:21 - 🔎 初始化数据库连接...
2025-11-04 14:23:35.907 |  | INFO     | config.get_db:init_create_table:24 - ✅️ 数据库连接成功
2025-11-04 14:23:35.907 |  | INFO     | config.get_redis:create_redis_pool:22 - 🔎 开始连接redis...
2025-11-04 14:23:35.909 |  | INFO     | config.get_redis:create_redis_pool:35 - ✅️ redis连接成功
2025-11-04 14:23:35.922 |  | INFO     | config.get_scheduler:init_system_scheduler:134 - 🔎 开始启动定时任务...
2025-11-04 14:23:35.963 |  | INFO     | config.get_scheduler:init_system_scheduler:142 - ✅️ 系统初始定时任务加载成功
2025-11-04 14:23:35.963 |  | INFO     | server:lifespan:53 - 🚀 RuoYi-FastAPI启动成功
2025-11-04 14:24:23.044 | 733ee56baa9f4c39a624d337776cafe9 | ERROR    | exceptions.handle:exception_handler:70 - unsupported operand type(s) for +: 'NoneType' and 'str'
Traceback (most recent call last):

  File "<string>", line 1, in <module>
  File "D:\dev\python\Lib\multiprocessing\spawn.py", line 122, in spawn_main
    exitcode = _main(fd, parent_sentinel)
               │     │   └ 332
               │     └ 3
               └ <function _main at 0x00000144E78F8B40>
  File "D:\dev\python\Lib\multiprocessing\spawn.py", line 135, in _main
    return self._bootstrap(parent_sentinel)
           │    │          └ 332
           │    └ <function BaseProcess._bootstrap at 0x00000144E75B2CF0>
           └ <SpawnProcess name='SpawnProcess-1' parent=10076 started>
  File "D:\dev\python\Lib\multiprocessing\process.py", line 320, in _bootstrap
    self.run()
    │    └ <function BaseProcess.run at 0x00000144E75B2090>
    └ <SpawnProcess name='SpawnProcess-1' parent=10076 started>
  File "D:\dev\python\Lib\multiprocessing\process.py", line 108, in run
    self._target(*self._args, **self._kwargs)
    │    │        │    │        │    └ {'config': <uvicorn.config.Config object at 0x00000144E78B0AD0>, 'target': <bound method Server.run of <uvicorn.server.Server...
    │    │        │    │        └ <SpawnProcess name='SpawnProcess-1' parent=10076 started>
    │    │        │    └ ()
    │    │        └ <SpawnProcess name='SpawnProcess-1' parent=10076 started>
    │    └ <function subprocess_started at 0x00000144E9C3A350>
    └ <SpawnProcess name='SpawnProcess-1' parent=10076 started>
  File "E:\vbenspace\vben-python\.venv\Lib\site-packages\uvicorn\_subprocess.py", line 80, in subprocess_started
    target(sockets=sockets)
    │              └ [<socket.socket fd=964, family=2, type=1, proto=6, laddr=('0.0.0.0', 8080)>]
    └ <bound method Server.run of <uvicorn.server.Server object at 0x000001448E25BCB0>>
  File "E:\vbenspace\vben-python\.venv\Lib\site-packages\uvicorn\server.py", line 67, in run
    return asyncio_run(self.serve(sockets=sockets), loop_factory=self.config.get_loop_factory())
           │           │    │             │                      │    │      └ <function Config.get_loop_factory at 0x00000144E9BBA400>
           │           │    │             │                      │    └ <uvicorn.config.Config object at 0x00000144E78B0AD0>
           │           │    │             │                      └ <uvicorn.server.Server object at 0x000001448E25BCB0>
           │           │    │             └ [<socket.socket fd=964, family=2, type=1, proto=6, laddr=('0.0.0.0', 8080)>]
           │           │    └ <function Server.serve at 0x00000144E9C11850>
           │           └ <uvicorn.server.Server object at 0x000001448E25BCB0>
           └ <function run at 0x00000144E97A8670>
  File "D:\dev\python\Lib\asyncio\runners.py", line 204, in run
    return runner.run(main)
           │      │   └ <coroutine object Server.serve at 0x000001448E6C36A0>
           │      └ <function Runner.run at 0x00000144E97A8A90>
           └ <asyncio.runners.Runner object at 0x000001448E9EDF90>
  File "D:\dev\python\Lib\asyncio\runners.py", line 127, in run
    return self._loop.run_until_complete(task)
           │    │     │                  └ <Task pending name='Task-1' coro=<Server.serve() running at E:\vbenspace\vben-python\.venv\Lib\site-packages\uvicorn\server.p...
           │    │     └ <function BaseEventLoop.run_until_complete at 0x00000144E978CEB0>
           │    └ <_WindowsSelectorEventLoop running=True closed=False debug=False>
           └ <asyncio.runners.Runner object at 0x000001448E9EDF90>
  File "D:\dev\python\Lib\asyncio\base_events.py", line 706, in run_until_complete
    self.run_forever()
    │    └ <function BaseEventLoop.run_forever at 0x00000144E978CE00>
    └ <_WindowsSelectorEventLoop running=True closed=False debug=False>
  File "D:\dev\python\Lib\asyncio\base_events.py", line 677, in run_forever
    self._run_once()
    │    └ <function BaseEventLoop._run_once at 0x00000144E978EF00>
    └ <_WindowsSelectorEventLoop running=True closed=False debug=False>
  File "D:\dev\python\Lib\asyncio\base_events.py", line 2046, in _run_once
    handle._run()
    │      └ <function Handle._run at 0x00000144E7B33530>
    └ <Handle Task.task_wakeup()>
  File "D:\dev\python\Lib\asyncio\events.py", line 94, in _run
    self._context.run(self._callback, *self._args)
    │    │            │    │           │    └ <member '_args' of 'Handle' objects>
    │    │            │    │           └ <Handle Task.task_wakeup()>
    │    │            │    └ <member '_callback' of 'Handle' objects>
    │    │            └ <Handle Task.task_wakeup()>
    │    └ <member '_context' of 'Handle' objects>
    └ <Handle Task.task_wakeup()>
  File "E:\vbenspace\vben-python\.venv\Lib\site-packages\uvicorn\protocols\http\httptools_impl.py", line 409, in run_asgi
    result = await app(  # type: ignore[func-returns-value]
                   └ <uvicorn.middleware.proxy_headers.ProxyHeadersMiddleware object at 0x000001448EAA3620>
  File "E:\vbenspace\vben-python\.venv\Lib\site-packages\uvicorn\middleware\proxy_headers.py", line 60, in __call__
    return await self.app(scope, receive, send)
                 │    │   │      │        └ <bound method RequestResponseCycle.send of <uvicorn.protocols.http.httptools_impl.RequestResponseCycle object at 0x000001448E...
                 │    │   │      └ <bound method RequestResponseCycle.receive of <uvicorn.protocols.http.httptools_impl.RequestResponseCycle object at 0x0000014...
                 │    │   └ {'type': 'http', 'asgi': {'version': '3.0', 'spec_version': '2.3'}, 'http_version': '1.1', 'server': ('127.0.0.1', 8080), 'cl...
                 │    └ <fastapi.applications.FastAPI object at 0x000001448E9D5160>
                 └ <uvicorn.middleware.proxy_headers.ProxyHeadersMiddleware object at 0x000001448EAA3620>
  File "E:\vbenspace\vben-python\.venv\Lib\site-packages\fastapi\applications.py", line 1134, in __call__
    await super().__call__(scope, receive, send)
                           │      │        └ <bound method RequestResponseCycle.send of <uvicorn.protocols.http.httptools_impl.RequestResponseCycle object at 0x000001448E...
                           │      └ <bound method RequestResponseCycle.receive of <uvicorn.protocols.http.httptools_impl.RequestResponseCycle object at 0x0000014...
                           └ {'type': 'http', 'asgi': {'version': '3.0', 'spec_version': '2.3'}, 'http_version': '1.1', 'server': ('127.0.0.1', 8080), 'cl...
  File "E:\vbenspace\vben-python\.venv\Lib\site-packages\starlette\applications.py", line 113, in __call__
    await self.middleware_stack(scope, receive, send)
          │    │                │      │        └ <bound method RequestResponseCycle.send of <uvicorn.protocols.http.httptools_impl.RequestResponseCycle object at 0x000001448E...
          │    │                │      └ <bound method RequestResponseCycle.receive of <uvicorn.protocols.http.httptools_impl.RequestResponseCycle object at 0x0000014...
          │    │                └ {'type': 'http', 'asgi': {'version': '3.0', 'spec_version': '2.3'}, 'http_version': '1.1', 'server': ('127.0.0.1', 8080), 'cl...
          │    └ <starlette.middleware.errors.ServerErrorMiddleware object at 0x000001448EBA4590>
          └ <fastapi.applications.FastAPI object at 0x000001448E9D5160>
> File "E:\vbenspace\vben-python\.venv\Lib\site-packages\starlette\middleware\errors.py", line 164, in __call__
    await self.app(scope, receive, _send)
          │    │   │      │        └ <function ServerErrorMiddleware.__call__.<locals>._send at 0x000001448EC66560>
          │    │   │      └ <bound method RequestResponseCycle.receive of <uvicorn.protocols.http.httptools_impl.RequestResponseCycle object at 0x0000014...
          │    │   └ {'type': 'http', 'asgi': {'version': '3.0', 'spec_version': '2.3'}, 'http_version': '1.1', 'server': ('127.0.0.1', 8080), 'cl...
          │    └ <middlewares.trace_middleware.middle.TraceASGIMiddleware object at 0x000001448EBA4440>
          └ <starlette.middleware.errors.ServerErrorMiddleware object at 0x000001448EBA4590>

  File "E:\vbenspace\vben-python\middlewares\trace_middleware\middle.py", line 47, in __call__
    await self.app(scope, handle_outgoing_receive, handle_outgoing_request)
          │    │   │      │                        └ <function TraceASGIMiddleware.__call__.<locals>.handle_outgoing_request at 0x000001448EC67270>
          │    │   │      └ <function RequestResponseCycle.receive at 0x000001448EC67060>
          │    │   └ {'type': 'http', 'asgi': {'version': '3.0', 'spec_version': '2.3'}, 'http_version': '1.1', 'server': ('127.0.0.1', 8080), 'cl...
          │    └ <starlette.middleware.gzip.GZipMiddleware object at 0x000001448EBA42F0>
          └ <middlewares.trace_middleware.middle.TraceASGIMiddleware object at 0x000001448EBA4440>

  File "E:\vbenspace\vben-python\.venv\Lib\site-packages\starlette\middleware\gzip.py", line 29, in __call__
    await responder(scope, receive, send)
          │         │      │        └ <function TraceASGIMiddleware.__call__.<locals>.handle_outgoing_request at 0x000001448EC67270>
          │         │      └ <function RequestResponseCycle.receive at 0x000001448EC67060>
          │         └ {'type': 'http', 'asgi': {'version': '3.0', 'spec_version': '2.3'}, 'http_version': '1.1', 'server': ('127.0.0.1', 8080), 'cl...
          └ <starlette.middleware.gzip.GZipResponder object at 0x000001448EC95260>
  File "E:\vbenspace\vben-python\.venv\Lib\site-packages\starlette\middleware\gzip.py", line 130, in __call__
    await super().__call__(scope, receive, send)
                           │      │        └ <function TraceASGIMiddleware.__call__.<locals>.handle_outgoing_request at 0x000001448EC67270>
                           │      └ <function RequestResponseCycle.receive at 0x000001448EC67060>
                           └ {'type': 'http', 'asgi': {'version': '3.0', 'spec_version': '2.3'}, 'http_version': '1.1', 'server': ('127.0.0.1', 8080), 'cl...
  File "E:\vbenspace\vben-python\.venv\Lib\site-packages\starlette\middleware\gzip.py", line 46, in __call__
    await self.app(scope, receive, self.send_with_compression)
          │    │   │      │        │    └ <function IdentityResponder.send_with_compression at 0x000001448E193690>
          │    │   │      │        └ <starlette.middleware.gzip.GZipResponder object at 0x000001448EC95260>
          │    │   │      └ <function RequestResponseCycle.receive at 0x000001448EC67060>
          │    │   └ {'type': 'http', 'asgi': {'version': '3.0', 'spec_version': '2.3'}, 'http_version': '1.1', 'server': ('127.0.0.1', 8080), 'cl...
          │    └ <starlette.middleware.cors.CORSMiddleware object at 0x000001448EBA41A0>
          └ <starlette.middleware.gzip.GZipResponder object at 0x000001448EC95260>
  File "E:\vbenspace\vben-python\.venv\Lib\site-packages\starlette\middleware\cors.py", line 93, in __call__
    await self.simple_response(scope, receive, send, request_headers=headers)
          │    │               │      │        │                     └ Headers({'host': 'localhost:8080', 'connection': 'close', 'content-length': '115', 'sec-ch-ua-platform': '"Windows"', 'author...
          │    │               │      │        └ <bound method IdentityResponder.send_with_compression of <starlette.middleware.gzip.GZipResponder object at 0x000001448EC95260>>
          │    │               │      └ <function RequestResponseCycle.receive at 0x000001448EC67060>
          │    │               └ {'type': 'http', 'asgi': {'version': '3.0', 'spec_version': '2.3'}, 'http_version': '1.1', 'server': ('127.0.0.1', 8080), 'cl...
          │    └ <function CORSMiddleware.simple_response at 0x000001448E192C40>
          └ <starlette.middleware.cors.CORSMiddleware object at 0x000001448EBA41A0>
  File "E:\vbenspace\vben-python\.venv\Lib\site-packages\starlette\middleware\cors.py", line 144, in simple_response
    await self.app(scope, receive, send)
          │    │   │      │        └ functools.partial(<bound method CORSMiddleware.send of <starlette.middleware.cors.CORSMiddleware object at 0x000001448EBA41A0...
          │    │   │      └ <function RequestResponseCycle.receive at 0x000001448EC67060>
          │    │   └ {'type': 'http', 'asgi': {'version': '3.0', 'spec_version': '2.3'}, 'http_version': '1.1', 'server': ('127.0.0.1', 8080), 'cl...
          │    └ <starlette.middleware.exceptions.ExceptionMiddleware object at 0x000001448EBA4050>
          └ <starlette.middleware.cors.CORSMiddleware object at 0x000001448EBA41A0>
  File "E:\vbenspace\vben-python\.venv\Lib\site-packages\starlette\middleware\exceptions.py", line 63, in __call__
    await wrap_app_handling_exceptions(self.app, conn)(scope, receive, send)
          │                            │    │    │     │      │        └ functools.partial(<bound method CORSMiddleware.send of <starlette.middleware.cors.CORSMiddleware object at 0x000001448EBA41A0...
          │                            │    │    │     │      └ <function RequestResponseCycle.receive at 0x000001448EC67060>
          │                            │    │    │     └ {'type': 'http', 'asgi': {'version': '3.0', 'spec_version': '2.3'}, 'http_version': '1.1', 'server': ('127.0.0.1', 8080), 'cl...
          │                            │    │    └ <starlette.requests.Request object at 0x000001448EB941F0>
          │                            │    └ <fastapi.middleware.asyncexitstack.AsyncExitStackMiddleware object at 0x000001448EAA3E00>
          │                            └ <starlette.middleware.exceptions.ExceptionMiddleware object at 0x000001448EBA4050>
          └ <function wrap_app_handling_exceptions at 0x00000144EADE38A0>
  File "E:\vbenspace\vben-python\.venv\Lib\site-packages\starlette\_exception_handler.py", line 53, in wrapped_app
    raise exc
  File "E:\vbenspace\vben-python\.venv\Lib\site-packages\starlette\_exception_handler.py", line 42, in wrapped_app
    await app(scope, receive, sender)
          │   │      │        └ <function wrap_app_handling_exceptions.<locals>.wrapped_app.<locals>.sender at 0x000001448EC67690>
          │   │      └ <function RequestResponseCycle.receive at 0x000001448EC67060>
          │   └ {'type': 'http', 'asgi': {'version': '3.0', 'spec_version': '2.3'}, 'http_version': '1.1', 'server': ('127.0.0.1', 8080), 'cl...
          └ <fastapi.middleware.asyncexitstack.AsyncExitStackMiddleware object at 0x000001448EAA3E00>
  File "E:\vbenspace\vben-python\.venv\Lib\site-packages\fastapi\middleware\asyncexitstack.py", line 18, in __call__
    await self.app(scope, receive, send)
          │    │   │      │        └ <function wrap_app_handling_exceptions.<locals>.wrapped_app.<locals>.sender at 0x000001448EC67690>
          │    │   │      └ <function RequestResponseCycle.receive at 0x000001448EC67060>
          │    │   └ {'type': 'http', 'asgi': {'version': '3.0', 'spec_version': '2.3'}, 'http_version': '1.1', 'server': ('127.0.0.1', 8080), 'cl...
          │    └ <fastapi.routing.APIRouter object at 0x000001448EA20140>
          └ <fastapi.middleware.asyncexitstack.AsyncExitStackMiddleware object at 0x000001448EAA3E00>
  File "E:\vbenspace\vben-python\.venv\Lib\site-packages\starlette\routing.py", line 716, in __call__
    await self.middleware_stack(scope, receive, send)
          │    │                │      │        └ <function wrap_app_handling_exceptions.<locals>.wrapped_app.<locals>.sender at 0x000001448EC67690>
          │    │                │      └ <function RequestResponseCycle.receive at 0x000001448EC67060>
          │    │                └ {'type': 'http', 'asgi': {'version': '3.0', 'spec_version': '2.3'}, 'http_version': '1.1', 'server': ('127.0.0.1', 8080), 'cl...
          │    └ <bound method Router.app of <fastapi.routing.APIRouter object at 0x000001448EA20140>>
          └ <fastapi.routing.APIRouter object at 0x000001448EA20140>
  File "E:\vbenspace\vben-python\.venv\Lib\site-packages\starlette\routing.py", line 736, in app
    await route.handle(scope, receive, send)
          │     │      │      │        └ <function wrap_app_handling_exceptions.<locals>.wrapped_app.<locals>.sender at 0x000001448EC67690>
          │     │      │      └ <function RequestResponseCycle.receive at 0x000001448EC67060>
          │     │      └ {'type': 'http', 'asgi': {'version': '3.0', 'spec_version': '2.3'}, 'http_version': '1.1', 'server': ('127.0.0.1', 8080), 'cl...
          │     └ <function Route.handle at 0x00000144EAE06560>
          └ APIRoute(path='/sys/org/user', name='post', methods=['POST'])
  File "E:\vbenspace\vben-python\.venv\Lib\site-packages\starlette\routing.py", line 290, in handle
    await self.app(scope, receive, send)
          │    │   │      │        └ <function wrap_app_handling_exceptions.<locals>.wrapped_app.<locals>.sender at 0x000001448EC67690>
          │    │   │      └ <function RequestResponseCycle.receive at 0x000001448EC67060>
          │    │   └ {'type': 'http', 'asgi': {'version': '3.0', 'spec_version': '2.3'}, 'http_version': '1.1', 'server': ('127.0.0.1', 8080), 'cl...
          │    └ <function request_response.<locals>.app at 0x000001448EA32820>
          └ APIRoute(path='/sys/org/user', name='post', methods=['POST'])
  File "E:\vbenspace\vben-python\.venv\Lib\site-packages\fastapi\routing.py", line 124, in app
    await wrap_app_handling_exceptions(app, request)(scope, receive, send)
          │                            │    │        │      │        └ <function wrap_app_handling_exceptions.<locals>.wrapped_app.<locals>.sender at 0x000001448EC67690>
          │                            │    │        │      └ <function RequestResponseCycle.receive at 0x000001448EC67060>
          │                            │    │        └ {'type': 'http', 'asgi': {'version': '3.0', 'spec_version': '2.3'}, 'http_version': '1.1', 'server': ('127.0.0.1', 8080), 'cl...
          │                            │    └ <starlette.requests.Request object at 0x000001448ECB4890>
          │                            └ <function request_response.<locals>.app.<locals>.app at 0x000001448EC65F30>
          └ <function wrap_app_handling_exceptions at 0x00000144EADE38A0>
  File "E:\vbenspace\vben-python\.venv\Lib\site-packages\starlette\_exception_handler.py", line 53, in wrapped_app
    raise exc
  File "E:\vbenspace\vben-python\.venv\Lib\site-packages\starlette\_exception_handler.py", line 42, in wrapped_app
    await app(scope, receive, sender)
          │   │      │        └ <function wrap_app_handling_exceptions.<locals>.wrapped_app.<locals>.sender at 0x000001448EC67B60>
          │   │      └ <function RequestResponseCycle.receive at 0x000001448EC67060>
          │   └ {'type': 'http', 'asgi': {'version': '3.0', 'spec_version': '2.3'}, 'http_version': '1.1', 'server': ('127.0.0.1', 8080), 'cl...
          └ <function request_response.<locals>.app.<locals>.app at 0x000001448EC65F30>
  File "E:\vbenspace\vben-python\.venv\Lib\site-packages\fastapi\routing.py", line 110, in app
    response = await f(request)
                     │ └ <starlette.requests.Request object at 0x000001448ECB4890>
                     └ <function get_request_handler.<locals>.app at 0x000001448EA32770>
  File "E:\vbenspace\vben-python\.venv\Lib\site-packages\fastapi\routing.py", line 390, in app
    raw_response = await run_endpoint_function(
                         └ <function run_endpoint_function at 0x00000144EAE0ACF0>
  File "E:\vbenspace\vben-python\.venv\Lib\site-packages\fastapi\routing.py", line 289, in run_endpoint_function
    return await dependant.call(**values)
                 │         │      └ {'service': <modules.base.sys.org.user.service.SysOrgUserService object at 0x000001448EBA7770>, 'bo': UserDTO(id=None, name='...
                 │         └ <function post at 0x000001448E68CD50>
                 └ Dependant(path_params=[], query_params=[], header_params=[], cookie_params=[], body_params=[ModelField(field_info=Body(Pydant...

  File "E:\vbenspace\vben-python\modules\base\sys\org\user\router.py", line 39, in post
    await service.insert(SysOrgUser(**bo.model_dump()))
          │       │      │            │  └ <function BaseModel.model_dump at 0x00000144EAA5AAE0>
          │       │      │            └ UserDTO(id=None, name='33', ninam=None, depid='d1985590113907904512', tier=None, job=None, type=None, usnam='44', pacod='5', ...
          │       │      └ <class 'modules.base.sys.org.user.model.SysOrgUser'>
          │       └ <function SysOrgUserService.insert at 0x000001448E283AB0>
          └ <modules.base.sys.org.user.service.SysOrgUserService object at 0x000001448EBA7770>

  File "E:\vbenspace\vben-python\modules\base\sys\org\user\service.py", line 27, in insert
    main.tier = tier + "_" + main.id
    │    │      │            │    └ <sqlalchemy.orm.attributes.InstrumentedAttribute object at 0x000001448E263060>
    │    │      │            └ <modules.base.sys.org.user.model.SysOrgUser object at 0x000001448EBA6900>
    │    │      └ None
    │    └ <sqlalchemy.orm.attributes.InstrumentedAttribute object at 0x000001448E263240>
    └ <modules.base.sys.org.user.model.SysOrgUser object at 0x000001448EBA6900>

TypeError: unsupported operand type(s) for +: 'NoneType' and 'str'
2025-11-04 14:24:29.804 | 0822bb1996864414a2870a8951cbcbcd | ERROR    | exceptions.handle:exception_handler:70 - unsupported operand type(s) for +: 'NoneType' and 'str'
Traceback (most recent call last):

  File "<string>", line 1, in <module>
  File "D:\dev\python\Lib\multiprocessing\spawn.py", line 122, in spawn_main
    exitcode = _main(fd, parent_sentinel)
               │     │   └ 332
               │     └ 3
               └ <function _main at 0x00000144E78F8B40>
  File "D:\dev\python\Lib\multiprocessing\spawn.py", line 135, in _main
    return self._bootstrap(parent_sentinel)
           │    │          └ 332
           │    └ <function BaseProcess._bootstrap at 0x00000144E75B2CF0>
           └ <SpawnProcess name='SpawnProcess-1' parent=10076 started>
  File "D:\dev\python\Lib\multiprocessing\process.py", line 320, in _bootstrap
    self.run()
    │    └ <function BaseProcess.run at 0x00000144E75B2090>
    └ <SpawnProcess name='SpawnProcess-1' parent=10076 started>
  File "D:\dev\python\Lib\multiprocessing\process.py", line 108, in run
    self._target(*self._args, **self._kwargs)
    │    │        │    │        │    └ {'config': <uvicorn.config.Config object at 0x00000144E78B0AD0>, 'target': <bound method Server.run of <uvicorn.server.Server...
    │    │        │    │        └ <SpawnProcess name='SpawnProcess-1' parent=10076 started>
    │    │        │    └ ()
    │    │        └ <SpawnProcess name='SpawnProcess-1' parent=10076 started>
    │    └ <function subprocess_started at 0x00000144E9C3A350>
    └ <SpawnProcess name='SpawnProcess-1' parent=10076 started>
  File "E:\vbenspace\vben-python\.venv\Lib\site-packages\uvicorn\_subprocess.py", line 80, in subprocess_started
    target(sockets=sockets)
    │              └ [<socket.socket fd=964, family=2, type=1, proto=6, laddr=('0.0.0.0', 8080)>]
    └ <bound method Server.run of <uvicorn.server.Server object at 0x000001448E25BCB0>>
  File "E:\vbenspace\vben-python\.venv\Lib\site-packages\uvicorn\server.py", line 67, in run
    return asyncio_run(self.serve(sockets=sockets), loop_factory=self.config.get_loop_factory())
           │           │    │             │                      │    │      └ <function Config.get_loop_factory at 0x00000144E9BBA400>
           │           │    │             │                      │    └ <uvicorn.config.Config object at 0x00000144E78B0AD0>
           │           │    │             │                      └ <uvicorn.server.Server object at 0x000001448E25BCB0>
           │           │    │             └ [<socket.socket fd=964, family=2, type=1, proto=6, laddr=('0.0.0.0', 8080)>]
           │           │    └ <function Server.serve at 0x00000144E9C11850>
           │           └ <uvicorn.server.Server object at 0x000001448E25BCB0>
           └ <function run at 0x00000144E97A8670>
  File "D:\dev\python\Lib\asyncio\runners.py", line 204, in run
    return runner.run(main)
           │      │   └ <coroutine object Server.serve at 0x000001448E6C36A0>
           │      └ <function Runner.run at 0x00000144E97A8A90>
           └ <asyncio.runners.Runner object at 0x000001448E9EDF90>
  File "D:\dev\python\Lib\asyncio\runners.py", line 127, in run
    return self._loop.run_until_complete(task)
           │    │     │                  └ <Task pending name='Task-1' coro=<Server.serve() running at E:\vbenspace\vben-python\.venv\Lib\site-packages\uvicorn\server.p...
           │    │     └ <function BaseEventLoop.run_until_complete at 0x00000144E978CEB0>
           │    └ <_WindowsSelectorEventLoop running=True closed=False debug=False>
           └ <asyncio.runners.Runner object at 0x000001448E9EDF90>
  File "D:\dev\python\Lib\asyncio\base_events.py", line 706, in run_until_complete
    self.run_forever()
    │    └ <function BaseEventLoop.run_forever at 0x00000144E978CE00>
    └ <_WindowsSelectorEventLoop running=True closed=False debug=False>
  File "D:\dev\python\Lib\asyncio\base_events.py", line 677, in run_forever
    self._run_once()
    │    └ <function BaseEventLoop._run_once at 0x00000144E978EF00>
    └ <_WindowsSelectorEventLoop running=True closed=False debug=False>
  File "D:\dev\python\Lib\asyncio\base_events.py", line 2046, in _run_once
    handle._run()
    │      └ <function Handle._run at 0x00000144E7B33530>
    └ <Handle Task.task_wakeup()>
  File "D:\dev\python\Lib\asyncio\events.py", line 94, in _run
    self._context.run(self._callback, *self._args)
    │    │            │    │           │    └ <member '_args' of 'Handle' objects>
    │    │            │    │           └ <Handle Task.task_wakeup()>
    │    │            │    └ <member '_callback' of 'Handle' objects>
    │    │            └ <Handle Task.task_wakeup()>
    │    └ <member '_context' of 'Handle' objects>
    └ <Handle Task.task_wakeup()>
  File "E:\vbenspace\vben-python\.venv\Lib\site-packages\uvicorn\protocols\http\httptools_impl.py", line 409, in run_asgi
    result = await app(  # type: ignore[func-returns-value]
                   └ <uvicorn.middleware.proxy_headers.ProxyHeadersMiddleware object at 0x000001448EAA3620>
  File "E:\vbenspace\vben-python\.venv\Lib\site-packages\uvicorn\middleware\proxy_headers.py", line 60, in __call__
    return await self.app(scope, receive, send)
                 │    │   │      │        └ <bound method RequestResponseCycle.send of <uvicorn.protocols.http.httptools_impl.RequestResponseCycle object at 0x000001448E...
                 │    │   │      └ <bound method RequestResponseCycle.receive of <uvicorn.protocols.http.httptools_impl.RequestResponseCycle object at 0x0000014...
                 │    │   └ {'type': 'http', 'asgi': {'version': '3.0', 'spec_version': '2.3'}, 'http_version': '1.1', 'server': ('127.0.0.1', 8080), 'cl...
                 │    └ <fastapi.applications.FastAPI object at 0x000001448E9D5160>
                 └ <uvicorn.middleware.proxy_headers.ProxyHeadersMiddleware object at 0x000001448EAA3620>
  File "E:\vbenspace\vben-python\.venv\Lib\site-packages\fastapi\applications.py", line 1134, in __call__
    await super().__call__(scope, receive, send)
                           │      │        └ <bound method RequestResponseCycle.send of <uvicorn.protocols.http.httptools_impl.RequestResponseCycle object at 0x000001448E...
                           │      └ <bound method RequestResponseCycle.receive of <uvicorn.protocols.http.httptools_impl.RequestResponseCycle object at 0x0000014...
                           └ {'type': 'http', 'asgi': {'version': '3.0', 'spec_version': '2.3'}, 'http_version': '1.1', 'server': ('127.0.0.1', 8080), 'cl...
  File "E:\vbenspace\vben-python\.venv\Lib\site-packages\starlette\applications.py", line 113, in __call__
    await self.middleware_stack(scope, receive, send)
          │    │                │      │        └ <bound method RequestResponseCycle.send of <uvicorn.protocols.http.httptools_impl.RequestResponseCycle object at 0x000001448E...
          │    │                │      └ <bound method RequestResponseCycle.receive of <uvicorn.protocols.http.httptools_impl.RequestResponseCycle object at 0x0000014...
          │    │                └ {'type': 'http', 'asgi': {'version': '3.0', 'spec_version': '2.3'}, 'http_version': '1.1', 'server': ('127.0.0.1', 8080), 'cl...
          │    └ <starlette.middleware.errors.ServerErrorMiddleware object at 0x000001448EBA4590>
          └ <fastapi.applications.FastAPI object at 0x000001448E9D5160>
> File "E:\vbenspace\vben-python\.venv\Lib\site-packages\starlette\middleware\errors.py", line 164, in __call__
    await self.app(scope, receive, _send)
          │    │   │      │        └ <function ServerErrorMiddleware.__call__.<locals>._send at 0x000001448EC67480>
          │    │   │      └ <bound method RequestResponseCycle.receive of <uvicorn.protocols.http.httptools_impl.RequestResponseCycle object at 0x0000014...
          │    │   └ {'type': 'http', 'asgi': {'version': '3.0', 'spec_version': '2.3'}, 'http_version': '1.1', 'server': ('127.0.0.1', 8080), 'cl...
          │    └ <middlewares.trace_middleware.middle.TraceASGIMiddleware object at 0x000001448EBA4440>
          └ <starlette.middleware.errors.ServerErrorMiddleware object at 0x000001448EBA4590>

  File "E:\vbenspace\vben-python\middlewares\trace_middleware\middle.py", line 47, in __call__
    await self.app(scope, handle_outgoing_receive, handle_outgoing_request)
          │    │   │      │                        └ <function TraceASGIMiddleware.__call__.<locals>.handle_outgoing_request at 0x000001448EC668D0>
          │    │   │      └ <function RequestResponseCycle.receive at 0x000001448EC657A0>
          │    │   └ {'type': 'http', 'asgi': {'version': '3.0', 'spec_version': '2.3'}, 'http_version': '1.1', 'server': ('127.0.0.1', 8080), 'cl...
          │    └ <starlette.middleware.gzip.GZipMiddleware object at 0x000001448EBA42F0>
          └ <middlewares.trace_middleware.middle.TraceASGIMiddleware object at 0x000001448EBA4440>

  File "E:\vbenspace\vben-python\.venv\Lib\site-packages\starlette\middleware\gzip.py", line 29, in __call__
    await responder(scope, receive, send)
          │         │      │        └ <function TraceASGIMiddleware.__call__.<locals>.handle_outgoing_request at 0x000001448EC668D0>
          │         │      └ <function RequestResponseCycle.receive at 0x000001448EC657A0>
          │         └ {'type': 'http', 'asgi': {'version': '3.0', 'spec_version': '2.3'}, 'http_version': '1.1', 'server': ('127.0.0.1', 8080), 'cl...
          └ <starlette.middleware.gzip.GZipResponder object at 0x000001448EC98750>
  File "E:\vbenspace\vben-python\.venv\Lib\site-packages\starlette\middleware\gzip.py", line 130, in __call__
    await super().__call__(scope, receive, send)
                           │      │        └ <function TraceASGIMiddleware.__call__.<locals>.handle_outgoing_request at 0x000001448EC668D0>
                           │      └ <function RequestResponseCycle.receive at 0x000001448EC657A0>
                           └ {'type': 'http', 'asgi': {'version': '3.0', 'spec_version': '2.3'}, 'http_version': '1.1', 'server': ('127.0.0.1', 8080), 'cl...
  File "E:\vbenspace\vben-python\.venv\Lib\site-packages\starlette\middleware\gzip.py", line 46, in __call__
    await self.app(scope, receive, self.send_with_compression)
          │    │   │      │        │    └ <function IdentityResponder.send_with_compression at 0x000001448E193690>
          │    │   │      │        └ <starlette.middleware.gzip.GZipResponder object at 0x000001448EC98750>
          │    │   │      └ <function RequestResponseCycle.receive at 0x000001448EC657A0>
          │    │   └ {'type': 'http', 'asgi': {'version': '3.0', 'spec_version': '2.3'}, 'http_version': '1.1', 'server': ('127.0.0.1', 8080), 'cl...
          │    └ <starlette.middleware.cors.CORSMiddleware object at 0x000001448EBA41A0>
          └ <starlette.middleware.gzip.GZipResponder object at 0x000001448EC98750>
  File "E:\vbenspace\vben-python\.venv\Lib\site-packages\starlette\middleware\cors.py", line 93, in __call__
    await self.simple_response(scope, receive, send, request_headers=headers)
          │    │               │      │        │                     └ Headers({'host': 'localhost:8080', 'connection': 'close', 'content-length': '115', 'sec-ch-ua-platform': '"Windows"', 'author...
          │    │               │      │        └ <bound method IdentityResponder.send_with_compression of <starlette.middleware.gzip.GZipResponder object at 0x000001448EC98750>>
          │    │               │      └ <function RequestResponseCycle.receive at 0x000001448EC657A0>
          │    │               └ {'type': 'http', 'asgi': {'version': '3.0', 'spec_version': '2.3'}, 'http_version': '1.1', 'server': ('127.0.0.1', 8080), 'cl...
          │    └ <function CORSMiddleware.simple_response at 0x000001448E192C40>
          └ <starlette.middleware.cors.CORSMiddleware object at 0x000001448EBA41A0>
  File "E:\vbenspace\vben-python\.venv\Lib\site-packages\starlette\middleware\cors.py", line 144, in simple_response
    await self.app(scope, receive, send)
          │    │   │      │        └ functools.partial(<bound method CORSMiddleware.send of <starlette.middleware.cors.CORSMiddleware object at 0x000001448EBA41A0...
          │    │   │      └ <function RequestResponseCycle.receive at 0x000001448EC657A0>
          │    │   └ {'type': 'http', 'asgi': {'version': '3.0', 'spec_version': '2.3'}, 'http_version': '1.1', 'server': ('127.0.0.1', 8080), 'cl...
          │    └ <starlette.middleware.exceptions.ExceptionMiddleware object at 0x000001448EBA4050>
          └ <starlette.middleware.cors.CORSMiddleware object at 0x000001448EBA41A0>
  File "E:\vbenspace\vben-python\.venv\Lib\site-packages\starlette\middleware\exceptions.py", line 63, in __call__
    await wrap_app_handling_exceptions(self.app, conn)(scope, receive, send)
          │                            │    │    │     │      │        └ functools.partial(<bound method CORSMiddleware.send of <starlette.middleware.cors.CORSMiddleware object at 0x000001448EBA41A0...
          │                            │    │    │     │      └ <function RequestResponseCycle.receive at 0x000001448EC657A0>
          │                            │    │    │     └ {'type': 'http', 'asgi': {'version': '3.0', 'spec_version': '2.3'}, 'http_version': '1.1', 'server': ('127.0.0.1', 8080), 'cl...
          │                            │    │    └ <starlette.requests.Request object at 0x000001448EC67070>
          │                            │    └ <fastapi.middleware.asyncexitstack.AsyncExitStackMiddleware object at 0x000001448EAA3E00>
          │                            └ <starlette.middleware.exceptions.ExceptionMiddleware object at 0x000001448EBA4050>
          └ <function wrap_app_handling_exceptions at 0x00000144EADE38A0>
  File "E:\vbenspace\vben-python\.venv\Lib\site-packages\starlette\_exception_handler.py", line 53, in wrapped_app
    raise exc
  File "E:\vbenspace\vben-python\.venv\Lib\site-packages\starlette\_exception_handler.py", line 42, in wrapped_app
    await app(scope, receive, sender)
          │   │      │        └ <function wrap_app_handling_exceptions.<locals>.wrapped_app.<locals>.sender at 0x000001448EC65D20>
          │   │      └ <function RequestResponseCycle.receive at 0x000001448EC657A0>
          │   └ {'type': 'http', 'asgi': {'version': '3.0', 'spec_version': '2.3'}, 'http_version': '1.1', 'server': ('127.0.0.1', 8080), 'cl...
          └ <fastapi.middleware.asyncexitstack.AsyncExitStackMiddleware object at 0x000001448EAA3E00>
  File "E:\vbenspace\vben-python\.venv\Lib\site-packages\fastapi\middleware\asyncexitstack.py", line 18, in __call__
    await self.app(scope, receive, send)
          │    │   │      │        └ <function wrap_app_handling_exceptions.<locals>.wrapped_app.<locals>.sender at 0x000001448EC65D20>
          │    │   │      └ <function RequestResponseCycle.receive at 0x000001448EC657A0>
          │    │   └ {'type': 'http', 'asgi': {'version': '3.0', 'spec_version': '2.3'}, 'http_version': '1.1', 'server': ('127.0.0.1', 8080), 'cl...
          │    └ <fastapi.routing.APIRouter object at 0x000001448EA20140>
          └ <fastapi.middleware.asyncexitstack.AsyncExitStackMiddleware object at 0x000001448EAA3E00>
  File "E:\vbenspace\vben-python\.venv\Lib\site-packages\starlette\routing.py", line 716, in __call__
    await self.middleware_stack(scope, receive, send)
          │    │                │      │        └ <function wrap_app_handling_exceptions.<locals>.wrapped_app.<locals>.sender at 0x000001448EC65D20>
          │    │                │      └ <function RequestResponseCycle.receive at 0x000001448EC657A0>
          │    │                └ {'type': 'http', 'asgi': {'version': '3.0', 'spec_version': '2.3'}, 'http_version': '1.1', 'server': ('127.0.0.1', 8080), 'cl...
          │    └ <bound method Router.app of <fastapi.routing.APIRouter object at 0x000001448EA20140>>
          └ <fastapi.routing.APIRouter object at 0x000001448EA20140>
  File "E:\vbenspace\vben-python\.venv\Lib\site-packages\starlette\routing.py", line 736, in app
    await route.handle(scope, receive, send)
          │     │      │      │        └ <function wrap_app_handling_exceptions.<locals>.wrapped_app.<locals>.sender at 0x000001448EC65D20>
          │     │      │      └ <function RequestResponseCycle.receive at 0x000001448EC657A0>
          │     │      └ {'type': 'http', 'asgi': {'version': '3.0', 'spec_version': '2.3'}, 'http_version': '1.1', 'server': ('127.0.0.1', 8080), 'cl...
          │     └ <function Route.handle at 0x00000144EAE06560>
          └ APIRoute(path='/sys/org/user', name='post', methods=['POST'])
  File "E:\vbenspace\vben-python\.venv\Lib\site-packages\starlette\routing.py", line 290, in handle
    await self.app(scope, receive, send)
          │    │   │      │        └ <function wrap_app_handling_exceptions.<locals>.wrapped_app.<locals>.sender at 0x000001448EC65D20>
          │    │   │      └ <function RequestResponseCycle.receive at 0x000001448EC657A0>
          │    │   └ {'type': 'http', 'asgi': {'version': '3.0', 'spec_version': '2.3'}, 'http_version': '1.1', 'server': ('127.0.0.1', 8080), 'cl...
          │    └ <function request_response.<locals>.app at 0x000001448EA32820>
          └ APIRoute(path='/sys/org/user', name='post', methods=['POST'])
  File "E:\vbenspace\vben-python\.venv\Lib\site-packages\fastapi\routing.py", line 124, in app
    await wrap_app_handling_exceptions(app, request)(scope, receive, send)
          │                            │    │        │      │        └ <function wrap_app_handling_exceptions.<locals>.wrapped_app.<locals>.sender at 0x000001448EC65D20>
          │                            │    │        │      └ <function RequestResponseCycle.receive at 0x000001448EC657A0>
          │                            │    │        └ {'type': 'http', 'asgi': {'version': '3.0', 'spec_version': '2.3'}, 'http_version': '1.1', 'server': ('127.0.0.1', 8080), 'cl...
          │                            │    └ <starlette.requests.Request object at 0x000001448EC676A0>
          │                            └ <function request_response.<locals>.app.<locals>.app at 0x000001448EC65F30>
          └ <function wrap_app_handling_exceptions at 0x00000144EADE38A0>
  File "E:\vbenspace\vben-python\.venv\Lib\site-packages\starlette\_exception_handler.py", line 53, in wrapped_app
    raise exc
  File "E:\vbenspace\vben-python\.venv\Lib\site-packages\starlette\_exception_handler.py", line 42, in wrapped_app
    await app(scope, receive, sender)
          │   │      │        └ <function wrap_app_handling_exceptions.<locals>.wrapped_app.<locals>.sender at 0x000001448EC67A00>
          │   │      └ <function RequestResponseCycle.receive at 0x000001448EC657A0>
          │   └ {'type': 'http', 'asgi': {'version': '3.0', 'spec_version': '2.3'}, 'http_version': '1.1', 'server': ('127.0.0.1', 8080), 'cl...
          └ <function request_response.<locals>.app.<locals>.app at 0x000001448EC65F30>
  File "E:\vbenspace\vben-python\.venv\Lib\site-packages\fastapi\routing.py", line 110, in app
    response = await f(request)
                     │ └ <starlette.requests.Request object at 0x000001448EC676A0>
                     └ <function get_request_handler.<locals>.app at 0x000001448EA32770>
  File "E:\vbenspace\vben-python\.venv\Lib\site-packages\fastapi\routing.py", line 390, in app
    raw_response = await run_endpoint_function(
                         └ <function run_endpoint_function at 0x00000144EAE0ACF0>
  File "E:\vbenspace\vben-python\.venv\Lib\site-packages\fastapi\routing.py", line 289, in run_endpoint_function
    return await dependant.call(**values)
                 │         │      └ {'service': <modules.base.sys.org.user.service.SysOrgUserService object at 0x000001448EC851D0>, 'bo': UserDTO(id=None, name='...
                 │         └ <function post at 0x000001448E68CD50>
                 └ Dependant(path_params=[], query_params=[], header_params=[], cookie_params=[], body_params=[ModelField(field_info=Body(Pydant...

  File "E:\vbenspace\vben-python\modules\base\sys\org\user\router.py", line 39, in post
    await service.insert(SysOrgUser(**bo.model_dump()))
          │       │      │            │  └ <function BaseModel.model_dump at 0x00000144EAA5AAE0>
          │       │      │            └ UserDTO(id=None, name='33', ninam=None, depid='d1985590113907904512', tier=None, job=None, type=None, usnam='44', pacod='5', ...
          │       │      └ <class 'modules.base.sys.org.user.model.SysOrgUser'>
          │       └ <function SysOrgUserService.insert at 0x000001448E283AB0>
          └ <modules.base.sys.org.user.service.SysOrgUserService object at 0x000001448EC851D0>

  File "E:\vbenspace\vben-python\modules\base\sys\org\user\service.py", line 27, in insert
    main.tier = tier + "_" + main.id
    │    │      │            │    └ <sqlalchemy.orm.attributes.InstrumentedAttribute object at 0x000001448E263060>
    │    │      │            └ <modules.base.sys.org.user.model.SysOrgUser object at 0x000001448EC85BD0>
    │    │      └ None
    │    └ <sqlalchemy.orm.attributes.InstrumentedAttribute object at 0x000001448E263240>
    └ <modules.base.sys.org.user.model.SysOrgUser object at 0x000001448EC85BD0>

TypeError: unsupported operand type(s) for +: 'NoneType' and 'str'
2025-11-04 14:28:39.595 |  | INFO     | config.get_redis:close_redis_pool:55 - ✅️ 关闭redis连接成功
2025-11-04 14:28:39.595 |  | INFO     | config.get_scheduler:close_system_scheduler:152 - ✅️ 关闭定时任务成功
2025-11-04 14:28:54.391 |  | INFO     | server:lifespan:46 - ⏰️ RuoYi-FastAPI开始启动
2025-11-04 14:28:54.392 |  | INFO     | config.get_db:init_create_table:21 - 🔎 初始化数据库连接...
2025-11-04 14:28:54.442 |  | INFO     | config.get_db:init_create_table:24 - ✅️ 数据库连接成功
2025-11-04 14:28:54.443 |  | INFO     | config.get_redis:create_redis_pool:22 - 🔎 开始连接redis...
2025-11-04 14:28:54.447 |  | INFO     | config.get_redis:create_redis_pool:35 - ✅️ redis连接成功
2025-11-04 14:28:54.599 |  | INFO     | config.get_scheduler:init_system_scheduler:134 - 🔎 开始启动定时任务...
2025-11-04 14:28:54.657 |  | INFO     | config.get_scheduler:init_system_scheduler:142 - ✅️ 系统初始定时任务加载成功
2025-11-04 14:28:54.658 |  | INFO     | server:lifespan:53 - 🚀 RuoYi-FastAPI启动成功
2025-11-04 14:29:16.135 | 41d7674e00ee4e6182dd2bc74487bd22 | ERROR    | exceptions.handle:exception_handler:70 - unsupported operand type(s) for +: 'NoneType' and 'str'
Traceback (most recent call last):

  File "<string>", line 1, in <module>
  File "D:\dev\python\Lib\multiprocessing\spawn.py", line 122, in spawn_main
    exitcode = _main(fd, parent_sentinel)
               │     │   └ 512
               │     └ 3
               └ <function _main at 0x00000210908B0720>
  File "D:\dev\python\Lib\multiprocessing\spawn.py", line 135, in _main
    return self._bootstrap(parent_sentinel)
           │    │          └ 512
           │    └ <function BaseProcess._bootstrap at 0x000002109002EE50>
           └ <SpawnProcess name='SpawnProcess-1' parent=13940 started>
  File "D:\dev\python\Lib\multiprocessing\process.py", line 320, in _bootstrap
    self.run()
    │    └ <function BaseProcess.run at 0x000002109002E1F0>
    └ <SpawnProcess name='SpawnProcess-1' parent=13940 started>
  File "D:\dev\python\Lib\multiprocessing\process.py", line 108, in run
    self._target(*self._args, **self._kwargs)
    │    │        │    │        │    └ {'config': <uvicorn.config.Config object at 0x000002108FFDE900>, 'target': <bound method Server.run of <uvicorn.server.Server...
    │    │        │    │        └ <SpawnProcess name='SpawnProcess-1' parent=13940 started>
    │    │        │    └ ()
    │    │        └ <SpawnProcess name='SpawnProcess-1' parent=13940 started>
    │    └ <function subprocess_started at 0x0000021090B05D20>
    └ <SpawnProcess name='SpawnProcess-1' parent=13940 started>
  File "E:\vbenspace\vben-python\.venv\Lib\site-packages\uvicorn\_subprocess.py", line 80, in subprocess_started
    target(sockets=sockets)
    │              └ [<socket.socket fd=728, family=2, type=1, proto=6, laddr=('0.0.0.0', 8080)>]
    └ <bound method Server.run of <uvicorn.server.Server object at 0x000002108FFDEBA0>>
  File "E:\vbenspace\vben-python\.venv\Lib\site-packages\uvicorn\server.py", line 67, in run
    return asyncio_run(self.serve(sockets=sockets), loop_factory=self.config.get_loop_factory())
           │           │    │             │                      │    │      └ <function Config.get_loop_factory at 0x0000021090AE45C0>
           │           │    │             │                      │    └ <uvicorn.config.Config object at 0x000002108FFDE900>
           │           │    │             │                      └ <uvicorn.server.Server object at 0x000002108FFDEBA0>
           │           │    │             └ [<socket.socket fd=728, family=2, type=1, proto=6, laddr=('0.0.0.0', 8080)>]
           │           │    └ <function Server.serve at 0x0000021090AE50C0>
           │           └ <uvicorn.server.Server object at 0x000002108FFDEBA0>
           └ <function run at 0x000002108FF5F950>
  File "D:\dev\python\Lib\asyncio\runners.py", line 204, in run
    return runner.run(main)
           │      │   └ <coroutine object Server.serve at 0x0000021090041030>
           │      └ <function Runner.run at 0x000002108FF5FD70>
           └ <asyncio.runners.Runner object at 0x00000210B4EB1950>
  File "D:\dev\python\Lib\asyncio\runners.py", line 127, in run
    return self._loop.run_until_complete(task)
           │    │     │                  └ <Task pending name='Task-1' coro=<Server.serve() running at E:\vbenspace\vben-python\.venv\Lib\site-packages\uvicorn\server.p...
           │    │     └ <function BaseEventLoop.run_until_complete at 0x000002108FF5C250>
           │    └ <_WindowsSelectorEventLoop running=True closed=False debug=False>
           └ <asyncio.runners.Runner object at 0x00000210B4EB1950>
  File "D:\dev\python\Lib\asyncio\base_events.py", line 706, in run_until_complete
    self.run_forever()
    │    └ <function BaseEventLoop.run_forever at 0x000002108FF5C1A0>
    └ <_WindowsSelectorEventLoop running=True closed=False debug=False>
  File "D:\dev\python\Lib\asyncio\base_events.py", line 677, in run_forever
    self._run_once()
    │    └ <function BaseEventLoop._run_once at 0x000002108FF5E2A0>
    └ <_WindowsSelectorEventLoop running=True closed=False debug=False>
  File "D:\dev\python\Lib\asyncio\base_events.py", line 2046, in _run_once
    handle._run()
    │      └ <function Handle._run at 0x000002108FEE2770>
    └ <Handle Task.task_wakeup()>
  File "D:\dev\python\Lib\asyncio\events.py", line 94, in _run
    self._context.run(self._callback, *self._args)
    │    │            │    │           │    └ <member '_args' of 'Handle' objects>
    │    │            │    │           └ <Handle Task.task_wakeup()>
    │    │            │    └ <member '_callback' of 'Handle' objects>
    │    │            └ <Handle Task.task_wakeup()>
    │    └ <member '_context' of 'Handle' objects>
    └ <Handle Task.task_wakeup()>
  File "E:\vbenspace\vben-python\.venv\Lib\site-packages\uvicorn\protocols\http\httptools_impl.py", line 409, in run_asgi
    result = await app(  # type: ignore[func-returns-value]
                   └ <uvicorn.middleware.proxy_headers.ProxyHeadersMiddleware object at 0x00000210B4F91FD0>
  File "E:\vbenspace\vben-python\.venv\Lib\site-packages\uvicorn\middleware\proxy_headers.py", line 60, in __call__
    return await self.app(scope, receive, send)
                 │    │   │      │        └ <bound method RequestResponseCycle.send of <uvicorn.protocols.http.httptools_impl.RequestResponseCycle object at 0x00000210B5...
                 │    │   │      └ <bound method RequestResponseCycle.receive of <uvicorn.protocols.http.httptools_impl.RequestResponseCycle object at 0x0000021...
                 │    │   └ {'type': 'http', 'asgi': {'version': '3.0', 'spec_version': '2.3'}, 'http_version': '1.1', 'server': ('127.0.0.1', 8080), 'cl...
                 │    └ <fastapi.applications.FastAPI object at 0x00000210B4E1BB60>
                 └ <uvicorn.middleware.proxy_headers.ProxyHeadersMiddleware object at 0x00000210B4F91FD0>
  File "E:\vbenspace\vben-python\.venv\Lib\site-packages\fastapi\applications.py", line 1134, in __call__
    await super().__call__(scope, receive, send)
                           │      │        └ <bound method RequestResponseCycle.send of <uvicorn.protocols.http.httptools_impl.RequestResponseCycle object at 0x00000210B5...
                           │      └ <bound method RequestResponseCycle.receive of <uvicorn.protocols.http.httptools_impl.RequestResponseCycle object at 0x0000021...
                           └ {'type': 'http', 'asgi': {'version': '3.0', 'spec_version': '2.3'}, 'http_version': '1.1', 'server': ('127.0.0.1', 8080), 'cl...
  File "E:\vbenspace\vben-python\.venv\Lib\site-packages\starlette\applications.py", line 113, in __call__
    await self.middleware_stack(scope, receive, send)
          │    │                │      │        └ <bound method RequestResponseCycle.send of <uvicorn.protocols.http.httptools_impl.RequestResponseCycle object at 0x00000210B5...
          │    │                │      └ <bound method RequestResponseCycle.receive of <uvicorn.protocols.http.httptools_impl.RequestResponseCycle object at 0x0000021...
          │    │                └ {'type': 'http', 'asgi': {'version': '3.0', 'spec_version': '2.3'}, 'http_version': '1.1', 'server': ('127.0.0.1', 8080), 'cl...
          │    └ <starlette.middleware.errors.ServerErrorMiddleware object at 0x00000210B4F92F90>
          └ <fastapi.applications.FastAPI object at 0x00000210B4E1BB60>
> File "E:\vbenspace\vben-python\.venv\Lib\site-packages\starlette\middleware\errors.py", line 164, in __call__
    await self.app(scope, receive, _send)
          │    │   │      │        └ <function ServerErrorMiddleware.__call__.<locals>._send at 0x00000210B514A980>
          │    │   │      └ <bound method RequestResponseCycle.receive of <uvicorn.protocols.http.httptools_impl.RequestResponseCycle object at 0x0000021...
          │    │   └ {'type': 'http', 'asgi': {'version': '3.0', 'spec_version': '2.3'}, 'http_version': '1.1', 'server': ('127.0.0.1', 8080), 'cl...
          │    └ <middlewares.trace_middleware.middle.TraceASGIMiddleware object at 0x00000210B4F92E40>
          └ <starlette.middleware.errors.ServerErrorMiddleware object at 0x00000210B4F92F90>

  File "E:\vbenspace\vben-python\middlewares\trace_middleware\middle.py", line 47, in __call__
    await self.app(scope, handle_outgoing_receive, handle_outgoing_request)
          │    │   │      │                        └ <function TraceASGIMiddleware.__call__.<locals>.handle_outgoing_request at 0x00000210B514BAB0>
          │    │   │      └ <function RequestResponseCycle.receive at 0x00000210B514B7F0>
          │    │   └ {'type': 'http', 'asgi': {'version': '3.0', 'spec_version': '2.3'}, 'http_version': '1.1', 'server': ('127.0.0.1', 8080), 'cl...
          │    └ <starlette.middleware.gzip.GZipMiddleware object at 0x00000210B4F92CF0>
          └ <middlewares.trace_middleware.middle.TraceASGIMiddleware object at 0x00000210B4F92E40>

  File "E:\vbenspace\vben-python\.venv\Lib\site-packages\starlette\middleware\gzip.py", line 29, in __call__
    await responder(scope, receive, send)
          │         │      │        └ <function TraceASGIMiddleware.__call__.<locals>.handle_outgoing_request at 0x00000210B514BAB0>
          │         │      └ <function RequestResponseCycle.receive at 0x00000210B514B7F0>
          │         └ {'type': 'http', 'asgi': {'version': '3.0', 'spec_version': '2.3'}, 'http_version': '1.1', 'server': ('127.0.0.1', 8080), 'cl...
          └ <starlette.middleware.gzip.GZipResponder object at 0x00000210B506BAD0>
  File "E:\vbenspace\vben-python\.venv\Lib\site-packages\starlette\middleware\gzip.py", line 130, in __call__
    await super().__call__(scope, receive, send)
                           │      │        └ <function TraceASGIMiddleware.__call__.<locals>.handle_outgoing_request at 0x00000210B514BAB0>
                           │      └ <function RequestResponseCycle.receive at 0x00000210B514B7F0>
                           └ {'type': 'http', 'asgi': {'version': '3.0', 'spec_version': '2.3'}, 'http_version': '1.1', 'server': ('127.0.0.1', 8080), 'cl...
  File "E:\vbenspace\vben-python\.venv\Lib\site-packages\starlette\middleware\gzip.py", line 46, in __call__
    await self.app(scope, receive, self.send_with_compression)
          │    │   │      │        │    └ <function IdentityResponder.send_with_compression at 0x00000210B4A00670>
          │    │   │      │        └ <starlette.middleware.gzip.GZipResponder object at 0x00000210B506BAD0>
          │    │   │      └ <function RequestResponseCycle.receive at 0x00000210B514B7F0>
          │    │   └ {'type': 'http', 'asgi': {'version': '3.0', 'spec_version': '2.3'}, 'http_version': '1.1', 'server': ('127.0.0.1', 8080), 'cl...
          │    └ <starlette.middleware.cors.CORSMiddleware object at 0x00000210B4F92BA0>
          └ <starlette.middleware.gzip.GZipResponder object at 0x00000210B506BAD0>
  File "E:\vbenspace\vben-python\.venv\Lib\site-packages\starlette\middleware\cors.py", line 93, in __call__
    await self.simple_response(scope, receive, send, request_headers=headers)
          │    │               │      │        │                     └ Headers({'host': 'localhost:8080', 'connection': 'close', 'content-length': '102', 'sec-ch-ua-platform': '"Windows"', 'author...
          │    │               │      │        └ <bound method IdentityResponder.send_with_compression of <starlette.middleware.gzip.GZipResponder object at 0x00000210B506BAD0>>
          │    │               │      └ <function RequestResponseCycle.receive at 0x00000210B514B7F0>
          │    │               └ {'type': 'http', 'asgi': {'version': '3.0', 'spec_version': '2.3'}, 'http_version': '1.1', 'server': ('127.0.0.1', 8080), 'cl...
          │    └ <function CORSMiddleware.simple_response at 0x00000210B49D7B60>
          └ <starlette.middleware.cors.CORSMiddleware object at 0x00000210B4F92BA0>
  File "E:\vbenspace\vben-python\.venv\Lib\site-packages\starlette\middleware\cors.py", line 144, in simple_response
    await self.app(scope, receive, send)
          │    │   │      │        └ functools.partial(<bound method CORSMiddleware.send of <starlette.middleware.cors.CORSMiddleware object at 0x00000210B4F92BA0...
          │    │   │      └ <function RequestResponseCycle.receive at 0x00000210B514B7F0>
          │    │   └ {'type': 'http', 'asgi': {'version': '3.0', 'spec_version': '2.3'}, 'http_version': '1.1', 'server': ('127.0.0.1', 8080), 'cl...
          │    └ <starlette.middleware.exceptions.ExceptionMiddleware object at 0x00000210B4F92A50>
          └ <starlette.middleware.cors.CORSMiddleware object at 0x00000210B4F92BA0>
  File "E:\vbenspace\vben-python\.venv\Lib\site-packages\starlette\middleware\exceptions.py", line 63, in __call__
    await wrap_app_handling_exceptions(self.app, conn)(scope, receive, send)
          │                            │    │    │     │      │        └ functools.partial(<bound method CORSMiddleware.send of <starlette.middleware.cors.CORSMiddleware object at 0x00000210B4F92BA0...
          │                            │    │    │     │      └ <function RequestResponseCycle.receive at 0x00000210B514B7F0>
          │                            │    │    │     └ {'type': 'http', 'asgi': {'version': '3.0', 'spec_version': '2.3'}, 'http_version': '1.1', 'server': ('127.0.0.1', 8080), 'cl...
          │                            │    │    └ <starlette.requests.Request object at 0x00000210B509F4D0>
          │                            │    └ <fastapi.middleware.asyncexitstack.AsyncExitStackMiddleware object at 0x00000210B4F92900>
          │                            └ <starlette.middleware.exceptions.ExceptionMiddleware object at 0x00000210B4F92A50>
          └ <function wrap_app_handling_exceptions at 0x00000210914262A0>
  File "E:\vbenspace\vben-python\.venv\Lib\site-packages\starlette\_exception_handler.py", line 53, in wrapped_app
    raise exc
  File "E:\vbenspace\vben-python\.venv\Lib\site-packages\starlette\_exception_handler.py", line 42, in wrapped_app
    await app(scope, receive, sender)
          │   │      │        └ <function wrap_app_handling_exceptions.<locals>.wrapped_app.<locals>.sender at 0x00000210B514BD70>
          │   │      └ <function RequestResponseCycle.receive at 0x00000210B514B7F0>
          │   └ {'type': 'http', 'asgi': {'version': '3.0', 'spec_version': '2.3'}, 'http_version': '1.1', 'server': ('127.0.0.1', 8080), 'cl...
          └ <fastapi.middleware.asyncexitstack.AsyncExitStackMiddleware object at 0x00000210B4F92900>
  File "E:\vbenspace\vben-python\.venv\Lib\site-packages\fastapi\middleware\asyncexitstack.py", line 18, in __call__
    await self.app(scope, receive, send)
          │    │   │      │        └ <function wrap_app_handling_exceptions.<locals>.wrapped_app.<locals>.sender at 0x00000210B514BD70>
          │    │   │      └ <function RequestResponseCycle.receive at 0x00000210B514B7F0>
          │    │   └ {'type': 'http', 'asgi': {'version': '3.0', 'spec_version': '2.3'}, 'http_version': '1.1', 'server': ('127.0.0.1', 8080), 'cl...
          │    └ <fastapi.routing.APIRouter object at 0x0000021090040410>
          └ <fastapi.middleware.asyncexitstack.AsyncExitStackMiddleware object at 0x00000210B4F92900>
  File "E:\vbenspace\vben-python\.venv\Lib\site-packages\starlette\routing.py", line 716, in __call__
    await self.middleware_stack(scope, receive, send)
          │    │                │      │        └ <function wrap_app_handling_exceptions.<locals>.wrapped_app.<locals>.sender at 0x00000210B514BD70>
          │    │                │      └ <function RequestResponseCycle.receive at 0x00000210B514B7F0>
          │    │                └ {'type': 'http', 'asgi': {'version': '3.0', 'spec_version': '2.3'}, 'http_version': '1.1', 'server': ('127.0.0.1', 8080), 'cl...
          │    └ <bound method Router.app of <fastapi.routing.APIRouter object at 0x0000021090040410>>
          └ <fastapi.routing.APIRouter object at 0x0000021090040410>
  File "E:\vbenspace\vben-python\.venv\Lib\site-packages\starlette\routing.py", line 736, in app
    await route.handle(scope, receive, send)
          │     │      │      │        └ <function wrap_app_handling_exceptions.<locals>.wrapped_app.<locals>.sender at 0x00000210B514BD70>
          │     │      │      └ <function RequestResponseCycle.receive at 0x00000210B514B7F0>
          │     │      └ {'type': 'http', 'asgi': {'version': '3.0', 'spec_version': '2.3'}, 'http_version': '1.1', 'server': ('127.0.0.1', 8080), 'cl...
          │     └ <function Route.handle at 0x0000021091448F60>
          └ APIRoute(path='/sys/org/user', name='post', methods=['POST'])
  File "E:\vbenspace\vben-python\.venv\Lib\site-packages\starlette\routing.py", line 290, in handle
    await self.app(scope, receive, send)
          │    │   │      │        └ <function wrap_app_handling_exceptions.<locals>.wrapped_app.<locals>.sender at 0x00000210B514BD70>
          │    │   │      └ <function RequestResponseCycle.receive at 0x00000210B514B7F0>
          │    │   └ {'type': 'http', 'asgi': {'version': '3.0', 'spec_version': '2.3'}, 'http_version': '1.1', 'server': ('127.0.0.1', 8080), 'cl...
          │    └ <function request_response.<locals>.app at 0x00000210B4EFB740>
          └ APIRoute(path='/sys/org/user', name='post', methods=['POST'])
  File "E:\vbenspace\vben-python\.venv\Lib\site-packages\fastapi\routing.py", line 124, in app
    await wrap_app_handling_exceptions(app, request)(scope, receive, send)
          │                            │    │        │      │        └ <function wrap_app_handling_exceptions.<locals>.wrapped_app.<locals>.sender at 0x00000210B514BD70>
          │                            │    │        │      └ <function RequestResponseCycle.receive at 0x00000210B514B7F0>
          │                            │    │        └ {'type': 'http', 'asgi': {'version': '3.0', 'spec_version': '2.3'}, 'http_version': '1.1', 'server': ('127.0.0.1', 8080), 'cl...
          │                            │    └ <starlette.requests.Request object at 0x00000210B509E210>
          │                            └ <function request_response.<locals>.app.<locals>.app at 0x00000210B5149220>
          └ <function wrap_app_handling_exceptions at 0x00000210914262A0>
  File "E:\vbenspace\vben-python\.venv\Lib\site-packages\starlette\_exception_handler.py", line 53, in wrapped_app
    raise exc
  File "E:\vbenspace\vben-python\.venv\Lib\site-packages\starlette\_exception_handler.py", line 42, in wrapped_app
    await app(scope, receive, sender)
          │   │      │        └ <function wrap_app_handling_exceptions.<locals>.wrapped_app.<locals>.sender at 0x00000210B514A1F0>
          │   │      └ <function RequestResponseCycle.receive at 0x00000210B514B7F0>
          │   └ {'type': 'http', 'asgi': {'version': '3.0', 'spec_version': '2.3'}, 'http_version': '1.1', 'server': ('127.0.0.1', 8080), 'cl...
          └ <function request_response.<locals>.app.<locals>.app at 0x00000210B5149220>
  File "E:\vbenspace\vben-python\.venv\Lib\site-packages\fastapi\routing.py", line 110, in app
    response = await f(request)
                     │ └ <starlette.requests.Request object at 0x00000210B509E210>
                     └ <function get_request_handler.<locals>.app at 0x00000210B4EFB690>
  File "E:\vbenspace\vben-python\.venv\Lib\site-packages\fastapi\routing.py", line 390, in app
    raw_response = await run_endpoint_function(
                         └ <function run_endpoint_function at 0x00000210914516F0>
  File "E:\vbenspace\vben-python\.venv\Lib\site-packages\fastapi\routing.py", line 289, in run_endpoint_function
    return await dependant.call(**values)
                 │         │      └ {'service': <modules.base.sys.org.user.service.SysOrgUserService object at 0x00000210B4F927B0>, 'bo': UserDTO(id=None, name='...
                 │         └ <function post at 0x00000210B4B2DC70>
                 └ Dependant(path_params=[], query_params=[], header_params=[], cookie_params=[], body_params=[ModelField(field_info=Body(Pydant...

  File "E:\vbenspace\vben-python\modules\base\sys\org\user\router.py", line 39, in post
    await service.insert(SysOrgUser(**bo.model_dump()))
          │       │      │            │  └ <function BaseModel.model_dump at 0x00000210910761F0>
          │       │      │            └ UserDTO(id=None, name='3', ninam=None, depid='d1985590113907904512', tier=None, job=None, type=None, usnam='3', pacod='3', em...
          │       │      └ <class 'modules.base.sys.org.user.model.SysOrgUser'>
          │       └ <function SysOrgUserService.insert at 0x00000210B4B2CA90>
          └ <modules.base.sys.org.user.service.SysOrgUserService object at 0x00000210B4F927B0>

  File "E:\vbenspace\vben-python\modules\base\sys\org\user\service.py", line 27, in insert
    main.tier = tier + "_" + main.id
    │    │      │            │    └ <sqlalchemy.orm.attributes.InstrumentedAttribute object at 0x00000210B4AE94E0>
    │    │      │            └ <modules.base.sys.org.user.model.SysOrgUser object at 0x00000210B509A7B0>
    │    │      └ None
    │    └ <sqlalchemy.orm.attributes.InstrumentedAttribute object at 0x00000210B4AE96C0>
    └ <modules.base.sys.org.user.model.SysOrgUser object at 0x00000210B509A7B0>

TypeError: unsupported operand type(s) for +: 'NoneType' and 'str'
2025-11-04 14:29:31.435 | ea3ee93e5b264c2c97f6961759b2dbe3 | ERROR    | exceptions.handle:exception_handler:70 - unsupported operand type(s) for +: 'NoneType' and 'str'
Traceback (most recent call last):

  File "<string>", line 1, in <module>
  File "D:\dev\python\Lib\multiprocessing\spawn.py", line 122, in spawn_main
    exitcode = _main(fd, parent_sentinel)
               │     │   └ 512
               │     └ 3
               └ <function _main at 0x00000210908B0720>
  File "D:\dev\python\Lib\multiprocessing\spawn.py", line 135, in _main
    return self._bootstrap(parent_sentinel)
           │    │          └ 512
           │    └ <function BaseProcess._bootstrap at 0x000002109002EE50>
           └ <SpawnProcess name='SpawnProcess-1' parent=13940 started>
  File "D:\dev\python\Lib\multiprocessing\process.py", line 320, in _bootstrap
    self.run()
    │    └ <function BaseProcess.run at 0x000002109002E1F0>
    └ <SpawnProcess name='SpawnProcess-1' parent=13940 started>
  File "D:\dev\python\Lib\multiprocessing\process.py", line 108, in run
    self._target(*self._args, **self._kwargs)
    │    │        │    │        │    └ {'config': <uvicorn.config.Config object at 0x000002108FFDE900>, 'target': <bound method Server.run of <uvicorn.server.Server...
    │    │        │    │        └ <SpawnProcess name='SpawnProcess-1' parent=13940 started>
    │    │        │    └ ()
    │    │        └ <SpawnProcess name='SpawnProcess-1' parent=13940 started>
    │    └ <function subprocess_started at 0x0000021090B05D20>
    └ <SpawnProcess name='SpawnProcess-1' parent=13940 started>
  File "E:\vbenspace\vben-python\.venv\Lib\site-packages\uvicorn\_subprocess.py", line 80, in subprocess_started
    target(sockets=sockets)
    │              └ [<socket.socket fd=728, family=2, type=1, proto=6, laddr=('0.0.0.0', 8080)>]
    └ <bound method Server.run of <uvicorn.server.Server object at 0x000002108FFDEBA0>>
  File "E:\vbenspace\vben-python\.venv\Lib\site-packages\uvicorn\server.py", line 67, in run
    return asyncio_run(self.serve(sockets=sockets), loop_factory=self.config.get_loop_factory())
           │           │    │             │                      │    │      └ <function Config.get_loop_factory at 0x0000021090AE45C0>
           │           │    │             │                      │    └ <uvicorn.config.Config object at 0x000002108FFDE900>
           │           │    │             │                      └ <uvicorn.server.Server object at 0x000002108FFDEBA0>
           │           │    │             └ [<socket.socket fd=728, family=2, type=1, proto=6, laddr=('0.0.0.0', 8080)>]
           │           │    └ <function Server.serve at 0x0000021090AE50C0>
           │           └ <uvicorn.server.Server object at 0x000002108FFDEBA0>
           └ <function run at 0x000002108FF5F950>
  File "D:\dev\python\Lib\asyncio\runners.py", line 204, in run
    return runner.run(main)
           │      │   └ <coroutine object Server.serve at 0x0000021090041030>
           │      └ <function Runner.run at 0x000002108FF5FD70>
           └ <asyncio.runners.Runner object at 0x00000210B4EB1950>
  File "D:\dev\python\Lib\asyncio\runners.py", line 127, in run
    return self._loop.run_until_complete(task)
           │    │     │                  └ <Task pending name='Task-1' coro=<Server.serve() running at E:\vbenspace\vben-python\.venv\Lib\site-packages\uvicorn\server.p...
           │    │     └ <function BaseEventLoop.run_until_complete at 0x000002108FF5C250>
           │    └ <_WindowsSelectorEventLoop running=True closed=False debug=False>
           └ <asyncio.runners.Runner object at 0x00000210B4EB1950>
  File "D:\dev\python\Lib\asyncio\base_events.py", line 706, in run_until_complete
    self.run_forever()
    │    └ <function BaseEventLoop.run_forever at 0x000002108FF5C1A0>
    └ <_WindowsSelectorEventLoop running=True closed=False debug=False>
  File "D:\dev\python\Lib\asyncio\base_events.py", line 677, in run_forever
    self._run_once()
    │    └ <function BaseEventLoop._run_once at 0x000002108FF5E2A0>
    └ <_WindowsSelectorEventLoop running=True closed=False debug=False>
  File "D:\dev\python\Lib\asyncio\base_events.py", line 2046, in _run_once
    handle._run()
    │      └ <function Handle._run at 0x000002108FEE2770>
    └ <Handle Task.task_wakeup()>
  File "D:\dev\python\Lib\asyncio\events.py", line 94, in _run
    self._context.run(self._callback, *self._args)
    │    │            │    │           │    └ <member '_args' of 'Handle' objects>
    │    │            │    │           └ <Handle Task.task_wakeup()>
    │    │            │    └ <member '_callback' of 'Handle' objects>
    │    │            └ <Handle Task.task_wakeup()>
    │    └ <member '_context' of 'Handle' objects>
    └ <Handle Task.task_wakeup()>
  File "E:\vbenspace\vben-python\.venv\Lib\site-packages\uvicorn\protocols\http\httptools_impl.py", line 409, in run_asgi
    result = await app(  # type: ignore[func-returns-value]
                   └ <uvicorn.middleware.proxy_headers.ProxyHeadersMiddleware object at 0x00000210B4F91FD0>
  File "E:\vbenspace\vben-python\.venv\Lib\site-packages\uvicorn\middleware\proxy_headers.py", line 60, in __call__
    return await self.app(scope, receive, send)
                 │    │   │      │        └ <bound method RequestResponseCycle.send of <uvicorn.protocols.http.httptools_impl.RequestResponseCycle object at 0x00000210B5...
                 │    │   │      └ <bound method RequestResponseCycle.receive of <uvicorn.protocols.http.httptools_impl.RequestResponseCycle object at 0x0000021...
                 │    │   └ {'type': 'http', 'asgi': {'version': '3.0', 'spec_version': '2.3'}, 'http_version': '1.1', 'server': ('127.0.0.1', 8080), 'cl...
                 │    └ <fastapi.applications.FastAPI object at 0x00000210B4E1BB60>
                 └ <uvicorn.middleware.proxy_headers.ProxyHeadersMiddleware object at 0x00000210B4F91FD0>
  File "E:\vbenspace\vben-python\.venv\Lib\site-packages\fastapi\applications.py", line 1134, in __call__
    await super().__call__(scope, receive, send)
                           │      │        └ <bound method RequestResponseCycle.send of <uvicorn.protocols.http.httptools_impl.RequestResponseCycle object at 0x00000210B5...
                           │      └ <bound method RequestResponseCycle.receive of <uvicorn.protocols.http.httptools_impl.RequestResponseCycle object at 0x0000021...
                           └ {'type': 'http', 'asgi': {'version': '3.0', 'spec_version': '2.3'}, 'http_version': '1.1', 'server': ('127.0.0.1', 8080), 'cl...
  File "E:\vbenspace\vben-python\.venv\Lib\site-packages\starlette\applications.py", line 113, in __call__
    await self.middleware_stack(scope, receive, send)
          │    │                │      │        └ <bound method RequestResponseCycle.send of <uvicorn.protocols.http.httptools_impl.RequestResponseCycle object at 0x00000210B5...
          │    │                │      └ <bound method RequestResponseCycle.receive of <uvicorn.protocols.http.httptools_impl.RequestResponseCycle object at 0x0000021...
          │    │                └ {'type': 'http', 'asgi': {'version': '3.0', 'spec_version': '2.3'}, 'http_version': '1.1', 'server': ('127.0.0.1', 8080), 'cl...
          │    └ <starlette.middleware.errors.ServerErrorMiddleware object at 0x00000210B4F92F90>
          └ <fastapi.applications.FastAPI object at 0x00000210B4E1BB60>
> File "E:\vbenspace\vben-python\.venv\Lib\site-packages\starlette\middleware\errors.py", line 164, in __call__
    await self.app(scope, receive, _send)
          │    │   │      │        └ <function ServerErrorMiddleware.__call__.<locals>._send at 0x00000210B514A980>
          │    │   │      └ <bound method RequestResponseCycle.receive of <uvicorn.protocols.http.httptools_impl.RequestResponseCycle object at 0x0000021...
          │    │   └ {'type': 'http', 'asgi': {'version': '3.0', 'spec_version': '2.3'}, 'http_version': '1.1', 'server': ('127.0.0.1', 8080), 'cl...
          │    └ <middlewares.trace_middleware.middle.TraceASGIMiddleware object at 0x00000210B4F92E40>
          └ <starlette.middleware.errors.ServerErrorMiddleware object at 0x00000210B4F92F90>

  File "E:\vbenspace\vben-python\middlewares\trace_middleware\middle.py", line 47, in __call__
    await self.app(scope, handle_outgoing_receive, handle_outgoing_request)
          │    │   │      │                        └ <function TraceASGIMiddleware.__call__.<locals>.handle_outgoing_request at 0x00000210B514BAB0>
          │    │   │      └ <function RequestResponseCycle.receive at 0x00000210B514B7F0>
          │    │   └ {'type': 'http', 'asgi': {'version': '3.0', 'spec_version': '2.3'}, 'http_version': '1.1', 'server': ('127.0.0.1', 8080), 'cl...
          │    └ <starlette.middleware.gzip.GZipMiddleware object at 0x00000210B4F92CF0>
          └ <middlewares.trace_middleware.middle.TraceASGIMiddleware object at 0x00000210B4F92E40>

  File "E:\vbenspace\vben-python\.venv\Lib\site-packages\starlette\middleware\gzip.py", line 29, in __call__
    await responder(scope, receive, send)
          │         │      │        └ <function TraceASGIMiddleware.__call__.<locals>.handle_outgoing_request at 0x00000210B514BAB0>
          │         │      └ <function RequestResponseCycle.receive at 0x00000210B514B7F0>
          │         └ {'type': 'http', 'asgi': {'version': '3.0', 'spec_version': '2.3'}, 'http_version': '1.1', 'server': ('127.0.0.1', 8080), 'cl...
          └ <starlette.middleware.gzip.GZipResponder object at 0x00000210B508F240>
  File "E:\vbenspace\vben-python\.venv\Lib\site-packages\starlette\middleware\gzip.py", line 130, in __call__
    await super().__call__(scope, receive, send)
                           │      │        └ <function TraceASGIMiddleware.__call__.<locals>.handle_outgoing_request at 0x00000210B514BAB0>
                           │      └ <function RequestResponseCycle.receive at 0x00000210B514B7F0>
                           └ {'type': 'http', 'asgi': {'version': '3.0', 'spec_version': '2.3'}, 'http_version': '1.1', 'server': ('127.0.0.1', 8080), 'cl...
  File "E:\vbenspace\vben-python\.venv\Lib\site-packages\starlette\middleware\gzip.py", line 46, in __call__
    await self.app(scope, receive, self.send_with_compression)
          │    │   │      │        │    └ <function IdentityResponder.send_with_compression at 0x00000210B4A00670>
          │    │   │      │        └ <starlette.middleware.gzip.GZipResponder object at 0x00000210B508F240>
          │    │   │      └ <function RequestResponseCycle.receive at 0x00000210B514B7F0>
          │    │   └ {'type': 'http', 'asgi': {'version': '3.0', 'spec_version': '2.3'}, 'http_version': '1.1', 'server': ('127.0.0.1', 8080), 'cl...
          │    └ <starlette.middleware.cors.CORSMiddleware object at 0x00000210B4F92BA0>
          └ <starlette.middleware.gzip.GZipResponder object at 0x00000210B508F240>
  File "E:\vbenspace\vben-python\.venv\Lib\site-packages\starlette\middleware\cors.py", line 93, in __call__
    await self.simple_response(scope, receive, send, request_headers=headers)
          │    │               │      │        │                     └ Headers({'host': 'localhost:8080', 'connection': 'close', 'content-length': '102', 'sec-ch-ua-platform': '"Windows"', 'author...
          │    │               │      │        └ <bound method IdentityResponder.send_with_compression of <starlette.middleware.gzip.GZipResponder object at 0x00000210B508F240>>
          │    │               │      └ <function RequestResponseCycle.receive at 0x00000210B514B7F0>
          │    │               └ {'type': 'http', 'asgi': {'version': '3.0', 'spec_version': '2.3'}, 'http_version': '1.1', 'server': ('127.0.0.1', 8080), 'cl...
          │    └ <function CORSMiddleware.simple_response at 0x00000210B49D7B60>
          └ <starlette.middleware.cors.CORSMiddleware object at 0x00000210B4F92BA0>
  File "E:\vbenspace\vben-python\.venv\Lib\site-packages\starlette\middleware\cors.py", line 144, in simple_response
    await self.app(scope, receive, send)
          │    │   │      │        └ functools.partial(<bound method CORSMiddleware.send of <starlette.middleware.cors.CORSMiddleware object at 0x00000210B4F92BA0...
          │    │   │      └ <function RequestResponseCycle.receive at 0x00000210B514B7F0>
          │    │   └ {'type': 'http', 'asgi': {'version': '3.0', 'spec_version': '2.3'}, 'http_version': '1.1', 'server': ('127.0.0.1', 8080), 'cl...
          │    └ <starlette.middleware.exceptions.ExceptionMiddleware object at 0x00000210B4F92A50>
          └ <starlette.middleware.cors.CORSMiddleware object at 0x00000210B4F92BA0>
  File "E:\vbenspace\vben-python\.venv\Lib\site-packages\starlette\middleware\exceptions.py", line 63, in __call__
    await wrap_app_handling_exceptions(self.app, conn)(scope, receive, send)
          │                            │    │    │     │      │        └ functools.partial(<bound method CORSMiddleware.send of <starlette.middleware.cors.CORSMiddleware object at 0x00000210B4F92BA0...
          │                            │    │    │     │      └ <function RequestResponseCycle.receive at 0x00000210B514B7F0>
          │                            │    │    │     └ {'type': 'http', 'asgi': {'version': '3.0', 'spec_version': '2.3'}, 'http_version': '1.1', 'server': ('127.0.0.1', 8080), 'cl...
          │                            │    │    └ <starlette.requests.Request object at 0x00000210B4E2F050>
          │                            │    └ <fastapi.middleware.asyncexitstack.AsyncExitStackMiddleware object at 0x00000210B4F92900>
          │                            └ <starlette.middleware.exceptions.ExceptionMiddleware object at 0x00000210B4F92A50>
          └ <function wrap_app_handling_exceptions at 0x00000210914262A0>
  File "E:\vbenspace\vben-python\.venv\Lib\site-packages\starlette\_exception_handler.py", line 53, in wrapped_app
    raise exc
  File "E:\vbenspace\vben-python\.venv\Lib\site-packages\starlette\_exception_handler.py", line 42, in wrapped_app
    await app(scope, receive, sender)
          │   │      │        └ <function wrap_app_handling_exceptions.<locals>.wrapped_app.<locals>.sender at 0x00000210B514BCC0>
          │   │      └ <function RequestResponseCycle.receive at 0x00000210B514B7F0>
          │   └ {'type': 'http', 'asgi': {'version': '3.0', 'spec_version': '2.3'}, 'http_version': '1.1', 'server': ('127.0.0.1', 8080), 'cl...
          └ <fastapi.middleware.asyncexitstack.AsyncExitStackMiddleware object at 0x00000210B4F92900>
  File "E:\vbenspace\vben-python\.venv\Lib\site-packages\fastapi\middleware\asyncexitstack.py", line 18, in __call__
    await self.app(scope, receive, send)
          │    │   │      │        └ <function wrap_app_handling_exceptions.<locals>.wrapped_app.<locals>.sender at 0x00000210B514BCC0>
          │    │   │      └ <function RequestResponseCycle.receive at 0x00000210B514B7F0>
          │    │   └ {'type': 'http', 'asgi': {'version': '3.0', 'spec_version': '2.3'}, 'http_version': '1.1', 'server': ('127.0.0.1', 8080), 'cl...
          │    └ <fastapi.routing.APIRouter object at 0x0000021090040410>
          └ <fastapi.middleware.asyncexitstack.AsyncExitStackMiddleware object at 0x00000210B4F92900>
  File "E:\vbenspace\vben-python\.venv\Lib\site-packages\starlette\routing.py", line 716, in __call__
    await self.middleware_stack(scope, receive, send)
          │    │                │      │        └ <function wrap_app_handling_exceptions.<locals>.wrapped_app.<locals>.sender at 0x00000210B514BCC0>
          │    │                │      └ <function RequestResponseCycle.receive at 0x00000210B514B7F0>
          │    │                └ {'type': 'http', 'asgi': {'version': '3.0', 'spec_version': '2.3'}, 'http_version': '1.1', 'server': ('127.0.0.1', 8080), 'cl...
          │    └ <bound method Router.app of <fastapi.routing.APIRouter object at 0x0000021090040410>>
          └ <fastapi.routing.APIRouter object at 0x0000021090040410>
  File "E:\vbenspace\vben-python\.venv\Lib\site-packages\starlette\routing.py", line 736, in app
    await route.handle(scope, receive, send)
          │     │      │      │        └ <function wrap_app_handling_exceptions.<locals>.wrapped_app.<locals>.sender at 0x00000210B514BCC0>
          │     │      │      └ <function RequestResponseCycle.receive at 0x00000210B514B7F0>
          │     │      └ {'type': 'http', 'asgi': {'version': '3.0', 'spec_version': '2.3'}, 'http_version': '1.1', 'server': ('127.0.0.1', 8080), 'cl...
          │     └ <function Route.handle at 0x0000021091448F60>
          └ APIRoute(path='/sys/org/user', name='post', methods=['POST'])
  File "E:\vbenspace\vben-python\.venv\Lib\site-packages\starlette\routing.py", line 290, in handle
    await self.app(scope, receive, send)
          │    │   │      │        └ <function wrap_app_handling_exceptions.<locals>.wrapped_app.<locals>.sender at 0x00000210B514BCC0>
          │    │   │      └ <function RequestResponseCycle.receive at 0x00000210B514B7F0>
          │    │   └ {'type': 'http', 'asgi': {'version': '3.0', 'spec_version': '2.3'}, 'http_version': '1.1', 'server': ('127.0.0.1', 8080), 'cl...
          │    └ <function request_response.<locals>.app at 0x00000210B4EFB740>
          └ APIRoute(path='/sys/org/user', name='post', methods=['POST'])
  File "E:\vbenspace\vben-python\.venv\Lib\site-packages\fastapi\routing.py", line 124, in app
    await wrap_app_handling_exceptions(app, request)(scope, receive, send)
          │                            │    │        │      │        └ <function wrap_app_handling_exceptions.<locals>.wrapped_app.<locals>.sender at 0x00000210B514BCC0>
          │                            │    │        │      └ <function RequestResponseCycle.receive at 0x00000210B514B7F0>
          │                            │    │        └ {'type': 'http', 'asgi': {'version': '3.0', 'spec_version': '2.3'}, 'http_version': '1.1', 'server': ('127.0.0.1', 8080), 'cl...
          │                            │    └ <starlette.requests.Request object at 0x00000210B51E9610>
          │                            └ <function request_response.<locals>.app.<locals>.app at 0x00000210B5149220>
          └ <function wrap_app_handling_exceptions at 0x00000210914262A0>
  File "E:\vbenspace\vben-python\.venv\Lib\site-packages\starlette\_exception_handler.py", line 53, in wrapped_app
    raise exc
  File "E:\vbenspace\vben-python\.venv\Lib\site-packages\starlette\_exception_handler.py", line 42, in wrapped_app
    await app(scope, receive, sender)
          │   │      │        └ <function wrap_app_handling_exceptions.<locals>.wrapped_app.<locals>.sender at 0x00000210B514AA30>
          │   │      └ <function RequestResponseCycle.receive at 0x00000210B514B7F0>
          │   └ {'type': 'http', 'asgi': {'version': '3.0', 'spec_version': '2.3'}, 'http_version': '1.1', 'server': ('127.0.0.1', 8080), 'cl...
          └ <function request_response.<locals>.app.<locals>.app at 0x00000210B5149220>
  File "E:\vbenspace\vben-python\.venv\Lib\site-packages\fastapi\routing.py", line 110, in app
    response = await f(request)
                     │ └ <starlette.requests.Request object at 0x00000210B51E9610>
                     └ <function get_request_handler.<locals>.app at 0x00000210B4EFB690>
  File "E:\vbenspace\vben-python\.venv\Lib\site-packages\fastapi\routing.py", line 390, in app
    raw_response = await run_endpoint_function(
                         └ <function run_endpoint_function at 0x00000210914516F0>
  File "E:\vbenspace\vben-python\.venv\Lib\site-packages\fastapi\routing.py", line 289, in run_endpoint_function
    return await dependant.call(**values)
                 │         │      └ {'service': <modules.base.sys.org.user.service.SysOrgUserService object at 0x00000210B51725D0>, 'bo': UserDTO(id=None, name='...
                 │         └ <function post at 0x00000210B4B2DC70>
                 └ Dependant(path_params=[], query_params=[], header_params=[], cookie_params=[], body_params=[ModelField(field_info=Body(Pydant...

  File "E:\vbenspace\vben-python\modules\base\sys\org\user\router.py", line 39, in post
    await service.insert(SysOrgUser(**bo.model_dump()))
          │       │      │            │  └ <function BaseModel.model_dump at 0x00000210910761F0>
          │       │      │            └ UserDTO(id=None, name='3', ninam=None, depid='d1985590113907904512', tier=None, job=None, type=None, usnam='3', pacod='3', em...
          │       │      └ <class 'modules.base.sys.org.user.model.SysOrgUser'>
          │       └ <function SysOrgUserService.insert at 0x00000210B4B2CA90>
          └ <modules.base.sys.org.user.service.SysOrgUserService object at 0x00000210B51725D0>

  File "E:\vbenspace\vben-python\modules\base\sys\org\user\service.py", line 27, in insert
    main.tier = tier + "_" + main.id
    │    │      │            │    └ <sqlalchemy.orm.attributes.InstrumentedAttribute object at 0x00000210B4AE94E0>
    │    │      │            └ <modules.base.sys.org.user.model.SysOrgUser object at 0x00000210B51702D0>
    │    │      └ None
    │    └ <sqlalchemy.orm.attributes.InstrumentedAttribute object at 0x00000210B4AE96C0>
    └ <modules.base.sys.org.user.model.SysOrgUser object at 0x00000210B51702D0>

TypeError: unsupported operand type(s) for +: 'NoneType' and 'str'
2025-11-04 14:31:08.692 | baf8fa933d2849d99a01e4ead7b76e40 | ERROR    | exceptions.handle:exception_handler:70 - unsupported operand type(s) for +: 'NoneType' and 'str'
Traceback (most recent call last):

  File "<string>", line 1, in <module>
  File "D:\dev\python\Lib\multiprocessing\spawn.py", line 122, in spawn_main
    exitcode = _main(fd, parent_sentinel)
               │     │   └ 512
               │     └ 3
               └ <function _main at 0x00000210908B0720>
  File "D:\dev\python\Lib\multiprocessing\spawn.py", line 135, in _main
    return self._bootstrap(parent_sentinel)
           │    │          └ 512
           │    └ <function BaseProcess._bootstrap at 0x000002109002EE50>
           └ <SpawnProcess name='SpawnProcess-1' parent=13940 started>
  File "D:\dev\python\Lib\multiprocessing\process.py", line 320, in _bootstrap
    self.run()
    │    └ <function BaseProcess.run at 0x000002109002E1F0>
    └ <SpawnProcess name='SpawnProcess-1' parent=13940 started>
  File "D:\dev\python\Lib\multiprocessing\process.py", line 108, in run
    self._target(*self._args, **self._kwargs)
    │    │        │    │        │    └ {'config': <uvicorn.config.Config object at 0x000002108FFDE900>, 'target': <bound method Server.run of <uvicorn.server.Server...
    │    │        │    │        └ <SpawnProcess name='SpawnProcess-1' parent=13940 started>
    │    │        │    └ ()
    │    │        └ <SpawnProcess name='SpawnProcess-1' parent=13940 started>
    │    └ <function subprocess_started at 0x0000021090B05D20>
    └ <SpawnProcess name='SpawnProcess-1' parent=13940 started>
  File "E:\vbenspace\vben-python\.venv\Lib\site-packages\uvicorn\_subprocess.py", line 80, in subprocess_started
    target(sockets=sockets)
    │              └ [<socket.socket fd=728, family=2, type=1, proto=6, laddr=('0.0.0.0', 8080)>]
    └ <bound method Server.run of <uvicorn.server.Server object at 0x000002108FFDEBA0>>
  File "E:\vbenspace\vben-python\.venv\Lib\site-packages\uvicorn\server.py", line 67, in run
    return asyncio_run(self.serve(sockets=sockets), loop_factory=self.config.get_loop_factory())
           │           │    │             │                      │    │      └ <function Config.get_loop_factory at 0x0000021090AE45C0>
           │           │    │             │                      │    └ <uvicorn.config.Config object at 0x000002108FFDE900>
           │           │    │             │                      └ <uvicorn.server.Server object at 0x000002108FFDEBA0>
           │           │    │             └ [<socket.socket fd=728, family=2, type=1, proto=6, laddr=('0.0.0.0', 8080)>]
           │           │    └ <function Server.serve at 0x0000021090AE50C0>
           │           └ <uvicorn.server.Server object at 0x000002108FFDEBA0>
           └ <function run at 0x000002108FF5F950>
  File "D:\dev\python\Lib\asyncio\runners.py", line 204, in run
    return runner.run(main)
           │      │   └ <coroutine object Server.serve at 0x0000021090041030>
           │      └ <function Runner.run at 0x000002108FF5FD70>
           └ <asyncio.runners.Runner object at 0x00000210B4EB1950>
  File "D:\dev\python\Lib\asyncio\runners.py", line 127, in run
    return self._loop.run_until_complete(task)
           │    │     │                  └ <Task pending name='Task-1' coro=<Server.serve() running at E:\vbenspace\vben-python\.venv\Lib\site-packages\uvicorn\server.p...
           │    │     └ <function BaseEventLoop.run_until_complete at 0x000002108FF5C250>
           │    └ <_WindowsSelectorEventLoop running=True closed=False debug=False>
           └ <asyncio.runners.Runner object at 0x00000210B4EB1950>
  File "D:\dev\python\Lib\asyncio\base_events.py", line 706, in run_until_complete
    self.run_forever()
    │    └ <function BaseEventLoop.run_forever at 0x000002108FF5C1A0>
    └ <_WindowsSelectorEventLoop running=True closed=False debug=False>
  File "D:\dev\python\Lib\asyncio\base_events.py", line 677, in run_forever
    self._run_once()
    │    └ <function BaseEventLoop._run_once at 0x000002108FF5E2A0>
    └ <_WindowsSelectorEventLoop running=True closed=False debug=False>
  File "D:\dev\python\Lib\asyncio\base_events.py", line 2046, in _run_once
    handle._run()
    │      └ <function Handle._run at 0x000002108FEE2770>
    └ <Handle Task.task_wakeup()>
  File "D:\dev\python\Lib\asyncio\events.py", line 94, in _run
    self._context.run(self._callback, *self._args)
    │    │            │    │           │    └ <member '_args' of 'Handle' objects>
    │    │            │    │           └ <Handle Task.task_wakeup()>
    │    │            │    └ <member '_callback' of 'Handle' objects>
    │    │            └ <Handle Task.task_wakeup()>
    │    └ <member '_context' of 'Handle' objects>
    └ <Handle Task.task_wakeup()>
  File "E:\vbenspace\vben-python\.venv\Lib\site-packages\uvicorn\protocols\http\httptools_impl.py", line 409, in run_asgi
    result = await app(  # type: ignore[func-returns-value]
                   └ <uvicorn.middleware.proxy_headers.ProxyHeadersMiddleware object at 0x00000210B4F91FD0>
  File "E:\vbenspace\vben-python\.venv\Lib\site-packages\uvicorn\middleware\proxy_headers.py", line 60, in __call__
    return await self.app(scope, receive, send)
                 │    │   │      │        └ <bound method RequestResponseCycle.send of <uvicorn.protocols.http.httptools_impl.RequestResponseCycle object at 0x00000210B5...
                 │    │   │      └ <bound method RequestResponseCycle.receive of <uvicorn.protocols.http.httptools_impl.RequestResponseCycle object at 0x0000021...
                 │    │   └ {'type': 'http', 'asgi': {'version': '3.0', 'spec_version': '2.3'}, 'http_version': '1.1', 'server': ('127.0.0.1', 8080), 'cl...
                 │    └ <fastapi.applications.FastAPI object at 0x00000210B4E1BB60>
                 └ <uvicorn.middleware.proxy_headers.ProxyHeadersMiddleware object at 0x00000210B4F91FD0>
  File "E:\vbenspace\vben-python\.venv\Lib\site-packages\fastapi\applications.py", line 1134, in __call__
    await super().__call__(scope, receive, send)
                           │      │        └ <bound method RequestResponseCycle.send of <uvicorn.protocols.http.httptools_impl.RequestResponseCycle object at 0x00000210B5...
                           │      └ <bound method RequestResponseCycle.receive of <uvicorn.protocols.http.httptools_impl.RequestResponseCycle object at 0x0000021...
                           └ {'type': 'http', 'asgi': {'version': '3.0', 'spec_version': '2.3'}, 'http_version': '1.1', 'server': ('127.0.0.1', 8080), 'cl...
  File "E:\vbenspace\vben-python\.venv\Lib\site-packages\starlette\applications.py", line 113, in __call__
    await self.middleware_stack(scope, receive, send)
          │    │                │      │        └ <bound method RequestResponseCycle.send of <uvicorn.protocols.http.httptools_impl.RequestResponseCycle object at 0x00000210B5...
          │    │                │      └ <bound method RequestResponseCycle.receive of <uvicorn.protocols.http.httptools_impl.RequestResponseCycle object at 0x0000021...
          │    │                └ {'type': 'http', 'asgi': {'version': '3.0', 'spec_version': '2.3'}, 'http_version': '1.1', 'server': ('127.0.0.1', 8080), 'cl...
          │    └ <starlette.middleware.errors.ServerErrorMiddleware object at 0x00000210B4F92F90>
          └ <fastapi.applications.FastAPI object at 0x00000210B4E1BB60>
> File "E:\vbenspace\vben-python\.venv\Lib\site-packages\starlette\middleware\errors.py", line 164, in __call__
    await self.app(scope, receive, _send)
          │    │   │      │        └ <function ServerErrorMiddleware.__call__.<locals>._send at 0x00000210B50BB950>
          │    │   │      └ <bound method RequestResponseCycle.receive of <uvicorn.protocols.http.httptools_impl.RequestResponseCycle object at 0x0000021...
          │    │   └ {'type': 'http', 'asgi': {'version': '3.0', 'spec_version': '2.3'}, 'http_version': '1.1', 'server': ('127.0.0.1', 8080), 'cl...
          │    └ <middlewares.trace_middleware.middle.TraceASGIMiddleware object at 0x00000210B4F92E40>
          └ <starlette.middleware.errors.ServerErrorMiddleware object at 0x00000210B4F92F90>

  File "E:\vbenspace\vben-python\middlewares\trace_middleware\middle.py", line 47, in __call__
    await self.app(scope, handle_outgoing_receive, handle_outgoing_request)
          │    │   │      │                        └ <function TraceASGIMiddleware.__call__.<locals>.handle_outgoing_request at 0x00000210B514A980>
          │    │   │      └ <function RequestResponseCycle.receive at 0x00000210B514B270>
          │    │   └ {'type': 'http', 'asgi': {'version': '3.0', 'spec_version': '2.3'}, 'http_version': '1.1', 'server': ('127.0.0.1', 8080), 'cl...
          │    └ <starlette.middleware.gzip.GZipMiddleware object at 0x00000210B4F92CF0>
          └ <middlewares.trace_middleware.middle.TraceASGIMiddleware object at 0x00000210B4F92E40>

  File "E:\vbenspace\vben-python\.venv\Lib\site-packages\starlette\middleware\gzip.py", line 29, in __call__
    await responder(scope, receive, send)
          │         │      │        └ <function TraceASGIMiddleware.__call__.<locals>.handle_outgoing_request at 0x00000210B514A980>
          │         │      └ <function RequestResponseCycle.receive at 0x00000210B514B270>
          │         └ {'type': 'http', 'asgi': {'version': '3.0', 'spec_version': '2.3'}, 'http_version': '1.1', 'server': ('127.0.0.1', 8080), 'cl...
          └ <starlette.middleware.gzip.GZipResponder object at 0x00000210B513E750>
  File "E:\vbenspace\vben-python\.venv\Lib\site-packages\starlette\middleware\gzip.py", line 130, in __call__
    await super().__call__(scope, receive, send)
                           │      │        └ <function TraceASGIMiddleware.__call__.<locals>.handle_outgoing_request at 0x00000210B514A980>
                           │      └ <function RequestResponseCycle.receive at 0x00000210B514B270>
                           └ {'type': 'http', 'asgi': {'version': '3.0', 'spec_version': '2.3'}, 'http_version': '1.1', 'server': ('127.0.0.1', 8080), 'cl...
  File "E:\vbenspace\vben-python\.venv\Lib\site-packages\starlette\middleware\gzip.py", line 46, in __call__
    await self.app(scope, receive, self.send_with_compression)
          │    │   │      │        │    └ <function IdentityResponder.send_with_compression at 0x00000210B4A00670>
          │    │   │      │        └ <starlette.middleware.gzip.GZipResponder object at 0x00000210B513E750>
          │    │   │      └ <function RequestResponseCycle.receive at 0x00000210B514B270>
          │    │   └ {'type': 'http', 'asgi': {'version': '3.0', 'spec_version': '2.3'}, 'http_version': '1.1', 'server': ('127.0.0.1', 8080), 'cl...
          │    └ <starlette.middleware.cors.CORSMiddleware object at 0x00000210B4F92BA0>
          └ <starlette.middleware.gzip.GZipResponder object at 0x00000210B513E750>
  File "E:\vbenspace\vben-python\.venv\Lib\site-packages\starlette\middleware\cors.py", line 93, in __call__
    await self.simple_response(scope, receive, send, request_headers=headers)
          │    │               │      │        │                     └ Headers({'host': 'localhost:8080', 'connection': 'close', 'content-length': '102', 'sec-ch-ua-platform': '"Windows"', 'author...
          │    │               │      │        └ <bound method IdentityResponder.send_with_compression of <starlette.middleware.gzip.GZipResponder object at 0x00000210B513E750>>
          │    │               │      └ <function RequestResponseCycle.receive at 0x00000210B514B270>
          │    │               └ {'type': 'http', 'asgi': {'version': '3.0', 'spec_version': '2.3'}, 'http_version': '1.1', 'server': ('127.0.0.1', 8080), 'cl...
          │    └ <function CORSMiddleware.simple_response at 0x00000210B49D7B60>
          └ <starlette.middleware.cors.CORSMiddleware object at 0x00000210B4F92BA0>
  File "E:\vbenspace\vben-python\.venv\Lib\site-packages\starlette\middleware\cors.py", line 144, in simple_response
    await self.app(scope, receive, send)
          │    │   │      │        └ functools.partial(<bound method CORSMiddleware.send of <starlette.middleware.cors.CORSMiddleware object at 0x00000210B4F92BA0...
          │    │   │      └ <function RequestResponseCycle.receive at 0x00000210B514B270>
          │    │   └ {'type': 'http', 'asgi': {'version': '3.0', 'spec_version': '2.3'}, 'http_version': '1.1', 'server': ('127.0.0.1', 8080), 'cl...
          │    └ <starlette.middleware.exceptions.ExceptionMiddleware object at 0x00000210B4F92A50>
          └ <starlette.middleware.cors.CORSMiddleware object at 0x00000210B4F92BA0>
  File "E:\vbenspace\vben-python\.venv\Lib\site-packages\starlette\middleware\exceptions.py", line 63, in __call__
    await wrap_app_handling_exceptions(self.app, conn)(scope, receive, send)
          │                            │    │    │     │      │        └ functools.partial(<bound method CORSMiddleware.send of <starlette.middleware.cors.CORSMiddleware object at 0x00000210B4F92BA0...
          │                            │    │    │     │      └ <function RequestResponseCycle.receive at 0x00000210B514B270>
          │                            │    │    │     └ {'type': 'http', 'asgi': {'version': '3.0', 'spec_version': '2.3'}, 'http_version': '1.1', 'server': ('127.0.0.1', 8080), 'cl...
          │                            │    │    └ <starlette.requests.Request object at 0x00000210B514A4C0>
          │                            │    └ <fastapi.middleware.asyncexitstack.AsyncExitStackMiddleware object at 0x00000210B4F92900>
          │                            └ <starlette.middleware.exceptions.ExceptionMiddleware object at 0x00000210B4F92A50>
          └ <function wrap_app_handling_exceptions at 0x00000210914262A0>
  File "E:\vbenspace\vben-python\.venv\Lib\site-packages\starlette\_exception_handler.py", line 53, in wrapped_app
    raise exc
  File "E:\vbenspace\vben-python\.venv\Lib\site-packages\starlette\_exception_handler.py", line 42, in wrapped_app
    await app(scope, receive, sender)
          │   │      │        └ <function wrap_app_handling_exceptions.<locals>.wrapped_app.<locals>.sender at 0x00000210B514BB60>
          │   │      └ <function RequestResponseCycle.receive at 0x00000210B514B270>
          │   └ {'type': 'http', 'asgi': {'version': '3.0', 'spec_version': '2.3'}, 'http_version': '1.1', 'server': ('127.0.0.1', 8080), 'cl...
          └ <fastapi.middleware.asyncexitstack.AsyncExitStackMiddleware object at 0x00000210B4F92900>
  File "E:\vbenspace\vben-python\.venv\Lib\site-packages\fastapi\middleware\asyncexitstack.py", line 18, in __call__
    await self.app(scope, receive, send)
          │    │   │      │        └ <function wrap_app_handling_exceptions.<locals>.wrapped_app.<locals>.sender at 0x00000210B514BB60>
          │    │   │      └ <function RequestResponseCycle.receive at 0x00000210B514B270>
          │    │   └ {'type': 'http', 'asgi': {'version': '3.0', 'spec_version': '2.3'}, 'http_version': '1.1', 'server': ('127.0.0.1', 8080), 'cl...
          │    └ <fastapi.routing.APIRouter object at 0x0000021090040410>
          └ <fastapi.middleware.asyncexitstack.AsyncExitStackMiddleware object at 0x00000210B4F92900>
  File "E:\vbenspace\vben-python\.venv\Lib\site-packages\starlette\routing.py", line 716, in __call__
    await self.middleware_stack(scope, receive, send)
          │    │                │      │        └ <function wrap_app_handling_exceptions.<locals>.wrapped_app.<locals>.sender at 0x00000210B514BB60>
          │    │                │      └ <function RequestResponseCycle.receive at 0x00000210B514B270>
          │    │                └ {'type': 'http', 'asgi': {'version': '3.0', 'spec_version': '2.3'}, 'http_version': '1.1', 'server': ('127.0.0.1', 8080), 'cl...
          │    └ <bound method Router.app of <fastapi.routing.APIRouter object at 0x0000021090040410>>
          └ <fastapi.routing.APIRouter object at 0x0000021090040410>
  File "E:\vbenspace\vben-python\.venv\Lib\site-packages\starlette\routing.py", line 736, in app
    await route.handle(scope, receive, send)
          │     │      │      │        └ <function wrap_app_handling_exceptions.<locals>.wrapped_app.<locals>.sender at 0x00000210B514BB60>
          │     │      │      └ <function RequestResponseCycle.receive at 0x00000210B514B270>
          │     │      └ {'type': 'http', 'asgi': {'version': '3.0', 'spec_version': '2.3'}, 'http_version': '1.1', 'server': ('127.0.0.1', 8080), 'cl...
          │     └ <function Route.handle at 0x0000021091448F60>
          └ APIRoute(path='/sys/org/user', name='post', methods=['POST'])
  File "E:\vbenspace\vben-python\.venv\Lib\site-packages\starlette\routing.py", line 290, in handle
    await self.app(scope, receive, send)
          │    │   │      │        └ <function wrap_app_handling_exceptions.<locals>.wrapped_app.<locals>.sender at 0x00000210B514BB60>
          │    │   │      └ <function RequestResponseCycle.receive at 0x00000210B514B270>
          │    │   └ {'type': 'http', 'asgi': {'version': '3.0', 'spec_version': '2.3'}, 'http_version': '1.1', 'server': ('127.0.0.1', 8080), 'cl...
          │    └ <function request_response.<locals>.app at 0x00000210B4EFB740>
          └ APIRoute(path='/sys/org/user', name='post', methods=['POST'])
  File "E:\vbenspace\vben-python\.venv\Lib\site-packages\fastapi\routing.py", line 124, in app
    await wrap_app_handling_exceptions(app, request)(scope, receive, send)
          │                            │    │        │      │        └ <function wrap_app_handling_exceptions.<locals>.wrapped_app.<locals>.sender at 0x00000210B514BB60>
          │                            │    │        │      └ <function RequestResponseCycle.receive at 0x00000210B514B270>
          │                            │    │        └ {'type': 'http', 'asgi': {'version': '3.0', 'spec_version': '2.3'}, 'http_version': '1.1', 'server': ('127.0.0.1', 8080), 'cl...
          │                            │    └ <starlette.requests.Request object at 0x00000210B514BA10>
          │                            └ <function request_response.<locals>.app.<locals>.app at 0x00000210B514BED0>
          └ <function wrap_app_handling_exceptions at 0x00000210914262A0>
  File "E:\vbenspace\vben-python\.venv\Lib\site-packages\starlette\_exception_handler.py", line 53, in wrapped_app
    raise exc
  File "E:\vbenspace\vben-python\.venv\Lib\site-packages\starlette\_exception_handler.py", line 42, in wrapped_app
    await app(scope, receive, sender)
          │   │      │        └ <function wrap_app_handling_exceptions.<locals>.wrapped_app.<locals>.sender at 0x00000210B514AA30>
          │   │      └ <function RequestResponseCycle.receive at 0x00000210B514B270>
          │   └ {'type': 'http', 'asgi': {'version': '3.0', 'spec_version': '2.3'}, 'http_version': '1.1', 'server': ('127.0.0.1', 8080), 'cl...
          └ <function request_response.<locals>.app.<locals>.app at 0x00000210B514BED0>
  File "E:\vbenspace\vben-python\.venv\Lib\site-packages\fastapi\routing.py", line 110, in app
    response = await f(request)
                     │ └ <starlette.requests.Request object at 0x00000210B514BA10>
                     └ <function get_request_handler.<locals>.app at 0x00000210B4EFB690>
  File "E:\vbenspace\vben-python\.venv\Lib\site-packages\fastapi\routing.py", line 390, in app
    raw_response = await run_endpoint_function(
                         └ <function run_endpoint_function at 0x00000210914516F0>
  File "E:\vbenspace\vben-python\.venv\Lib\site-packages\fastapi\routing.py", line 289, in run_endpoint_function
    return await dependant.call(**values)
                 │         │      └ {'service': <modules.base.sys.org.user.service.SysOrgUserService object at 0x00000210B5172710>, 'bo': UserDTO(id=None, name='...
                 │         └ <function post at 0x00000210B4B2DC70>
                 └ Dependant(path_params=[], query_params=[], header_params=[], cookie_params=[], body_params=[ModelField(field_info=Body(Pydant...

  File "E:\vbenspace\vben-python\modules\base\sys\org\user\router.py", line 39, in post
    await service.insert(SysOrgUser(**bo.model_dump()))
          │       │      │            │  └ <function BaseModel.model_dump at 0x00000210910761F0>
          │       │      │            └ UserDTO(id=None, name='3', ninam=None, depid='d1985590113907904512', tier=None, job=None, type=None, usnam='3', pacod='3', em...
          │       │      └ <class 'modules.base.sys.org.user.model.SysOrgUser'>
          │       └ <function SysOrgUserService.insert at 0x00000210B4B2CA90>
          └ <modules.base.sys.org.user.service.SysOrgUserService object at 0x00000210B5172710>

  File "E:\vbenspace\vben-python\modules\base\sys\org\user\service.py", line 27, in insert
    main.tier = tier + "_" + main.id
    │    │      │            │    └ <sqlalchemy.orm.attributes.InstrumentedAttribute object at 0x00000210B4AE94E0>
    │    │      │            └ <modules.base.sys.org.user.model.SysOrgUser object at 0x00000210B4EB1A90>
    │    │      └ None
    │    └ <sqlalchemy.orm.attributes.InstrumentedAttribute object at 0x00000210B4AE96C0>
    └ <modules.base.sys.org.user.model.SysOrgUser object at 0x00000210B4EB1A90>

TypeError: unsupported operand type(s) for +: 'NoneType' and 'str'
2025-11-04 14:32:14.946 |  | INFO     | server:lifespan:46 - ⏰️ RuoYi-FastAPI开始启动
2025-11-04 14:32:14.947 |  | INFO     | config.get_db:init_create_table:21 - 🔎 初始化数据库连接...
2025-11-04 14:32:14.973 |  | INFO     | config.get_db:init_create_table:24 - ✅️ 数据库连接成功
2025-11-04 14:32:14.973 |  | INFO     | config.get_redis:create_redis_pool:22 - 🔎 开始连接redis...
2025-11-04 14:32:14.975 |  | INFO     | config.get_redis:create_redis_pool:35 - ✅️ redis连接成功
2025-11-04 14:32:14.989 |  | INFO     | config.get_scheduler:init_system_scheduler:134 - 🔎 开始启动定时任务...
2025-11-04 14:32:15.025 |  | INFO     | config.get_scheduler:init_system_scheduler:142 - ✅️ 系统初始定时任务加载成功
2025-11-04 14:32:15.025 |  | INFO     | server:lifespan:53 - 🚀 RuoYi-FastAPI启动成功
2025-11-04 14:36:15.353 | f3a30b509a23420c830fdd16a122e23e | ERROR    | exceptions.handle:exception_handler:70 - 'str' object has no attribute 'id'
Traceback (most recent call last):

  File "<string>", line 1, in <module>
  File "D:\dev\python\Lib\multiprocessing\spawn.py", line 122, in spawn_main
    exitcode = _main(fd, parent_sentinel)
               │     │   └ 328
               │     └ 3
               └ <function _main at 0x000001F4739A8B40>
  File "D:\dev\python\Lib\multiprocessing\spawn.py", line 135, in _main
    return self._bootstrap(parent_sentinel)
           │    │          └ 328
           │    └ <function BaseProcess._bootstrap at 0x000001F473652CF0>
           └ <SpawnProcess name='SpawnProcess-1' parent=4884 started>
  File "D:\dev\python\Lib\multiprocessing\process.py", line 320, in _bootstrap
    self.run()
    │    └ <function BaseProcess.run at 0x000001F473652090>
    └ <SpawnProcess name='SpawnProcess-1' parent=4884 started>
  File "D:\dev\python\Lib\multiprocessing\process.py", line 108, in run
    self._target(*self._args, **self._kwargs)
    │    │        │    │        │    └ {'config': <uvicorn.config.Config object at 0x000001F473960AD0>, 'target': <bound method Server.run of <uvicorn.server.Server...
    │    │        │    │        └ <SpawnProcess name='SpawnProcess-1' parent=4884 started>
    │    │        │    └ ()
    │    │        └ <SpawnProcess name='SpawnProcess-1' parent=4884 started>
    │    └ <function subprocess_started at 0x000001F475CEA350>
    └ <SpawnProcess name='SpawnProcess-1' parent=4884 started>
  File "E:\vbenspace\vben-python\.venv\Lib\site-packages\uvicorn\_subprocess.py", line 80, in subprocess_started
    target(sockets=sockets)
    │              └ [<socket.socket fd=936, family=2, type=1, proto=6, laddr=('0.0.0.0', 8080)>]
    └ <bound method Server.run of <uvicorn.server.Server object at 0x000001F41A28BCB0>>
  File "E:\vbenspace\vben-python\.venv\Lib\site-packages\uvicorn\server.py", line 67, in run
    return asyncio_run(self.serve(sockets=sockets), loop_factory=self.config.get_loop_factory())
           │           │    │             │                      │    │      └ <function Config.get_loop_factory at 0x000001F475C6A400>
           │           │    │             │                      │    └ <uvicorn.config.Config object at 0x000001F473960AD0>
           │           │    │             │                      └ <uvicorn.server.Server object at 0x000001F41A28BCB0>
           │           │    │             └ [<socket.socket fd=936, family=2, type=1, proto=6, laddr=('0.0.0.0', 8080)>]
           │           │    └ <function Server.serve at 0x000001F475CC1850>
           │           └ <uvicorn.server.Server object at 0x000001F41A28BCB0>
           └ <function run at 0x000001F475858670>
  File "D:\dev\python\Lib\asyncio\runners.py", line 204, in run
    return runner.run(main)
           │      │   └ <coroutine object Server.serve at 0x000001F41A6F36A0>
           │      └ <function Runner.run at 0x000001F475858A90>
           └ <asyncio.runners.Runner object at 0x000001F41AA1DF90>
  File "D:\dev\python\Lib\asyncio\runners.py", line 127, in run
    return self._loop.run_until_complete(task)
           │    │     │                  └ <Task pending name='Task-1' coro=<Server.serve() running at E:\vbenspace\vben-python\.venv\Lib\site-packages\uvicorn\server.p...
           │    │     └ <function BaseEventLoop.run_until_complete at 0x000001F47583CEB0>
           │    └ <_WindowsSelectorEventLoop running=True closed=False debug=False>
           └ <asyncio.runners.Runner object at 0x000001F41AA1DF90>
  File "D:\dev\python\Lib\asyncio\base_events.py", line 706, in run_until_complete
    self.run_forever()
    │    └ <function BaseEventLoop.run_forever at 0x000001F47583CE00>
    └ <_WindowsSelectorEventLoop running=True closed=False debug=False>
  File "D:\dev\python\Lib\asyncio\base_events.py", line 677, in run_forever
    self._run_once()
    │    └ <function BaseEventLoop._run_once at 0x000001F47583EF00>
    └ <_WindowsSelectorEventLoop running=True closed=False debug=False>
  File "D:\dev\python\Lib\asyncio\base_events.py", line 2046, in _run_once
    handle._run()
    │      └ <function Handle._run at 0x000001F473BE3530>
    └ <Handle Task.task_wakeup()>
  File "D:\dev\python\Lib\asyncio\events.py", line 94, in _run
    self._context.run(self._callback, *self._args)
    │    │            │    │           │    └ <member '_args' of 'Handle' objects>
    │    │            │    │           └ <Handle Task.task_wakeup()>
    │    │            │    └ <member '_callback' of 'Handle' objects>
    │    │            └ <Handle Task.task_wakeup()>
    │    └ <member '_context' of 'Handle' objects>
    └ <Handle Task.task_wakeup()>
  File "E:\vbenspace\vben-python\.venv\Lib\site-packages\uvicorn\protocols\http\httptools_impl.py", line 409, in run_asgi
    result = await app(  # type: ignore[func-returns-value]
                   └ <uvicorn.middleware.proxy_headers.ProxyHeadersMiddleware object at 0x000001F41AAD7620>
  File "E:\vbenspace\vben-python\.venv\Lib\site-packages\uvicorn\middleware\proxy_headers.py", line 60, in __call__
    return await self.app(scope, receive, send)
                 │    │   │      │        └ <bound method RequestResponseCycle.send of <uvicorn.protocols.http.httptools_impl.RequestResponseCycle object at 0x000001F41A...
                 │    │   │      └ <bound method RequestResponseCycle.receive of <uvicorn.protocols.http.httptools_impl.RequestResponseCycle object at 0x000001F...
                 │    │   └ {'type': 'http', 'asgi': {'version': '3.0', 'spec_version': '2.3'}, 'http_version': '1.1', 'server': ('127.0.0.1', 8080), 'cl...
                 │    └ <fastapi.applications.FastAPI object at 0x000001F41AA05160>
                 └ <uvicorn.middleware.proxy_headers.ProxyHeadersMiddleware object at 0x000001F41AAD7620>
  File "E:\vbenspace\vben-python\.venv\Lib\site-packages\fastapi\applications.py", line 1134, in __call__
    await super().__call__(scope, receive, send)
                           │      │        └ <bound method RequestResponseCycle.send of <uvicorn.protocols.http.httptools_impl.RequestResponseCycle object at 0x000001F41A...
                           │      └ <bound method RequestResponseCycle.receive of <uvicorn.protocols.http.httptools_impl.RequestResponseCycle object at 0x000001F...
                           └ {'type': 'http', 'asgi': {'version': '3.0', 'spec_version': '2.3'}, 'http_version': '1.1', 'server': ('127.0.0.1', 8080), 'cl...
  File "E:\vbenspace\vben-python\.venv\Lib\site-packages\starlette\applications.py", line 113, in __call__
    await self.middleware_stack(scope, receive, send)
          │    │                │      │        └ <bound method RequestResponseCycle.send of <uvicorn.protocols.http.httptools_impl.RequestResponseCycle object at 0x000001F41A...
          │    │                │      └ <bound method RequestResponseCycle.receive of <uvicorn.protocols.http.httptools_impl.RequestResponseCycle object at 0x000001F...
          │    │                └ {'type': 'http', 'asgi': {'version': '3.0', 'spec_version': '2.3'}, 'http_version': '1.1', 'server': ('127.0.0.1', 8080), 'cl...
          │    └ <starlette.middleware.errors.ServerErrorMiddleware object at 0x000001F41ABF8590>
          └ <fastapi.applications.FastAPI object at 0x000001F41AA05160>
> File "E:\vbenspace\vben-python\.venv\Lib\site-packages\starlette\middleware\errors.py", line 164, in __call__
    await self.app(scope, receive, _send)
          │    │   │      │        └ <function ServerErrorMiddleware.__call__.<locals>._send at 0x000001F41AD20670>
          │    │   │      └ <bound method RequestResponseCycle.receive of <uvicorn.protocols.http.httptools_impl.RequestResponseCycle object at 0x000001F...
          │    │   └ {'type': 'http', 'asgi': {'version': '3.0', 'spec_version': '2.3'}, 'http_version': '1.1', 'server': ('127.0.0.1', 8080), 'cl...
          │    └ <middlewares.trace_middleware.middle.TraceASGIMiddleware object at 0x000001F41ABF8440>
          └ <starlette.middleware.errors.ServerErrorMiddleware object at 0x000001F41ABF8590>

  File "E:\vbenspace\vben-python\middlewares\trace_middleware\middle.py", line 47, in __call__
    await self.app(scope, handle_outgoing_receive, handle_outgoing_request)
          │    │   │      │                        └ <function TraceASGIMiddleware.__call__.<locals>.handle_outgoing_request at 0x000001F41AD219B0>
          │    │   │      └ <function RequestResponseCycle.receive at 0x000001F41AD20E00>
          │    │   └ {'type': 'http', 'asgi': {'version': '3.0', 'spec_version': '2.3'}, 'http_version': '1.1', 'server': ('127.0.0.1', 8080), 'cl...
          │    └ <starlette.middleware.gzip.GZipMiddleware object at 0x000001F41ABF82F0>
          └ <middlewares.trace_middleware.middle.TraceASGIMiddleware object at 0x000001F41ABF8440>

  File "E:\vbenspace\vben-python\.venv\Lib\site-packages\starlette\middleware\gzip.py", line 29, in __call__
    await responder(scope, receive, send)
          │         │      │        └ <function TraceASGIMiddleware.__call__.<locals>.handle_outgoing_request at 0x000001F41AD219B0>
          │         │      └ <function RequestResponseCycle.receive at 0x000001F41AD20E00>
          │         └ {'type': 'http', 'asgi': {'version': '3.0', 'spec_version': '2.3'}, 'http_version': '1.1', 'server': ('127.0.0.1', 8080), 'cl...
          └ <starlette.middleware.gzip.GZipResponder object at 0x000001F41AD565D0>
  File "E:\vbenspace\vben-python\.venv\Lib\site-packages\starlette\middleware\gzip.py", line 130, in __call__
    await super().__call__(scope, receive, send)
                           │      │        └ <function TraceASGIMiddleware.__call__.<locals>.handle_outgoing_request at 0x000001F41AD219B0>
                           │      └ <function RequestResponseCycle.receive at 0x000001F41AD20E00>
                           └ {'type': 'http', 'asgi': {'version': '3.0', 'spec_version': '2.3'}, 'http_version': '1.1', 'server': ('127.0.0.1', 8080), 'cl...
  File "E:\vbenspace\vben-python\.venv\Lib\site-packages\starlette\middleware\gzip.py", line 46, in __call__
    await self.app(scope, receive, self.send_with_compression)
          │    │   │      │        │    └ <function IdentityResponder.send_with_compression at 0x000001F41A1C3690>
          │    │   │      │        └ <starlette.middleware.gzip.GZipResponder object at 0x000001F41AD565D0>
          │    │   │      └ <function RequestResponseCycle.receive at 0x000001F41AD20E00>
          │    │   └ {'type': 'http', 'asgi': {'version': '3.0', 'spec_version': '2.3'}, 'http_version': '1.1', 'server': ('127.0.0.1', 8080), 'cl...
          │    └ <starlette.middleware.cors.CORSMiddleware object at 0x000001F41ABF81A0>
          └ <starlette.middleware.gzip.GZipResponder object at 0x000001F41AD565D0>
  File "E:\vbenspace\vben-python\.venv\Lib\site-packages\starlette\middleware\cors.py", line 93, in __call__
    await self.simple_response(scope, receive, send, request_headers=headers)
          │    │               │      │        │                     └ Headers({'host': 'localhost:8080', 'connection': 'close', 'content-length': '476', 'sec-ch-ua-platform': '"Windows"', 'author...
          │    │               │      │        └ <bound method IdentityResponder.send_with_compression of <starlette.middleware.gzip.GZipResponder object at 0x000001F41AD565D0>>
          │    │               │      └ <function RequestResponseCycle.receive at 0x000001F41AD20E00>
          │    │               └ {'type': 'http', 'asgi': {'version': '3.0', 'spec_version': '2.3'}, 'http_version': '1.1', 'server': ('127.0.0.1', 8080), 'cl...
          │    └ <function CORSMiddleware.simple_response at 0x000001F41A1C2C40>
          └ <starlette.middleware.cors.CORSMiddleware object at 0x000001F41ABF81A0>
  File "E:\vbenspace\vben-python\.venv\Lib\site-packages\starlette\middleware\cors.py", line 144, in simple_response
    await self.app(scope, receive, send)
          │    │   │      │        └ functools.partial(<bound method CORSMiddleware.send of <starlette.middleware.cors.CORSMiddleware object at 0x000001F41ABF81A0...
          │    │   │      └ <function RequestResponseCycle.receive at 0x000001F41AD20E00>
          │    │   └ {'type': 'http', 'asgi': {'version': '3.0', 'spec_version': '2.3'}, 'http_version': '1.1', 'server': ('127.0.0.1', 8080), 'cl...
          │    └ <starlette.middleware.exceptions.ExceptionMiddleware object at 0x000001F41ABF8050>
          └ <starlette.middleware.cors.CORSMiddleware object at 0x000001F41ABF81A0>
  File "E:\vbenspace\vben-python\.venv\Lib\site-packages\starlette\middleware\exceptions.py", line 63, in __call__
    await wrap_app_handling_exceptions(self.app, conn)(scope, receive, send)
          │                            │    │    │     │      │        └ functools.partial(<bound method CORSMiddleware.send of <starlette.middleware.cors.CORSMiddleware object at 0x000001F41ABF81A0...
          │                            │    │    │     │      └ <function RequestResponseCycle.receive at 0x000001F41AD20E00>
          │                            │    │    │     └ {'type': 'http', 'asgi': {'version': '3.0', 'spec_version': '2.3'}, 'http_version': '1.1', 'server': ('127.0.0.1', 8080), 'cl...
          │                            │    │    └ <starlette.requests.Request object at 0x000001F41AD207E0>
          │                            │    └ <fastapi.middleware.asyncexitstack.AsyncExitStackMiddleware object at 0x000001F41AAD7E00>
          │                            └ <starlette.middleware.exceptions.ExceptionMiddleware object at 0x000001F41ABF8050>
          └ <function wrap_app_handling_exceptions at 0x000001F476E938A0>
  File "E:\vbenspace\vben-python\.venv\Lib\site-packages\starlette\_exception_handler.py", line 53, in wrapped_app
    raise exc
  File "E:\vbenspace\vben-python\.venv\Lib\site-packages\starlette\_exception_handler.py", line 42, in wrapped_app
    await app(scope, receive, sender)
          │   │      │        └ <function wrap_app_handling_exceptions.<locals>.wrapped_app.<locals>.sender at 0x000001F41AD20EB0>
          │   │      └ <function RequestResponseCycle.receive at 0x000001F41AD20E00>
          │   └ {'type': 'http', 'asgi': {'version': '3.0', 'spec_version': '2.3'}, 'http_version': '1.1', 'server': ('127.0.0.1', 8080), 'cl...
          └ <fastapi.middleware.asyncexitstack.AsyncExitStackMiddleware object at 0x000001F41AAD7E00>
  File "E:\vbenspace\vben-python\.venv\Lib\site-packages\fastapi\middleware\asyncexitstack.py", line 18, in __call__
    await self.app(scope, receive, send)
          │    │   │      │        └ <function wrap_app_handling_exceptions.<locals>.wrapped_app.<locals>.sender at 0x000001F41AD20EB0>
          │    │   │      └ <function RequestResponseCycle.receive at 0x000001F41AD20E00>
          │    │   └ {'type': 'http', 'asgi': {'version': '3.0', 'spec_version': '2.3'}, 'http_version': '1.1', 'server': ('127.0.0.1', 8080), 'cl...
          │    └ <fastapi.routing.APIRouter object at 0x000001F41AA50140>
          └ <fastapi.middleware.asyncexitstack.AsyncExitStackMiddleware object at 0x000001F41AAD7E00>
  File "E:\vbenspace\vben-python\.venv\Lib\site-packages\starlette\routing.py", line 716, in __call__
    await self.middleware_stack(scope, receive, send)
          │    │                │      │        └ <function wrap_app_handling_exceptions.<locals>.wrapped_app.<locals>.sender at 0x000001F41AD20EB0>
          │    │                │      └ <function RequestResponseCycle.receive at 0x000001F41AD20E00>
          │    │                └ {'type': 'http', 'asgi': {'version': '3.0', 'spec_version': '2.3'}, 'http_version': '1.1', 'server': ('127.0.0.1', 8080), 'cl...
          │    └ <bound method Router.app of <fastapi.routing.APIRouter object at 0x000001F41AA50140>>
          └ <fastapi.routing.APIRouter object at 0x000001F41AA50140>
  File "E:\vbenspace\vben-python\.venv\Lib\site-packages\starlette\routing.py", line 736, in app
    await route.handle(scope, receive, send)
          │     │      │      │        └ <function wrap_app_handling_exceptions.<locals>.wrapped_app.<locals>.sender at 0x000001F41AD20EB0>
          │     │      │      └ <function RequestResponseCycle.receive at 0x000001F41AD20E00>
          │     │      └ {'type': 'http', 'asgi': {'version': '3.0', 'spec_version': '2.3'}, 'http_version': '1.1', 'server': ('127.0.0.1', 8080), 'cl...
          │     └ <function Route.handle at 0x000001F476EB6560>
          └ APIRoute(path='/sys/org/user', name='put', methods=['PUT'])
  File "E:\vbenspace\vben-python\.venv\Lib\site-packages\starlette\routing.py", line 290, in handle
    await self.app(scope, receive, send)
          │    │   │      │        └ <function wrap_app_handling_exceptions.<locals>.wrapped_app.<locals>.sender at 0x000001F41AD20EB0>
          │    │   │      └ <function RequestResponseCycle.receive at 0x000001F41AD20E00>
          │    │   └ {'type': 'http', 'asgi': {'version': '3.0', 'spec_version': '2.3'}, 'http_version': '1.1', 'server': ('127.0.0.1', 8080), 'cl...
          │    └ <function request_response.<locals>.app at 0x000001F41AA66B90>
          └ APIRoute(path='/sys/org/user', name='put', methods=['PUT'])
  File "E:\vbenspace\vben-python\.venv\Lib\site-packages\fastapi\routing.py", line 124, in app
    await wrap_app_handling_exceptions(app, request)(scope, receive, send)
          │                            │    │        │      │        └ <function wrap_app_handling_exceptions.<locals>.wrapped_app.<locals>.sender at 0x000001F41AD20EB0>
          │                            │    │        │      └ <function RequestResponseCycle.receive at 0x000001F41AD20E00>
          │                            │    │        └ {'type': 'http', 'asgi': {'version': '3.0', 'spec_version': '2.3'}, 'http_version': '1.1', 'server': ('127.0.0.1', 8080), 'cl...
          │                            │    └ <starlette.requests.Request object at 0x000001F41AD201B0>
          │                            └ <function request_response.<locals>.app.<locals>.app at 0x000001F41AD222A0>
          └ <function wrap_app_handling_exceptions at 0x000001F476E938A0>
  File "E:\vbenspace\vben-python\.venv\Lib\site-packages\starlette\_exception_handler.py", line 53, in wrapped_app
    raise exc
  File "E:\vbenspace\vben-python\.venv\Lib\site-packages\starlette\_exception_handler.py", line 42, in wrapped_app
    await app(scope, receive, sender)
          │   │      │        └ <function wrap_app_handling_exceptions.<locals>.wrapped_app.<locals>.sender at 0x000001F41AD238A0>
          │   │      └ <function RequestResponseCycle.receive at 0x000001F41AD20E00>
          │   └ {'type': 'http', 'asgi': {'version': '3.0', 'spec_version': '2.3'}, 'http_version': '1.1', 'server': ('127.0.0.1', 8080), 'cl...
          └ <function request_response.<locals>.app.<locals>.app at 0x000001F41AD222A0>
  File "E:\vbenspace\vben-python\.venv\Lib\site-packages\fastapi\routing.py", line 110, in app
    response = await f(request)
                     │ └ <starlette.requests.Request object at 0x000001F41AD201B0>
                     └ <function get_request_handler.<locals>.app at 0x000001F41AA66AE0>
  File "E:\vbenspace\vben-python\.venv\Lib\site-packages\fastapi\routing.py", line 390, in app
    raw_response = await run_endpoint_function(
                         └ <function run_endpoint_function at 0x000001F476EBACF0>
  File "E:\vbenspace\vben-python\.venv\Lib\site-packages\fastapi\routing.py", line 289, in run_endpoint_function
    return await dependant.call(**values)
                 │         │      └ {'service': <modules.base.sys.org.user.service.SysOrgUserService object at 0x000001F41AD49A90>, 'bo': UserDTO(id='u1985596231...
                 │         └ <function put at 0x000001F41A6BD2D0>
                 └ Dependant(path_params=[], query_params=[], header_params=[], cookie_params=[], body_params=[ModelField(field_info=Body(Pydant...

  File "E:\vbenspace\vben-python\modules\base\sys\org\user\router.py", line 45, in put
    await service.update(bo.model_dump(exclude_unset=True))
          │       │      │  └ <function BaseModel.model_dump at 0x000001F476B0AAE0>
          │       │      └ UserDTO(id='u1985596231912656896', name='355', ninam=None, depid='d1985590113907904512', tier='d1985581832057524224_d19855901...
          │       └ <function SysOrgUserService.update at 0x000001F41A2B3C10>
          └ <modules.base.sys.org.user.service.SysOrgUserService object at 0x000001F41AD49A90>

  File "E:\vbenspace\vben-python\modules\base\sys\org\user\service.py", line 38, in update
    main_dict['tier'] = tier + "_" +  main_dict['id'].id
    │                   │             └ {'id': 'u1985596231912656896', 'name': '355', 'ninam': None, 'depid': 'd1985590113907904512', 'tier': 'd1985581832057524224_d...
    │                   └ 'd1985581832057524224_d1985590113907904512'
    └ {'id': 'u1985596231912656896', 'name': '355', 'ninam': None, 'depid': 'd1985590113907904512', 'tier': 'd1985581832057524224_d...

AttributeError: 'str' object has no attribute 'id'
2025-11-04 14:36:21.733 | 1f1b022bd4294f5786cf54dab9b43922 | ERROR    | exceptions.handle:exception_handler:70 - 'str' object has no attribute 'id'
Traceback (most recent call last):

  File "<string>", line 1, in <module>
  File "D:\dev\python\Lib\multiprocessing\spawn.py", line 122, in spawn_main
    exitcode = _main(fd, parent_sentinel)
               │     │   └ 328
               │     └ 3
               └ <function _main at 0x000001F4739A8B40>
  File "D:\dev\python\Lib\multiprocessing\spawn.py", line 135, in _main
    return self._bootstrap(parent_sentinel)
           │    │          └ 328
           │    └ <function BaseProcess._bootstrap at 0x000001F473652CF0>
           └ <SpawnProcess name='SpawnProcess-1' parent=4884 started>
  File "D:\dev\python\Lib\multiprocessing\process.py", line 320, in _bootstrap
    self.run()
    │    └ <function BaseProcess.run at 0x000001F473652090>
    └ <SpawnProcess name='SpawnProcess-1' parent=4884 started>
  File "D:\dev\python\Lib\multiprocessing\process.py", line 108, in run
    self._target(*self._args, **self._kwargs)
    │    │        │    │        │    └ {'config': <uvicorn.config.Config object at 0x000001F473960AD0>, 'target': <bound method Server.run of <uvicorn.server.Server...
    │    │        │    │        └ <SpawnProcess name='SpawnProcess-1' parent=4884 started>
    │    │        │    └ ()
    │    │        └ <SpawnProcess name='SpawnProcess-1' parent=4884 started>
    │    └ <function subprocess_started at 0x000001F475CEA350>
    └ <SpawnProcess name='SpawnProcess-1' parent=4884 started>
  File "E:\vbenspace\vben-python\.venv\Lib\site-packages\uvicorn\_subprocess.py", line 80, in subprocess_started
    target(sockets=sockets)
    │              └ [<socket.socket fd=936, family=2, type=1, proto=6, laddr=('0.0.0.0', 8080)>]
    └ <bound method Server.run of <uvicorn.server.Server object at 0x000001F41A28BCB0>>
  File "E:\vbenspace\vben-python\.venv\Lib\site-packages\uvicorn\server.py", line 67, in run
    return asyncio_run(self.serve(sockets=sockets), loop_factory=self.config.get_loop_factory())
           │           │    │             │                      │    │      └ <function Config.get_loop_factory at 0x000001F475C6A400>
           │           │    │             │                      │    └ <uvicorn.config.Config object at 0x000001F473960AD0>
           │           │    │             │                      └ <uvicorn.server.Server object at 0x000001F41A28BCB0>
           │           │    │             └ [<socket.socket fd=936, family=2, type=1, proto=6, laddr=('0.0.0.0', 8080)>]
           │           │    └ <function Server.serve at 0x000001F475CC1850>
           │           └ <uvicorn.server.Server object at 0x000001F41A28BCB0>
           └ <function run at 0x000001F475858670>
  File "D:\dev\python\Lib\asyncio\runners.py", line 204, in run
    return runner.run(main)
           │      │   └ <coroutine object Server.serve at 0x000001F41A6F36A0>
           │      └ <function Runner.run at 0x000001F475858A90>
           └ <asyncio.runners.Runner object at 0x000001F41AA1DF90>
  File "D:\dev\python\Lib\asyncio\runners.py", line 127, in run
    return self._loop.run_until_complete(task)
           │    │     │                  └ <Task pending name='Task-1' coro=<Server.serve() running at E:\vbenspace\vben-python\.venv\Lib\site-packages\uvicorn\server.p...
           │    │     └ <function BaseEventLoop.run_until_complete at 0x000001F47583CEB0>
           │    └ <_WindowsSelectorEventLoop running=True closed=False debug=False>
           └ <asyncio.runners.Runner object at 0x000001F41AA1DF90>
  File "D:\dev\python\Lib\asyncio\base_events.py", line 706, in run_until_complete
    self.run_forever()
    │    └ <function BaseEventLoop.run_forever at 0x000001F47583CE00>
    └ <_WindowsSelectorEventLoop running=True closed=False debug=False>
  File "D:\dev\python\Lib\asyncio\base_events.py", line 677, in run_forever
    self._run_once()
    │    └ <function BaseEventLoop._run_once at 0x000001F47583EF00>
    └ <_WindowsSelectorEventLoop running=True closed=False debug=False>
  File "D:\dev\python\Lib\asyncio\base_events.py", line 2046, in _run_once
    handle._run()
    │      └ <function Handle._run at 0x000001F473BE3530>
    └ <Handle Task.task_wakeup()>
  File "D:\dev\python\Lib\asyncio\events.py", line 94, in _run
    self._context.run(self._callback, *self._args)
    │    │            │    │           │    └ <member '_args' of 'Handle' objects>
    │    │            │    │           └ <Handle Task.task_wakeup()>
    │    │            │    └ <member '_callback' of 'Handle' objects>
    │    │            └ <Handle Task.task_wakeup()>
    │    └ <member '_context' of 'Handle' objects>
    └ <Handle Task.task_wakeup()>
  File "E:\vbenspace\vben-python\.venv\Lib\site-packages\uvicorn\protocols\http\httptools_impl.py", line 409, in run_asgi
    result = await app(  # type: ignore[func-returns-value]
                   └ <uvicorn.middleware.proxy_headers.ProxyHeadersMiddleware object at 0x000001F41AAD7620>
  File "E:\vbenspace\vben-python\.venv\Lib\site-packages\uvicorn\middleware\proxy_headers.py", line 60, in __call__
    return await self.app(scope, receive, send)
                 │    │   │      │        └ <bound method RequestResponseCycle.send of <uvicorn.protocols.http.httptools_impl.RequestResponseCycle object at 0x000001F41A...
                 │    │   │      └ <bound method RequestResponseCycle.receive of <uvicorn.protocols.http.httptools_impl.RequestResponseCycle object at 0x000001F...
                 │    │   └ {'type': 'http', 'asgi': {'version': '3.0', 'spec_version': '2.3'}, 'http_version': '1.1', 'server': ('127.0.0.1', 8080), 'cl...
                 │    └ <fastapi.applications.FastAPI object at 0x000001F41AA05160>
                 └ <uvicorn.middleware.proxy_headers.ProxyHeadersMiddleware object at 0x000001F41AAD7620>
  File "E:\vbenspace\vben-python\.venv\Lib\site-packages\fastapi\applications.py", line 1134, in __call__
    await super().__call__(scope, receive, send)
                           │      │        └ <bound method RequestResponseCycle.send of <uvicorn.protocols.http.httptools_impl.RequestResponseCycle object at 0x000001F41A...
                           │      └ <bound method RequestResponseCycle.receive of <uvicorn.protocols.http.httptools_impl.RequestResponseCycle object at 0x000001F...
                           └ {'type': 'http', 'asgi': {'version': '3.0', 'spec_version': '2.3'}, 'http_version': '1.1', 'server': ('127.0.0.1', 8080), 'cl...
  File "E:\vbenspace\vben-python\.venv\Lib\site-packages\starlette\applications.py", line 113, in __call__
    await self.middleware_stack(scope, receive, send)
          │    │                │      │        └ <bound method RequestResponseCycle.send of <uvicorn.protocols.http.httptools_impl.RequestResponseCycle object at 0x000001F41A...
          │    │                │      └ <bound method RequestResponseCycle.receive of <uvicorn.protocols.http.httptools_impl.RequestResponseCycle object at 0x000001F...
          │    │                └ {'type': 'http', 'asgi': {'version': '3.0', 'spec_version': '2.3'}, 'http_version': '1.1', 'server': ('127.0.0.1', 8080), 'cl...
          │    └ <starlette.middleware.errors.ServerErrorMiddleware object at 0x000001F41ABF8590>
          └ <fastapi.applications.FastAPI object at 0x000001F41AA05160>
> File "E:\vbenspace\vben-python\.venv\Lib\site-packages\starlette\middleware\errors.py", line 164, in __call__
    await self.app(scope, receive, _send)
          │    │   │      │        └ <function ServerErrorMiddleware.__call__.<locals>._send at 0x000001F41ACB3A00>
          │    │   │      └ <bound method RequestResponseCycle.receive of <uvicorn.protocols.http.httptools_impl.RequestResponseCycle object at 0x000001F...
          │    │   └ {'type': 'http', 'asgi': {'version': '3.0', 'spec_version': '2.3'}, 'http_version': '1.1', 'server': ('127.0.0.1', 8080), 'cl...
          │    └ <middlewares.trace_middleware.middle.TraceASGIMiddleware object at 0x000001F41ABF8440>
          └ <starlette.middleware.errors.ServerErrorMiddleware object at 0x000001F41ABF8590>

  File "E:\vbenspace\vben-python\middlewares\trace_middleware\middle.py", line 47, in __call__
    await self.app(scope, handle_outgoing_receive, handle_outgoing_request)
          │    │   │      │                        └ <function TraceASGIMiddleware.__call__.<locals>.handle_outgoing_request at 0x000001F41AD23A00>
          │    │   │      └ <function RequestResponseCycle.receive at 0x000001F41ACB1C70>
          │    │   └ {'type': 'http', 'asgi': {'version': '3.0', 'spec_version': '2.3'}, 'http_version': '1.1', 'server': ('127.0.0.1', 8080), 'cl...
          │    └ <starlette.middleware.gzip.GZipMiddleware object at 0x000001F41ABF82F0>
          └ <middlewares.trace_middleware.middle.TraceASGIMiddleware object at 0x000001F41ABF8440>

  File "E:\vbenspace\vben-python\.venv\Lib\site-packages\starlette\middleware\gzip.py", line 29, in __call__
    await responder(scope, receive, send)
          │         │      │        └ <function TraceASGIMiddleware.__call__.<locals>.handle_outgoing_request at 0x000001F41AD23A00>
          │         │      └ <function RequestResponseCycle.receive at 0x000001F41ACB1C70>
          │         └ {'type': 'http', 'asgi': {'version': '3.0', 'spec_version': '2.3'}, 'http_version': '1.1', 'server': ('127.0.0.1', 8080), 'cl...
          └ <starlette.middleware.gzip.GZipResponder object at 0x000001F41AD57BB0>
  File "E:\vbenspace\vben-python\.venv\Lib\site-packages\starlette\middleware\gzip.py", line 130, in __call__
    await super().__call__(scope, receive, send)
                           │      │        └ <function TraceASGIMiddleware.__call__.<locals>.handle_outgoing_request at 0x000001F41AD23A00>
                           │      └ <function RequestResponseCycle.receive at 0x000001F41ACB1C70>
                           └ {'type': 'http', 'asgi': {'version': '3.0', 'spec_version': '2.3'}, 'http_version': '1.1', 'server': ('127.0.0.1', 8080), 'cl...
  File "E:\vbenspace\vben-python\.venv\Lib\site-packages\starlette\middleware\gzip.py", line 46, in __call__
    await self.app(scope, receive, self.send_with_compression)
          │    │   │      │        │    └ <function IdentityResponder.send_with_compression at 0x000001F41A1C3690>
          │    │   │      │        └ <starlette.middleware.gzip.GZipResponder object at 0x000001F41AD57BB0>
          │    │   │      └ <function RequestResponseCycle.receive at 0x000001F41ACB1C70>
          │    │   └ {'type': 'http', 'asgi': {'version': '3.0', 'spec_version': '2.3'}, 'http_version': '1.1', 'server': ('127.0.0.1', 8080), 'cl...
          │    └ <starlette.middleware.cors.CORSMiddleware object at 0x000001F41ABF81A0>
          └ <starlette.middleware.gzip.GZipResponder object at 0x000001F41AD57BB0>
  File "E:\vbenspace\vben-python\.venv\Lib\site-packages\starlette\middleware\cors.py", line 93, in __call__
    await self.simple_response(scope, receive, send, request_headers=headers)
          │    │               │      │        │                     └ Headers({'host': 'localhost:8080', 'connection': 'close', 'content-length': '476', 'sec-ch-ua-platform': '"Windows"', 'author...
          │    │               │      │        └ <bound method IdentityResponder.send_with_compression of <starlette.middleware.gzip.GZipResponder object at 0x000001F41AD57BB0>>
          │    │               │      └ <function RequestResponseCycle.receive at 0x000001F41ACB1C70>
          │    │               └ {'type': 'http', 'asgi': {'version': '3.0', 'spec_version': '2.3'}, 'http_version': '1.1', 'server': ('127.0.0.1', 8080), 'cl...
          │    └ <function CORSMiddleware.simple_response at 0x000001F41A1C2C40>
          └ <starlette.middleware.cors.CORSMiddleware object at 0x000001F41ABF81A0>
  File "E:\vbenspace\vben-python\.venv\Lib\site-packages\starlette\middleware\cors.py", line 144, in simple_response
    await self.app(scope, receive, send)
          │    │   │      │        └ functools.partial(<bound method CORSMiddleware.send of <starlette.middleware.cors.CORSMiddleware object at 0x000001F41ABF81A0...
          │    │   │      └ <function RequestResponseCycle.receive at 0x000001F41ACB1C70>
          │    │   └ {'type': 'http', 'asgi': {'version': '3.0', 'spec_version': '2.3'}, 'http_version': '1.1', 'server': ('127.0.0.1', 8080), 'cl...
          │    └ <starlette.middleware.exceptions.ExceptionMiddleware object at 0x000001F41ABF8050>
          └ <starlette.middleware.cors.CORSMiddleware object at 0x000001F41ABF81A0>
  File "E:\vbenspace\vben-python\.venv\Lib\site-packages\starlette\middleware\exceptions.py", line 63, in __call__
    await wrap_app_handling_exceptions(self.app, conn)(scope, receive, send)
          │                            │    │    │     │      │        └ functools.partial(<bound method CORSMiddleware.send of <starlette.middleware.cors.CORSMiddleware object at 0x000001F41ABF81A0...
          │                            │    │    │     │      └ <function RequestResponseCycle.receive at 0x000001F41ACB1C70>
          │                            │    │    │     └ {'type': 'http', 'asgi': {'version': '3.0', 'spec_version': '2.3'}, 'http_version': '1.1', 'server': ('127.0.0.1', 8080), 'cl...
          │                            │    │    └ <starlette.requests.Request object at 0x000001F41AD23D80>
          │                            │    └ <fastapi.middleware.asyncexitstack.AsyncExitStackMiddleware object at 0x000001F41AAD7E00>
          │                            └ <starlette.middleware.exceptions.ExceptionMiddleware object at 0x000001F41ABF8050>
          └ <function wrap_app_handling_exceptions at 0x000001F476E938A0>
  File "E:\vbenspace\vben-python\.venv\Lib\site-packages\starlette\_exception_handler.py", line 53, in wrapped_app
    raise exc
  File "E:\vbenspace\vben-python\.venv\Lib\site-packages\starlette\_exception_handler.py", line 42, in wrapped_app
    await app(scope, receive, sender)
          │   │      │        └ <function wrap_app_handling_exceptions.<locals>.wrapped_app.<locals>.sender at 0x000001F41AD221F0>
          │   │      └ <function RequestResponseCycle.receive at 0x000001F41ACB1C70>
          │   └ {'type': 'http', 'asgi': {'version': '3.0', 'spec_version': '2.3'}, 'http_version': '1.1', 'server': ('127.0.0.1', 8080), 'cl...
          └ <fastapi.middleware.asyncexitstack.AsyncExitStackMiddleware object at 0x000001F41AAD7E00>
  File "E:\vbenspace\vben-python\.venv\Lib\site-packages\fastapi\middleware\asyncexitstack.py", line 18, in __call__
    await self.app(scope, receive, send)
          │    │   │      │        └ <function wrap_app_handling_exceptions.<locals>.wrapped_app.<locals>.sender at 0x000001F41AD221F0>
          │    │   │      └ <function RequestResponseCycle.receive at 0x000001F41ACB1C70>
          │    │   └ {'type': 'http', 'asgi': {'version': '3.0', 'spec_version': '2.3'}, 'http_version': '1.1', 'server': ('127.0.0.1', 8080), 'cl...
          │    └ <fastapi.routing.APIRouter object at 0x000001F41AA50140>
          └ <fastapi.middleware.asyncexitstack.AsyncExitStackMiddleware object at 0x000001F41AAD7E00>
  File "E:\vbenspace\vben-python\.venv\Lib\site-packages\starlette\routing.py", line 716, in __call__
    await self.middleware_stack(scope, receive, send)
          │    │                │      │        └ <function wrap_app_handling_exceptions.<locals>.wrapped_app.<locals>.sender at 0x000001F41AD221F0>
          │    │                │      └ <function RequestResponseCycle.receive at 0x000001F41ACB1C70>
          │    │                └ {'type': 'http', 'asgi': {'version': '3.0', 'spec_version': '2.3'}, 'http_version': '1.1', 'server': ('127.0.0.1', 8080), 'cl...
          │    └ <bound method Router.app of <fastapi.routing.APIRouter object at 0x000001F41AA50140>>
          └ <fastapi.routing.APIRouter object at 0x000001F41AA50140>
  File "E:\vbenspace\vben-python\.venv\Lib\site-packages\starlette\routing.py", line 736, in app
    await route.handle(scope, receive, send)
          │     │      │      │        └ <function wrap_app_handling_exceptions.<locals>.wrapped_app.<locals>.sender at 0x000001F41AD221F0>
          │     │      │      └ <function RequestResponseCycle.receive at 0x000001F41ACB1C70>
          │     │      └ {'type': 'http', 'asgi': {'version': '3.0', 'spec_version': '2.3'}, 'http_version': '1.1', 'server': ('127.0.0.1', 8080), 'cl...
          │     └ <function Route.handle at 0x000001F476EB6560>
          └ APIRoute(path='/sys/org/user', name='put', methods=['PUT'])
  File "E:\vbenspace\vben-python\.venv\Lib\site-packages\starlette\routing.py", line 290, in handle
    await self.app(scope, receive, send)
          │    │   │      │        └ <function wrap_app_handling_exceptions.<locals>.wrapped_app.<locals>.sender at 0x000001F41AD221F0>
          │    │   │      └ <function RequestResponseCycle.receive at 0x000001F41ACB1C70>
          │    │   └ {'type': 'http', 'asgi': {'version': '3.0', 'spec_version': '2.3'}, 'http_version': '1.1', 'server': ('127.0.0.1', 8080), 'cl...
          │    └ <function request_response.<locals>.app at 0x000001F41AA66B90>
          └ APIRoute(path='/sys/org/user', name='put', methods=['PUT'])
  File "E:\vbenspace\vben-python\.venv\Lib\site-packages\fastapi\routing.py", line 124, in app
    await wrap_app_handling_exceptions(app, request)(scope, receive, send)
          │                            │    │        │      │        └ <function wrap_app_handling_exceptions.<locals>.wrapped_app.<locals>.sender at 0x000001F41AD221F0>
          │                            │    │        │      └ <function RequestResponseCycle.receive at 0x000001F41ACB1C70>
          │                            │    │        └ {'type': 'http', 'asgi': {'version': '3.0', 'spec_version': '2.3'}, 'http_version': '1.1', 'server': ('127.0.0.1', 8080), 'cl...
          │                            │    └ <starlette.requests.Request object at 0x000001F41AD219C0>
          │                            └ <function request_response.<locals>.app.<locals>.app at 0x000001F41AD207D0>
          └ <function wrap_app_handling_exceptions at 0x000001F476E938A0>
  File "E:\vbenspace\vben-python\.venv\Lib\site-packages\starlette\_exception_handler.py", line 53, in wrapped_app
    raise exc
  File "E:\vbenspace\vben-python\.venv\Lib\site-packages\starlette\_exception_handler.py", line 42, in wrapped_app
    await app(scope, receive, sender)
          │   │      │        └ <function wrap_app_handling_exceptions.<locals>.wrapped_app.<locals>.sender at 0x000001F41AD222A0>
          │   │      └ <function RequestResponseCycle.receive at 0x000001F41ACB1C70>
          │   └ {'type': 'http', 'asgi': {'version': '3.0', 'spec_version': '2.3'}, 'http_version': '1.1', 'server': ('127.0.0.1', 8080), 'cl...
          └ <function request_response.<locals>.app.<locals>.app at 0x000001F41AD207D0>
  File "E:\vbenspace\vben-python\.venv\Lib\site-packages\fastapi\routing.py", line 110, in app
    response = await f(request)
                     │ └ <starlette.requests.Request object at 0x000001F41AD219C0>
                     └ <function get_request_handler.<locals>.app at 0x000001F41AA66AE0>
  File "E:\vbenspace\vben-python\.venv\Lib\site-packages\fastapi\routing.py", line 390, in app
    raw_response = await run_endpoint_function(
                         └ <function run_endpoint_function at 0x000001F476EBACF0>
  File "E:\vbenspace\vben-python\.venv\Lib\site-packages\fastapi\routing.py", line 289, in run_endpoint_function
    return await dependant.call(**values)
                 │         │      └ {'service': <modules.base.sys.org.user.service.SysOrgUserService object at 0x000001F41ABFF820>, 'bo': UserDTO(id='u1985596231...
                 │         └ <function put at 0x000001F41A6BD2D0>
                 └ Dependant(path_params=[], query_params=[], header_params=[], cookie_params=[], body_params=[ModelField(field_info=Body(Pydant...

  File "E:\vbenspace\vben-python\modules\base\sys\org\user\router.py", line 45, in put
    await service.update(bo.model_dump(exclude_unset=True))
          │       │      │  └ <function BaseModel.model_dump at 0x000001F476B0AAE0>
          │       │      └ UserDTO(id='u1985596231912656896', name='355', ninam=None, depid='d1985590113907904512', tier='d1985581832057524224_d19855901...
          │       └ <function SysOrgUserService.update at 0x000001F41A2B3C10>
          └ <modules.base.sys.org.user.service.SysOrgUserService object at 0x000001F41ABFF820>

  File "E:\vbenspace\vben-python\modules\base\sys\org\user\service.py", line 38, in update
    main_dict['tier'] = tier + "_" +  main_dict['id'].id
    │                   │             └ {'id': 'u1985596231912656896', 'name': '355', 'ninam': None, 'depid': 'd1985590113907904512', 'tier': 'd1985581832057524224_d...
    │                   └ 'd1985581832057524224_d1985590113907904512'
    └ {'id': 'u1985596231912656896', 'name': '355', 'ninam': None, 'depid': 'd1985590113907904512', 'tier': 'd1985581832057524224_d...

AttributeError: 'str' object has no attribute 'id'
2025-11-04 14:36:50.679 |  | INFO     | server:lifespan:46 - ⏰️ RuoYi-FastAPI开始启动
2025-11-04 14:36:50.680 |  | INFO     | config.get_db:init_create_table:21 - 🔎 初始化数据库连接...
2025-11-04 14:36:50.708 |  | INFO     | config.get_db:init_create_table:24 - ✅️ 数据库连接成功
2025-11-04 14:36:50.708 |  | INFO     | config.get_redis:create_redis_pool:22 - 🔎 开始连接redis...
2025-11-04 14:36:50.710 |  | INFO     | config.get_redis:create_redis_pool:35 - ✅️ redis连接成功
2025-11-04 14:36:50.724 |  | INFO     | config.get_scheduler:init_system_scheduler:134 - 🔎 开始启动定时任务...
2025-11-04 14:36:50.734 |  | INFO     | config.get_scheduler:init_system_scheduler:142 - ✅️ 系统初始定时任务加载成功
2025-11-04 14:36:50.734 |  | INFO     | server:lifespan:53 - 🚀 RuoYi-FastAPI启动成功
2025-11-04 14:39:06.403 |  | INFO     | config.get_redis:close_redis_pool:55 - ✅️ 关闭redis连接成功
2025-11-04 14:39:06.406 |  | INFO     | config.get_scheduler:close_system_scheduler:152 - ✅️ 关闭定时任务成功
2025-11-04 14:39:10.726 |  | INFO     | server:lifespan:46 - ⏰️ RuoYi-FastAPI开始启动
2025-11-04 14:39:10.726 |  | INFO     | config.get_db:init_create_table:21 - 🔎 初始化数据库连接...
2025-11-04 14:39:10.761 |  | INFO     | config.get_db:init_create_table:24 - ✅️ 数据库连接成功
2025-11-04 14:39:10.761 |  | INFO     | config.get_redis:create_redis_pool:22 - 🔎 开始连接redis...
2025-11-04 14:39:10.787 |  | INFO     | config.get_redis:create_redis_pool:35 - ✅️ redis连接成功
2025-11-04 14:39:10.806 |  | INFO     | config.get_scheduler:init_system_scheduler:134 - 🔎 开始启动定时任务...
2025-11-04 14:39:10.838 |  | INFO     | config.get_scheduler:init_system_scheduler:142 - ✅️ 系统初始定时任务加载成功
2025-11-04 14:39:10.838 |  | INFO     | server:lifespan:53 - 🚀 RuoYi-FastAPI启动成功
2025-11-04 14:40:45.629 |  | INFO     | config.get_redis:close_redis_pool:55 - ✅️ 关闭redis连接成功
2025-11-04 14:40:45.629 |  | INFO     | config.get_scheduler:close_system_scheduler:152 - ✅️ 关闭定时任务成功
2025-11-04 14:40:57.344 |  | INFO     | server:lifespan:46 - ⏰️ RuoYi-FastAPI开始启动
2025-11-04 14:40:57.344 |  | INFO     | config.get_db:init_create_table:21 - 🔎 初始化数据库连接...
2025-11-04 14:40:57.366 |  | INFO     | config.get_db:init_create_table:24 - ✅️ 数据库连接成功
2025-11-04 14:40:57.366 |  | INFO     | config.get_redis:create_redis_pool:22 - 🔎 开始连接redis...
2025-11-04 14:40:57.367 |  | INFO     | config.get_redis:create_redis_pool:35 - ✅️ redis连接成功
2025-11-04 14:40:57.378 |  | INFO     | config.get_scheduler:init_system_scheduler:134 - 🔎 开始启动定时任务...
2025-11-04 14:40:57.392 |  | INFO     | config.get_scheduler:init_system_scheduler:142 - ✅️ 系统初始定时任务加载成功
2025-11-04 14:40:57.393 |  | INFO     | server:lifespan:53 - 🚀 RuoYi-FastAPI启动成功
2025-11-04 14:43:47.075 |  | INFO     | config.get_redis:close_redis_pool:55 - ✅️ 关闭redis连接成功
2025-11-04 14:43:47.077 |  | INFO     | config.get_scheduler:close_system_scheduler:152 - ✅️ 关闭定时任务成功
2025-11-04 14:43:49.997 |  | INFO     | server:lifespan:46 - ⏰️ RuoYi-FastAPI开始启动
2025-11-04 14:43:49.998 |  | INFO     | config.get_db:init_create_table:21 - 🔎 初始化数据库连接...
2025-11-04 14:43:50.023 |  | INFO     | config.get_db:init_create_table:24 - ✅️ 数据库连接成功
2025-11-04 14:43:50.023 |  | INFO     | config.get_redis:create_redis_pool:22 - 🔎 开始连接redis...
2025-11-04 14:43:50.025 |  | INFO     | config.get_redis:create_redis_pool:35 - ✅️ redis连接成功
2025-11-04 14:43:50.039 |  | INFO     | config.get_scheduler:init_system_scheduler:134 - 🔎 开始启动定时任务...
2025-11-04 14:43:50.051 |  | INFO     | config.get_scheduler:init_system_scheduler:142 - ✅️ 系统初始定时任务加载成功
2025-11-04 14:43:50.052 |  | INFO     | server:lifespan:53 - 🚀 RuoYi-FastAPI启动成功
2025-11-04 14:44:48.245 | 0314af749ef742efa42b4688ecb8d33c | ERROR    | exceptions.handle:exception_handler:70 - name 'datetime' is not defined
Traceback (most recent call last):

  File "<string>", line 1, in <module>
  File "D:\dev\python\Lib\multiprocessing\spawn.py", line 122, in spawn_main
    exitcode = _main(fd, parent_sentinel)
               │     │   └ 316
               │     └ 3
               └ <function _main at 0x000001ED6BC68B40>
  File "D:\dev\python\Lib\multiprocessing\spawn.py", line 135, in _main
    return self._bootstrap(parent_sentinel)
           │    │          └ 316
           │    └ <function BaseProcess._bootstrap at 0x000001ED6B902CF0>
           └ <SpawnProcess name='SpawnProcess-1' parent=15968 started>
  File "D:\dev\python\Lib\multiprocessing\process.py", line 320, in _bootstrap
    self.run()
    │    └ <function BaseProcess.run at 0x000001ED6B902090>
    └ <SpawnProcess name='SpawnProcess-1' parent=15968 started>
  File "D:\dev\python\Lib\multiprocessing\process.py", line 108, in run
    self._target(*self._args, **self._kwargs)
    │    │        │    │        │    └ {'config': <uvicorn.config.Config object at 0x000001ED6BC20AD0>, 'target': <bound method Server.run of <uvicorn.server.Server...
    │    │        │    │        └ <SpawnProcess name='SpawnProcess-1' parent=15968 started>
    │    │        │    └ ()
    │    │        └ <SpawnProcess name='SpawnProcess-1' parent=15968 started>
    │    └ <function subprocess_started at 0x000001ED6DFAA350>
    └ <SpawnProcess name='SpawnProcess-1' parent=15968 started>
  File "E:\vbenspace\vben-python\.venv\Lib\site-packages\uvicorn\_subprocess.py", line 80, in subprocess_started
    target(sockets=sockets)
    │              └ [<socket.socket fd=628, family=2, type=1, proto=6, laddr=('0.0.0.0', 8080)>]
    └ <bound method Server.run of <uvicorn.server.Server object at 0x000001ED1255BCB0>>
  File "E:\vbenspace\vben-python\.venv\Lib\site-packages\uvicorn\server.py", line 67, in run
    return asyncio_run(self.serve(sockets=sockets), loop_factory=self.config.get_loop_factory())
           │           │    │             │                      │    │      └ <function Config.get_loop_factory at 0x000001ED6DF2A400>
           │           │    │             │                      │    └ <uvicorn.config.Config object at 0x000001ED6BC20AD0>
           │           │    │             │                      └ <uvicorn.server.Server object at 0x000001ED1255BCB0>
           │           │    │             └ [<socket.socket fd=628, family=2, type=1, proto=6, laddr=('0.0.0.0', 8080)>]
           │           │    └ <function Server.serve at 0x000001ED6DF81850>
           │           └ <uvicorn.server.Server object at 0x000001ED1255BCB0>
           └ <function run at 0x000001ED6DB88670>
  File "D:\dev\python\Lib\asyncio\runners.py", line 204, in run
    return runner.run(main)
           │      │   └ <coroutine object Server.serve at 0x000001ED129D76A0>
           │      └ <function Runner.run at 0x000001ED6DB88A90>
           └ <asyncio.runners.Runner object at 0x000001ED12CFDF90>
  File "D:\dev\python\Lib\asyncio\runners.py", line 127, in run
    return self._loop.run_until_complete(task)
           │    │     │                  └ <Task pending name='Task-1' coro=<Server.serve() running at E:\vbenspace\vben-python\.venv\Lib\site-packages\uvicorn\server.p...
           │    │     └ <function BaseEventLoop.run_until_complete at 0x000001ED6DB6CEB0>
           │    └ <_WindowsSelectorEventLoop running=True closed=False debug=False>
           └ <asyncio.runners.Runner object at 0x000001ED12CFDF90>
  File "D:\dev\python\Lib\asyncio\base_events.py", line 706, in run_until_complete
    self.run_forever()
    │    └ <function BaseEventLoop.run_forever at 0x000001ED6DB6CE00>
    └ <_WindowsSelectorEventLoop running=True closed=False debug=False>
  File "D:\dev\python\Lib\asyncio\base_events.py", line 677, in run_forever
    self._run_once()
    │    └ <function BaseEventLoop._run_once at 0x000001ED6DB6EF00>
    └ <_WindowsSelectorEventLoop running=True closed=False debug=False>
  File "D:\dev\python\Lib\asyncio\base_events.py", line 2046, in _run_once
    handle._run()
    │      └ <function Handle._run at 0x000001ED6BEA3530>
    └ <Handle Task.task_wakeup()>
  File "D:\dev\python\Lib\asyncio\events.py", line 94, in _run
    self._context.run(self._callback, *self._args)
    │    │            │    │           │    └ <member '_args' of 'Handle' objects>
    │    │            │    │           └ <Handle Task.task_wakeup()>
    │    │            │    └ <member '_callback' of 'Handle' objects>
    │    │            └ <Handle Task.task_wakeup()>
    │    └ <member '_context' of 'Handle' objects>
    └ <Handle Task.task_wakeup()>
  File "E:\vbenspace\vben-python\.venv\Lib\site-packages\uvicorn\protocols\http\httptools_impl.py", line 409, in run_asgi
    result = await app(  # type: ignore[func-returns-value]
                   └ <uvicorn.middleware.proxy_headers.ProxyHeadersMiddleware object at 0x000001ED12DB7620>
  File "E:\vbenspace\vben-python\.venv\Lib\site-packages\uvicorn\middleware\proxy_headers.py", line 60, in __call__
    return await self.app(scope, receive, send)
                 │    │   │      │        └ <bound method RequestResponseCycle.send of <uvicorn.protocols.http.httptools_impl.RequestResponseCycle object at 0x000001ED12...
                 │    │   │      └ <bound method RequestResponseCycle.receive of <uvicorn.protocols.http.httptools_impl.RequestResponseCycle object at 0x000001E...
                 │    │   └ {'type': 'http', 'asgi': {'version': '3.0', 'spec_version': '2.3'}, 'http_version': '1.1', 'server': ('127.0.0.1', 8080), 'cl...
                 │    └ <fastapi.applications.FastAPI object at 0x000001ED12CE5160>
                 └ <uvicorn.middleware.proxy_headers.ProxyHeadersMiddleware object at 0x000001ED12DB7620>
  File "E:\vbenspace\vben-python\.venv\Lib\site-packages\fastapi\applications.py", line 1134, in __call__
    await super().__call__(scope, receive, send)
                           │      │        └ <bound method RequestResponseCycle.send of <uvicorn.protocols.http.httptools_impl.RequestResponseCycle object at 0x000001ED12...
                           │      └ <bound method RequestResponseCycle.receive of <uvicorn.protocols.http.httptools_impl.RequestResponseCycle object at 0x000001E...
                           └ {'type': 'http', 'asgi': {'version': '3.0', 'spec_version': '2.3'}, 'http_version': '1.1', 'server': ('127.0.0.1', 8080), 'cl...
  File "E:\vbenspace\vben-python\.venv\Lib\site-packages\starlette\applications.py", line 113, in __call__
    await self.middleware_stack(scope, receive, send)
          │    │                │      │        └ <bound method RequestResponseCycle.send of <uvicorn.protocols.http.httptools_impl.RequestResponseCycle object at 0x000001ED12...
          │    │                │      └ <bound method RequestResponseCycle.receive of <uvicorn.protocols.http.httptools_impl.RequestResponseCycle object at 0x000001E...
          │    │                └ {'type': 'http', 'asgi': {'version': '3.0', 'spec_version': '2.3'}, 'http_version': '1.1', 'server': ('127.0.0.1', 8080), 'cl...
          │    └ <starlette.middleware.errors.ServerErrorMiddleware object at 0x000001ED12EB4590>
          └ <fastapi.applications.FastAPI object at 0x000001ED12CE5160>
> File "E:\vbenspace\vben-python\.venv\Lib\site-packages\starlette\middleware\errors.py", line 164, in __call__
    await self.app(scope, receive, _send)
          │    │   │      │        └ <function ServerErrorMiddleware.__call__.<locals>._send at 0x000001ED12F77060>
          │    │   │      └ <bound method RequestResponseCycle.receive of <uvicorn.protocols.http.httptools_impl.RequestResponseCycle object at 0x000001E...
          │    │   └ {'type': 'http', 'asgi': {'version': '3.0', 'spec_version': '2.3'}, 'http_version': '1.1', 'server': ('127.0.0.1', 8080), 'cl...
          │    └ <middlewares.trace_middleware.middle.TraceASGIMiddleware object at 0x000001ED12EB4440>
          └ <starlette.middleware.errors.ServerErrorMiddleware object at 0x000001ED12EB4590>

  File "E:\vbenspace\vben-python\middlewares\trace_middleware\middle.py", line 47, in __call__
    await self.app(scope, handle_outgoing_receive, handle_outgoing_request)
          │    │   │      │                        └ <function TraceASGIMiddleware.__call__.<locals>.handle_outgoing_request at 0x000001ED12F766C0>
          │    │   │      └ <function RequestResponseCycle.receive at 0x000001ED12F77ED0>
          │    │   └ {'type': 'http', 'asgi': {'version': '3.0', 'spec_version': '2.3'}, 'http_version': '1.1', 'server': ('127.0.0.1', 8080), 'cl...
          │    └ <starlette.middleware.gzip.GZipMiddleware object at 0x000001ED12EB42F0>
          └ <middlewares.trace_middleware.middle.TraceASGIMiddleware object at 0x000001ED12EB4440>

  File "E:\vbenspace\vben-python\.venv\Lib\site-packages\starlette\middleware\gzip.py", line 29, in __call__
    await responder(scope, receive, send)
          │         │      │        └ <function TraceASGIMiddleware.__call__.<locals>.handle_outgoing_request at 0x000001ED12F766C0>
          │         │      └ <function RequestResponseCycle.receive at 0x000001ED12F77ED0>
          │         └ {'type': 'http', 'asgi': {'version': '3.0', 'spec_version': '2.3'}, 'http_version': '1.1', 'server': ('127.0.0.1', 8080), 'cl...
          └ <starlette.middleware.gzip.GZipResponder object at 0x000001ED12EBFCE0>
  File "E:\vbenspace\vben-python\.venv\Lib\site-packages\starlette\middleware\gzip.py", line 130, in __call__
    await super().__call__(scope, receive, send)
                           │      │        └ <function TraceASGIMiddleware.__call__.<locals>.handle_outgoing_request at 0x000001ED12F766C0>
                           │      └ <function RequestResponseCycle.receive at 0x000001ED12F77ED0>
                           └ {'type': 'http', 'asgi': {'version': '3.0', 'spec_version': '2.3'}, 'http_version': '1.1', 'server': ('127.0.0.1', 8080), 'cl...
  File "E:\vbenspace\vben-python\.venv\Lib\site-packages\starlette\middleware\gzip.py", line 46, in __call__
    await self.app(scope, receive, self.send_with_compression)
          │    │   │      │        │    └ <function IdentityResponder.send_with_compression at 0x000001ED12493690>
          │    │   │      │        └ <starlette.middleware.gzip.GZipResponder object at 0x000001ED12EBFCE0>
          │    │   │      └ <function RequestResponseCycle.receive at 0x000001ED12F77ED0>
          │    │   └ {'type': 'http', 'asgi': {'version': '3.0', 'spec_version': '2.3'}, 'http_version': '1.1', 'server': ('127.0.0.1', 8080), 'cl...
          │    └ <starlette.middleware.cors.CORSMiddleware object at 0x000001ED12EB41A0>
          └ <starlette.middleware.gzip.GZipResponder object at 0x000001ED12EBFCE0>
  File "E:\vbenspace\vben-python\.venv\Lib\site-packages\starlette\middleware\cors.py", line 93, in __call__
    await self.simple_response(scope, receive, send, request_headers=headers)
          │    │               │      │        │                     └ Headers({'host': 'localhost:8080', 'connection': 'close', 'content-length': '343', 'sec-ch-ua-platform': '"Windows"', 'author...
          │    │               │      │        └ <bound method IdentityResponder.send_with_compression of <starlette.middleware.gzip.GZipResponder object at 0x000001ED12EBFCE0>>
          │    │               │      └ <function RequestResponseCycle.receive at 0x000001ED12F77ED0>
          │    │               └ {'type': 'http', 'asgi': {'version': '3.0', 'spec_version': '2.3'}, 'http_version': '1.1', 'server': ('127.0.0.1', 8080), 'cl...
          │    └ <function CORSMiddleware.simple_response at 0x000001ED12492C40>
          └ <starlette.middleware.cors.CORSMiddleware object at 0x000001ED12EB41A0>
  File "E:\vbenspace\vben-python\.venv\Lib\site-packages\starlette\middleware\cors.py", line 144, in simple_response
    await self.app(scope, receive, send)
          │    │   │      │        └ functools.partial(<bound method CORSMiddleware.send of <starlette.middleware.cors.CORSMiddleware object at 0x000001ED12EB41A0...
          │    │   │      └ <function RequestResponseCycle.receive at 0x000001ED12F77ED0>
          │    │   └ {'type': 'http', 'asgi': {'version': '3.0', 'spec_version': '2.3'}, 'http_version': '1.1', 'server': ('127.0.0.1', 8080), 'cl...
          │    └ <starlette.middleware.exceptions.ExceptionMiddleware object at 0x000001ED12EB4050>
          └ <starlette.middleware.cors.CORSMiddleware object at 0x000001ED12EB41A0>
  File "E:\vbenspace\vben-python\.venv\Lib\site-packages\starlette\middleware\exceptions.py", line 63, in __call__
    await wrap_app_handling_exceptions(self.app, conn)(scope, receive, send)
          │                            │    │    │     │      │        └ functools.partial(<bound method CORSMiddleware.send of <starlette.middleware.cors.CORSMiddleware object at 0x000001ED12EB41A0...
          │                            │    │    │     │      └ <function RequestResponseCycle.receive at 0x000001ED12F77ED0>
          │                            │    │    │     └ {'type': 'http', 'asgi': {'version': '3.0', 'spec_version': '2.3'}, 'http_version': '1.1', 'server': ('127.0.0.1', 8080), 'cl...
          │                            │    │    └ <starlette.requests.Request object at 0x000001ED12F4FC50>
          │                            │    └ <fastapi.middleware.asyncexitstack.AsyncExitStackMiddleware object at 0x000001ED12DB7E00>
          │                            └ <starlette.middleware.exceptions.ExceptionMiddleware object at 0x000001ED12EB4050>
          └ <function wrap_app_handling_exceptions at 0x000001ED6F1538A0>
  File "E:\vbenspace\vben-python\.venv\Lib\site-packages\starlette\_exception_handler.py", line 53, in wrapped_app
    raise exc
  File "E:\vbenspace\vben-python\.venv\Lib\site-packages\starlette\_exception_handler.py", line 42, in wrapped_app
    await app(scope, receive, sender)
          │   │      │        └ <function wrap_app_handling_exceptions.<locals>.wrapped_app.<locals>.sender at 0x000001ED12F768D0>
          │   │      └ <function RequestResponseCycle.receive at 0x000001ED12F77ED0>
          │   └ {'type': 'http', 'asgi': {'version': '3.0', 'spec_version': '2.3'}, 'http_version': '1.1', 'server': ('127.0.0.1', 8080), 'cl...
          └ <fastapi.middleware.asyncexitstack.AsyncExitStackMiddleware object at 0x000001ED12DB7E00>
  File "E:\vbenspace\vben-python\.venv\Lib\site-packages\fastapi\middleware\asyncexitstack.py", line 18, in __call__
    await self.app(scope, receive, send)
          │    │   │      │        └ <function wrap_app_handling_exceptions.<locals>.wrapped_app.<locals>.sender at 0x000001ED12F768D0>
          │    │   │      └ <function RequestResponseCycle.receive at 0x000001ED12F77ED0>
          │    │   └ {'type': 'http', 'asgi': {'version': '3.0', 'spec_version': '2.3'}, 'http_version': '1.1', 'server': ('127.0.0.1', 8080), 'cl...
          │    └ <fastapi.routing.APIRouter object at 0x000001ED12D34140>
          └ <fastapi.middleware.asyncexitstack.AsyncExitStackMiddleware object at 0x000001ED12DB7E00>
  File "E:\vbenspace\vben-python\.venv\Lib\site-packages\starlette\routing.py", line 716, in __call__
    await self.middleware_stack(scope, receive, send)
          │    │                │      │        └ <function wrap_app_handling_exceptions.<locals>.wrapped_app.<locals>.sender at 0x000001ED12F768D0>
          │    │                │      └ <function RequestResponseCycle.receive at 0x000001ED12F77ED0>
          │    │                └ {'type': 'http', 'asgi': {'version': '3.0', 'spec_version': '2.3'}, 'http_version': '1.1', 'server': ('127.0.0.1', 8080), 'cl...
          │    └ <bound method Router.app of <fastapi.routing.APIRouter object at 0x000001ED12D34140>>
          └ <fastapi.routing.APIRouter object at 0x000001ED12D34140>
  File "E:\vbenspace\vben-python\.venv\Lib\site-packages\starlette\routing.py", line 736, in app
    await route.handle(scope, receive, send)
          │     │      │      │        └ <function wrap_app_handling_exceptions.<locals>.wrapped_app.<locals>.sender at 0x000001ED12F768D0>
          │     │      │      └ <function RequestResponseCycle.receive at 0x000001ED12F77ED0>
          │     │      └ {'type': 'http', 'asgi': {'version': '3.0', 'spec_version': '2.3'}, 'http_version': '1.1', 'server': ('127.0.0.1', 8080), 'cl...
          │     └ <function Route.handle at 0x000001ED6F176560>
          └ APIRoute(path='/sys/org/post', name='put', methods=['PUT'])
  File "E:\vbenspace\vben-python\.venv\Lib\site-packages\starlette\routing.py", line 290, in handle
    await self.app(scope, receive, send)
          │    │   │      │        └ <function wrap_app_handling_exceptions.<locals>.wrapped_app.<locals>.sender at 0x000001ED12F768D0>
          │    │   │      └ <function RequestResponseCycle.receive at 0x000001ED12F77ED0>
          │    │   └ {'type': 'http', 'asgi': {'version': '3.0', 'spec_version': '2.3'}, 'http_version': '1.1', 'server': ('127.0.0.1', 8080), 'cl...
          │    └ <function request_response.<locals>.app at 0x000001ED12D740F0>
          └ APIRoute(path='/sys/org/post', name='put', methods=['PUT'])
  File "E:\vbenspace\vben-python\.venv\Lib\site-packages\fastapi\routing.py", line 124, in app
    await wrap_app_handling_exceptions(app, request)(scope, receive, send)
          │                            │    │        │      │        └ <function wrap_app_handling_exceptions.<locals>.wrapped_app.<locals>.sender at 0x000001ED12F768D0>
          │                            │    │        │      └ <function RequestResponseCycle.receive at 0x000001ED12F77ED0>
          │                            │    │        └ {'type': 'http', 'asgi': {'version': '3.0', 'spec_version': '2.3'}, 'http_version': '1.1', 'server': ('127.0.0.1', 8080), 'cl...
          │                            │    └ <starlette.requests.Request object at 0x000001ED12F4E850>
          │                            └ <function request_response.<locals>.app.<locals>.app at 0x000001ED12F76A30>
          └ <function wrap_app_handling_exceptions at 0x000001ED6F1538A0>
  File "E:\vbenspace\vben-python\.venv\Lib\site-packages\starlette\_exception_handler.py", line 53, in wrapped_app
    raise exc
  File "E:\vbenspace\vben-python\.venv\Lib\site-packages\starlette\_exception_handler.py", line 42, in wrapped_app
    await app(scope, receive, sender)
          │   │      │        └ <function wrap_app_handling_exceptions.<locals>.wrapped_app.<locals>.sender at 0x000001ED12F76CF0>
          │   │      └ <function RequestResponseCycle.receive at 0x000001ED12F77ED0>
          │   └ {'type': 'http', 'asgi': {'version': '3.0', 'spec_version': '2.3'}, 'http_version': '1.1', 'server': ('127.0.0.1', 8080), 'cl...
          └ <function request_response.<locals>.app.<locals>.app at 0x000001ED12F76A30>
  File "E:\vbenspace\vben-python\.venv\Lib\site-packages\fastapi\routing.py", line 110, in app
    response = await f(request)
                     │ └ <starlette.requests.Request object at 0x000001ED12F4E850>
                     └ <function get_request_handler.<locals>.app at 0x000001ED12D47ED0>
  File "E:\vbenspace\vben-python\.venv\Lib\site-packages\fastapi\routing.py", line 390, in app
    raw_response = await run_endpoint_function(
                         └ <function run_endpoint_function at 0x000001ED6F17ACF0>
  File "E:\vbenspace\vben-python\.venv\Lib\site-packages\fastapi\routing.py", line 289, in run_endpoint_function
    return await dependant.call(**values)
                 │         │      └ {'service': <modules.base.sys.org.post.service.SysOrgPostService object at 0x000001ED12F8E0D0>, 'bo': PostDTO(id='p1985598284...
                 │         └ <function put at 0x000001ED1299F320>
                 └ Dependant(path_params=[], query_params=[], header_params=[], cookie_params=[], body_params=[ModelField(field_info=Body(Pydant...

  File "E:\vbenspace\vben-python\modules\base\sys\org\post\router.py", line 46, in put
    await service.update(bo)
          │       │      └ PostDTO(id='p1985598284475011072', name='dd5', depid='d1985584189902295040', tier='d1985580839735529472_d1985584189902295040_...
          │       └ <function SysOrgPostService.update at 0x000001ED1299E140>
          └ <modules.base.sys.org.post.service.SysOrgPostService object at 0x000001ED12F8E0D0>

  File "E:\vbenspace\vben-python\modules\base\sys\org\post\service.py", line 45, in update
    main_dict['uptim'] = datetime.now()
    └ {'id': 'p1985598284475011072', 'name': 'dd5', 'depid': 'd1985584189902295040', 'tier': 'd1985580839735529472_d198558418990229...

NameError: name 'datetime' is not defined. Did you forget to import 'datetime'?
2025-11-04 14:45:02.724 |  | INFO     | server:lifespan:46 - ⏰️ RuoYi-FastAPI开始启动
2025-11-04 14:45:02.725 |  | INFO     | config.get_db:init_create_table:21 - 🔎 初始化数据库连接...
2025-11-04 14:45:02.750 |  | INFO     | config.get_db:init_create_table:24 - ✅️ 数据库连接成功
2025-11-04 14:45:02.750 |  | INFO     | config.get_redis:create_redis_pool:22 - 🔎 开始连接redis...
2025-11-04 14:45:02.752 |  | INFO     | config.get_redis:create_redis_pool:35 - ✅️ redis连接成功
2025-11-04 14:45:02.766 |  | INFO     | config.get_scheduler:init_system_scheduler:134 - 🔎 开始启动定时任务...
2025-11-04 14:45:02.798 |  | INFO     | config.get_scheduler:init_system_scheduler:142 - ✅️ 系统初始定时任务加载成功
2025-11-04 14:45:02.798 |  | INFO     | server:lifespan:53 - 🚀 RuoYi-FastAPI启动成功
2025-11-04 14:50:00.769 |  | INFO     | config.get_redis:close_redis_pool:55 - ✅️ 关闭redis连接成功
2025-11-04 14:50:00.769 |  | INFO     | config.get_scheduler:close_system_scheduler:152 - ✅️ 关闭定时任务成功
2025-11-04 14:50:02.651 |  | INFO     | server:lifespan:46 - ⏰️ RuoYi-FastAPI开始启动
2025-11-04 14:50:02.651 |  | INFO     | config.get_db:init_create_table:21 - 🔎 初始化数据库连接...
2025-11-04 14:50:02.675 |  | INFO     | config.get_db:init_create_table:24 - ✅️ 数据库连接成功
2025-11-04 14:50:02.675 |  | INFO     | config.get_redis:create_redis_pool:22 - 🔎 开始连接redis...
2025-11-04 14:50:02.676 |  | INFO     | config.get_redis:create_redis_pool:35 - ✅️ redis连接成功
2025-11-04 14:50:02.695 |  | INFO     | config.get_scheduler:init_system_scheduler:134 - 🔎 开始启动定时任务...
2025-11-04 14:50:02.728 |  | INFO     | config.get_scheduler:init_system_scheduler:142 - ✅️ 系统初始定时任务加载成功
2025-11-04 14:50:02.729 |  | INFO     | server:lifespan:53 - 🚀 RuoYi-FastAPI启动成功
2025-11-04 14:55:00.753 |  | INFO     | config.get_redis:close_redis_pool:55 - ✅️ 关闭redis连接成功
2025-11-04 14:55:00.754 |  | INFO     | config.get_scheduler:close_system_scheduler:152 - ✅️ 关闭定时任务成功
2025-11-04 14:55:45.294 |  | INFO     | server:lifespan:46 - ⏰️ RuoYi-FastAPI开始启动
2025-11-04 14:55:45.295 |  | INFO     | config.get_db:init_create_table:21 - 🔎 初始化数据库连接...
2025-11-04 14:55:45.320 |  | INFO     | config.get_db:init_create_table:24 - ✅️ 数据库连接成功
2025-11-04 14:55:45.320 |  | INFO     | config.get_redis:create_redis_pool:22 - 🔎 开始连接redis...
2025-11-04 14:55:45.321 |  | INFO     | config.get_redis:create_redis_pool:35 - ✅️ redis连接成功
2025-11-04 14:55:45.333 |  | INFO     | config.get_scheduler:init_system_scheduler:134 - 🔎 开始启动定时任务...
2025-11-04 14:55:45.346 |  | INFO     | config.get_scheduler:init_system_scheduler:142 - ✅️ 系统初始定时任务加载成功
2025-11-04 14:55:45.346 |  | INFO     | server:lifespan:53 - 🚀 RuoYi-FastAPI启动成功
2025-11-04 15:19:16.653 |  | INFO     | server:lifespan:46 - ⏰️ RuoYi-FastAPI开始启动
2025-11-04 15:19:16.654 |  | INFO     | config.get_db:init_create_table:21 - 🔎 初始化数据库连接...
2025-11-04 15:19:16.698 |  | INFO     | config.get_db:init_create_table:24 - ✅️ 数据库连接成功
2025-11-04 15:19:16.698 |  | INFO     | config.get_redis:create_redis_pool:22 - 🔎 开始连接redis...
2025-11-04 15:19:16.700 |  | INFO     | config.get_redis:create_redis_pool:35 - ✅️ redis连接成功
2025-11-04 15:19:16.714 |  | INFO     | config.get_scheduler:init_system_scheduler:134 - 🔎 开始启动定时任务...
2025-11-04 15:19:16.726 |  | INFO     | config.get_scheduler:init_system_scheduler:142 - ✅️ 系统初始定时任务加载成功
2025-11-04 15:19:16.726 |  | INFO     | server:lifespan:53 - 🚀 RuoYi-FastAPI启动成功
2025-11-04 16:35:58.550 | dc0660cc2f8c4039b715966321392ecf | ERROR    | exceptions.handle:exception_handler:70 - unsupported operand type(s) for +: 'ChunkedIteratorResult' and 'int'
Traceback (most recent call last):

  File "<string>", line 1, in <module>
  File "D:\dev\python\Lib\multiprocessing\spawn.py", line 122, in spawn_main
    exitcode = _main(fd, parent_sentinel)
               │     │   └ 328
               │     └ 3
               └ <function _main at 0x0000026AC1E08B40>
  File "D:\dev\python\Lib\multiprocessing\spawn.py", line 135, in _main
    return self._bootstrap(parent_sentinel)
           │    │          └ 328
           │    └ <function BaseProcess._bootstrap at 0x0000026AC1AC2CF0>
           └ <SpawnProcess name='SpawnProcess-1' parent=11852 started>
  File "D:\dev\python\Lib\multiprocessing\process.py", line 320, in _bootstrap
    self.run()
    │    └ <function BaseProcess.run at 0x0000026AC1AC2090>
    └ <SpawnProcess name='SpawnProcess-1' parent=11852 started>
  File "D:\dev\python\Lib\multiprocessing\process.py", line 108, in run
    self._target(*self._args, **self._kwargs)
    │    │        │    │        │    └ {'config': <uvicorn.config.Config object at 0x0000026AC1DC0AD0>, 'target': <bound method Server.run of <uvicorn.server.Server...
    │    │        │    │        └ <SpawnProcess name='SpawnProcess-1' parent=11852 started>
    │    │        │    └ ()
    │    │        └ <SpawnProcess name='SpawnProcess-1' parent=11852 started>
    │    └ <function subprocess_started at 0x0000026AC414A350>
    └ <SpawnProcess name='SpawnProcess-1' parent=11852 started>
  File "E:\vbenspace\vben-python\.venv\Lib\site-packages\uvicorn\_subprocess.py", line 80, in subprocess_started
    target(sockets=sockets)
    │              └ [<socket.socket fd=944, family=2, type=1, proto=6, laddr=('0.0.0.0', 8080)>]
    └ <bound method Server.run of <uvicorn.server.Server object at 0x0000026AE86EFE00>>
  File "E:\vbenspace\vben-python\.venv\Lib\site-packages\uvicorn\server.py", line 67, in run
    return asyncio_run(self.serve(sockets=sockets), loop_factory=self.config.get_loop_factory())
           │           │    │             │                      │    │      └ <function Config.get_loop_factory at 0x0000026AC40CA400>
           │           │    │             │                      │    └ <uvicorn.config.Config object at 0x0000026AC1DC0AD0>
           │           │    │             │                      └ <uvicorn.server.Server object at 0x0000026AE86EFE00>
           │           │    │             └ [<socket.socket fd=944, family=2, type=1, proto=6, laddr=('0.0.0.0', 8080)>]
           │           │    └ <function Server.serve at 0x0000026AC4121850>
           │           └ <uvicorn.server.Server object at 0x0000026AE86EFE00>
           └ <function run at 0x0000026AC3CB8670>
  File "D:\dev\python\Lib\asyncio\runners.py", line 204, in run
    return runner.run(main)
           │      │   └ <coroutine object Server.serve at 0x0000026AC7107B50>
           │      └ <function Runner.run at 0x0000026AC3CB8A90>
           └ <asyncio.runners.Runner object at 0x0000026AE8D8E210>
  File "D:\dev\python\Lib\asyncio\runners.py", line 127, in run
    return self._loop.run_until_complete(task)
           │    │     │                  └ <Task pending name='Task-1' coro=<Server.serve() running at E:\vbenspace\vben-python\.venv\Lib\site-packages\uvicorn\server.p...
           │    │     └ <function BaseEventLoop.run_until_complete at 0x0000026AC3C9CEB0>
           │    └ <_WindowsSelectorEventLoop running=True closed=False debug=False>
           └ <asyncio.runners.Runner object at 0x0000026AE8D8E210>
  File "D:\dev\python\Lib\asyncio\base_events.py", line 706, in run_until_complete
    self.run_forever()
    │    └ <function BaseEventLoop.run_forever at 0x0000026AC3C9CE00>
    └ <_WindowsSelectorEventLoop running=True closed=False debug=False>
  File "D:\dev\python\Lib\asyncio\base_events.py", line 677, in run_forever
    self._run_once()
    │    └ <function BaseEventLoop._run_once at 0x0000026AC3C9EF00>
    └ <_WindowsSelectorEventLoop running=True closed=False debug=False>
  File "D:\dev\python\Lib\asyncio\base_events.py", line 2046, in _run_once
    handle._run()
    │      └ <function Handle._run at 0x0000026AC2043530>
    └ <Handle Task.task_wakeup()>
  File "D:\dev\python\Lib\asyncio\events.py", line 94, in _run
    self._context.run(self._callback, *self._args)
    │    │            │    │           │    └ <member '_args' of 'Handle' objects>
    │    │            │    │           └ <Handle Task.task_wakeup()>
    │    │            │    └ <member '_callback' of 'Handle' objects>
    │    │            └ <Handle Task.task_wakeup()>
    │    └ <member '_context' of 'Handle' objects>
    └ <Handle Task.task_wakeup()>
  File "E:\vbenspace\vben-python\.venv\Lib\site-packages\uvicorn\protocols\http\httptools_impl.py", line 409, in run_asgi
    result = await app(  # type: ignore[func-returns-value]
                   └ <uvicorn.middleware.proxy_headers.ProxyHeadersMiddleware object at 0x0000026AE8E4B8C0>
  File "E:\vbenspace\vben-python\.venv\Lib\site-packages\uvicorn\middleware\proxy_headers.py", line 60, in __call__
    return await self.app(scope, receive, send)
                 │    │   │      │        └ <bound method RequestResponseCycle.send of <uvicorn.protocols.http.httptools_impl.RequestResponseCycle object at 0x0000026AE8...
                 │    │   │      └ <bound method RequestResponseCycle.receive of <uvicorn.protocols.http.httptools_impl.RequestResponseCycle object at 0x0000026...
                 │    │   └ {'type': 'http', 'asgi': {'version': '3.0', 'spec_version': '2.3'}, 'http_version': '1.1', 'server': ('127.0.0.1', 8080), 'cl...
                 │    └ <fastapi.applications.FastAPI object at 0x0000026AE8D812B0>
                 └ <uvicorn.middleware.proxy_headers.ProxyHeadersMiddleware object at 0x0000026AE8E4B8C0>
  File "E:\vbenspace\vben-python\.venv\Lib\site-packages\fastapi\applications.py", line 1134, in __call__
    await super().__call__(scope, receive, send)
                           │      │        └ <bound method RequestResponseCycle.send of <uvicorn.protocols.http.httptools_impl.RequestResponseCycle object at 0x0000026AE8...
                           │      └ <bound method RequestResponseCycle.receive of <uvicorn.protocols.http.httptools_impl.RequestResponseCycle object at 0x0000026...
                           └ {'type': 'http', 'asgi': {'version': '3.0', 'spec_version': '2.3'}, 'http_version': '1.1', 'server': ('127.0.0.1', 8080), 'cl...
  File "E:\vbenspace\vben-python\.venv\Lib\site-packages\starlette\applications.py", line 113, in __call__
    await self.middleware_stack(scope, receive, send)
          │    │                │      │        └ <bound method RequestResponseCycle.send of <uvicorn.protocols.http.httptools_impl.RequestResponseCycle object at 0x0000026AE8...
          │    │                │      └ <bound method RequestResponseCycle.receive of <uvicorn.protocols.http.httptools_impl.RequestResponseCycle object at 0x0000026...
          │    │                └ {'type': 'http', 'asgi': {'version': '3.0', 'spec_version': '2.3'}, 'http_version': '1.1', 'server': ('127.0.0.1', 8080), 'cl...
          │    └ <starlette.middleware.errors.ServerErrorMiddleware object at 0x0000026AE8F48830>
          └ <fastapi.applications.FastAPI object at 0x0000026AE8D812B0>
> File "E:\vbenspace\vben-python\.venv\Lib\site-packages\starlette\middleware\errors.py", line 164, in __call__
    await self.app(scope, receive, _send)
          │    │   │      │        └ <function ServerErrorMiddleware.__call__.<locals>._send at 0x0000026AE9006820>
          │    │   │      └ <bound method RequestResponseCycle.receive of <uvicorn.protocols.http.httptools_impl.RequestResponseCycle object at 0x0000026...
          │    │   └ {'type': 'http', 'asgi': {'version': '3.0', 'spec_version': '2.3'}, 'http_version': '1.1', 'server': ('127.0.0.1', 8080), 'cl...
          │    └ <middlewares.trace_middleware.middle.TraceASGIMiddleware object at 0x0000026AE8F486E0>
          └ <starlette.middleware.errors.ServerErrorMiddleware object at 0x0000026AE8F48830>

  File "E:\vbenspace\vben-python\middlewares\trace_middleware\middle.py", line 47, in __call__
    await self.app(scope, handle_outgoing_receive, handle_outgoing_request)
          │    │   │      │                        └ <function TraceASGIMiddleware.__call__.<locals>.handle_outgoing_request at 0x0000026AE9007A00>
          │    │   │      └ <function RequestResponseCycle.receive at 0x0000026AE9007E20>
          │    │   └ {'type': 'http', 'asgi': {'version': '3.0', 'spec_version': '2.3'}, 'http_version': '1.1', 'server': ('127.0.0.1', 8080), 'cl...
          │    └ <starlette.middleware.gzip.GZipMiddleware object at 0x0000026AE8F48590>
          └ <middlewares.trace_middleware.middle.TraceASGIMiddleware object at 0x0000026AE8F486E0>

  File "E:\vbenspace\vben-python\.venv\Lib\site-packages\starlette\middleware\gzip.py", line 29, in __call__
    await responder(scope, receive, send)
          │         │      │        └ <function TraceASGIMiddleware.__call__.<locals>.handle_outgoing_request at 0x0000026AE9007A00>
          │         │      └ <function RequestResponseCycle.receive at 0x0000026AE9007E20>
          │         └ {'type': 'http', 'asgi': {'version': '3.0', 'spec_version': '2.3'}, 'http_version': '1.1', 'server': ('127.0.0.1', 8080), 'cl...
          └ <starlette.middleware.gzip.GZipResponder object at 0x0000026AE9055710>
  File "E:\vbenspace\vben-python\.venv\Lib\site-packages\starlette\middleware\gzip.py", line 130, in __call__
    await super().__call__(scope, receive, send)
                           │      │        └ <function TraceASGIMiddleware.__call__.<locals>.handle_outgoing_request at 0x0000026AE9007A00>
                           │      └ <function RequestResponseCycle.receive at 0x0000026AE9007E20>
                           └ {'type': 'http', 'asgi': {'version': '3.0', 'spec_version': '2.3'}, 'http_version': '1.1', 'server': ('127.0.0.1', 8080), 'cl...
  File "E:\vbenspace\vben-python\.venv\Lib\site-packages\starlette\middleware\gzip.py", line 46, in __call__
    await self.app(scope, receive, self.send_with_compression)
          │    │   │      │        │    └ <function IdentityResponder.send_with_compression at 0x0000026AE8623690>
          │    │   │      │        └ <starlette.middleware.gzip.GZipResponder object at 0x0000026AE9055710>
          │    │   │      └ <function RequestResponseCycle.receive at 0x0000026AE9007E20>
          │    │   └ {'type': 'http', 'asgi': {'version': '3.0', 'spec_version': '2.3'}, 'http_version': '1.1', 'server': ('127.0.0.1', 8080), 'cl...
          │    └ <starlette.middleware.cors.CORSMiddleware object at 0x0000026AE8F48440>
          └ <starlette.middleware.gzip.GZipResponder object at 0x0000026AE9055710>
  File "E:\vbenspace\vben-python\.venv\Lib\site-packages\starlette\middleware\cors.py", line 93, in __call__
    await self.simple_response(scope, receive, send, request_headers=headers)
          │    │               │      │        │                     └ Headers({'host': 'localhost:8080', 'connection': 'close', 'content-length': '78', 'sec-ch-ua-platform': '"Windows"', 'authori...
          │    │               │      │        └ <bound method IdentityResponder.send_with_compression of <starlette.middleware.gzip.GZipResponder object at 0x0000026AE9055710>>
          │    │               │      └ <function RequestResponseCycle.receive at 0x0000026AE9007E20>
          │    │               └ {'type': 'http', 'asgi': {'version': '3.0', 'spec_version': '2.3'}, 'http_version': '1.1', 'server': ('127.0.0.1', 8080), 'cl...
          │    └ <function CORSMiddleware.simple_response at 0x0000026AE8622C40>
          └ <starlette.middleware.cors.CORSMiddleware object at 0x0000026AE8F48440>
  File "E:\vbenspace\vben-python\.venv\Lib\site-packages\starlette\middleware\cors.py", line 144, in simple_response
    await self.app(scope, receive, send)
          │    │   │      │        └ functools.partial(<bound method CORSMiddleware.send of <starlette.middleware.cors.CORSMiddleware object at 0x0000026AE8F48440...
          │    │   │      └ <function RequestResponseCycle.receive at 0x0000026AE9007E20>
          │    │   └ {'type': 'http', 'asgi': {'version': '3.0', 'spec_version': '2.3'}, 'http_version': '1.1', 'server': ('127.0.0.1', 8080), 'cl...
          │    └ <starlette.middleware.exceptions.ExceptionMiddleware object at 0x0000026AE8F482F0>
          └ <starlette.middleware.cors.CORSMiddleware object at 0x0000026AE8F48440>
  File "E:\vbenspace\vben-python\.venv\Lib\site-packages\starlette\middleware\exceptions.py", line 63, in __call__
    await wrap_app_handling_exceptions(self.app, conn)(scope, receive, send)
          │                            │    │    │     │      │        └ functools.partial(<bound method CORSMiddleware.send of <starlette.middleware.cors.CORSMiddleware object at 0x0000026AE8F48440...
          │                            │    │    │     │      └ <function RequestResponseCycle.receive at 0x0000026AE9007E20>
          │                            │    │    │     └ {'type': 'http', 'asgi': {'version': '3.0', 'spec_version': '2.3'}, 'http_version': '1.1', 'server': ('127.0.0.1', 8080), 'cl...
          │                            │    │    └ <starlette.requests.Request object at 0x0000026AE9007B70>
          │                            │    └ <fastapi.middleware.asyncexitstack.AsyncExitStackMiddleware object at 0x0000026AE8F481A0>
          │                            └ <starlette.middleware.exceptions.ExceptionMiddleware object at 0x0000026AE8F482F0>
          └ <function wrap_app_handling_exceptions at 0x0000026AC52F38A0>
  File "E:\vbenspace\vben-python\.venv\Lib\site-packages\starlette\_exception_handler.py", line 53, in wrapped_app
    raise exc
  File "E:\vbenspace\vben-python\.venv\Lib\site-packages\starlette\_exception_handler.py", line 42, in wrapped_app
    await app(scope, receive, sender)
          │   │      │        └ <function wrap_app_handling_exceptions.<locals>.wrapped_app.<locals>.sender at 0x0000026AE9007480>
          │   │      └ <function RequestResponseCycle.receive at 0x0000026AE9007E20>
          │   └ {'type': 'http', 'asgi': {'version': '3.0', 'spec_version': '2.3'}, 'http_version': '1.1', 'server': ('127.0.0.1', 8080), 'cl...
          └ <fastapi.middleware.asyncexitstack.AsyncExitStackMiddleware object at 0x0000026AE8F481A0>
  File "E:\vbenspace\vben-python\.venv\Lib\site-packages\fastapi\middleware\asyncexitstack.py", line 18, in __call__
    await self.app(scope, receive, send)
          │    │   │      │        └ <function wrap_app_handling_exceptions.<locals>.wrapped_app.<locals>.sender at 0x0000026AE9007480>
          │    │   │      └ <function RequestResponseCycle.receive at 0x0000026AE9007E20>
          │    │   └ {'type': 'http', 'asgi': {'version': '3.0', 'spec_version': '2.3'}, 'http_version': '1.1', 'server': ('127.0.0.1', 8080), 'cl...
          │    └ <fastapi.routing.APIRouter object at 0x0000026AE8DC45F0>
          └ <fastapi.middleware.asyncexitstack.AsyncExitStackMiddleware object at 0x0000026AE8F481A0>
  File "E:\vbenspace\vben-python\.venv\Lib\site-packages\starlette\routing.py", line 716, in __call__
    await self.middleware_stack(scope, receive, send)
          │    │                │      │        └ <function wrap_app_handling_exceptions.<locals>.wrapped_app.<locals>.sender at 0x0000026AE9007480>
          │    │                │      └ <function RequestResponseCycle.receive at 0x0000026AE9007E20>
          │    │                └ {'type': 'http', 'asgi': {'version': '3.0', 'spec_version': '2.3'}, 'http_version': '1.1', 'server': ('127.0.0.1', 8080), 'cl...
          │    └ <bound method Router.app of <fastapi.routing.APIRouter object at 0x0000026AE8DC45F0>>
          └ <fastapi.routing.APIRouter object at 0x0000026AE8DC45F0>
  File "E:\vbenspace\vben-python\.venv\Lib\site-packages\starlette\routing.py", line 736, in app
    await route.handle(scope, receive, send)
          │     │      │      │        └ <function wrap_app_handling_exceptions.<locals>.wrapped_app.<locals>.sender at 0x0000026AE9007480>
          │     │      │      └ <function RequestResponseCycle.receive at 0x0000026AE9007E20>
          │     │      └ {'type': 'http', 'asgi': {'version': '3.0', 'spec_version': '2.3'}, 'http_version': '1.1', 'server': ('127.0.0.1', 8080), 'cl...
          │     └ <function Route.handle at 0x0000026AC5316560>
          └ APIRoute(path='/sys/org/dept/move', name='move', methods=['POST'])
  File "E:\vbenspace\vben-python\.venv\Lib\site-packages\starlette\routing.py", line 290, in handle
    await self.app(scope, receive, send)
          │    │   │      │        └ <function wrap_app_handling_exceptions.<locals>.wrapped_app.<locals>.sender at 0x0000026AE9007480>
          │    │   │      └ <function RequestResponseCycle.receive at 0x0000026AE9007E20>
          │    │   └ {'type': 'http', 'asgi': {'version': '3.0', 'spec_version': '2.3'}, 'http_version': '1.1', 'server': ('127.0.0.1', 8080), 'cl...
          │    └ <function request_response.<locals>.app at 0x0000026AE8DDA770>
          └ APIRoute(path='/sys/org/dept/move', name='move', methods=['POST'])
  File "E:\vbenspace\vben-python\.venv\Lib\site-packages\fastapi\routing.py", line 124, in app
    await wrap_app_handling_exceptions(app, request)(scope, receive, send)
          │                            │    │        │      │        └ <function wrap_app_handling_exceptions.<locals>.wrapped_app.<locals>.sender at 0x0000026AE9007480>
          │                            │    │        │      └ <function RequestResponseCycle.receive at 0x0000026AE9007E20>
          │                            │    │        └ {'type': 'http', 'asgi': {'version': '3.0', 'spec_version': '2.3'}, 'http_version': '1.1', 'server': ('127.0.0.1', 8080), 'cl...
          │                            │    └ <starlette.requests.Request object at 0x0000026AE9005F40>
          │                            └ <function request_response.<locals>.app.<locals>.app at 0x0000026AE9006350>
          └ <function wrap_app_handling_exceptions at 0x0000026AC52F38A0>
  File "E:\vbenspace\vben-python\.venv\Lib\site-packages\starlette\_exception_handler.py", line 53, in wrapped_app
    raise exc
  File "E:\vbenspace\vben-python\.venv\Lib\site-packages\starlette\_exception_handler.py", line 42, in wrapped_app
    await app(scope, receive, sender)
          │   │      │        └ <function wrap_app_handling_exceptions.<locals>.wrapped_app.<locals>.sender at 0x0000026AE9006610>
          │   │      └ <function RequestResponseCycle.receive at 0x0000026AE9007E20>
          │   └ {'type': 'http', 'asgi': {'version': '3.0', 'spec_version': '2.3'}, 'http_version': '1.1', 'server': ('127.0.0.1', 8080), 'cl...
          └ <function request_response.<locals>.app.<locals>.app at 0x0000026AE9006350>
  File "E:\vbenspace\vben-python\.venv\Lib\site-packages\fastapi\routing.py", line 110, in app
    response = await f(request)
                     │ └ <starlette.requests.Request object at 0x0000026AE9005F40>
                     └ <function get_request_handler.<locals>.app at 0x0000026AE8DDA6C0>
  File "E:\vbenspace\vben-python\.venv\Lib\site-packages\fastapi\routing.py", line 390, in app
    raw_response = await run_endpoint_function(
                         └ <function run_endpoint_function at 0x0000026AC531ACF0>
  File "E:\vbenspace\vben-python\.venv\Lib\site-packages\fastapi\routing.py", line 289, in run_endpoint_function
    return await dependant.call(**values)
                 │         │      └ {'service': <modules.base.sys.org.dept.service.SysOrgDeptService object at 0x0000026AE8F49550>, 'bo': TreeMoveBo(draid='d1985...
                 │         └ <function move at 0x0000026AE871FAB0>
                 └ Dependant(path_params=[], query_params=[], header_params=[], cookie_params=[], body_params=[ModelField(field_info=Body(Pydant...

  File "E:\vbenspace\vben-python\modules\base\sys\org\dept\router.py", line 83, in move
    await service.move(bo)
          │       │    └ TreeMoveBo(draid='d1985579450569461760', droid='d1985584189902295040', type='inner')
          │       └ <function SysOrgDeptService.move at 0x0000026AE871D170>
          └ <modules.base.sys.org.dept.service.SysOrgDeptService object at 0x0000026AE8F49550>

  File "E:\vbenspace\vben-python\modules\base\sys\org\dept\service.py", line 84, in move
    dragDept.ornum = count + 1
    │        │       └ <sqlalchemy.engine.result.ChunkedIteratorResult object at 0x0000026AE9064290>
    │        └ <sqlalchemy.orm.attributes.InstrumentedAttribute object at 0x0000026AE86647C0>
    └ <modules.base.sys.org.dept.model.SysOrgDept object at 0x0000026AE8F69F40>

TypeError: unsupported operand type(s) for +: 'ChunkedIteratorResult' and 'int'
2025-11-04 16:37:32.820 |  | INFO     | config.get_redis:close_redis_pool:55 - ✅️ 关闭redis连接成功
2025-11-04 16:37:32.822 |  | INFO     | config.get_scheduler:close_system_scheduler:152 - ✅️ 关闭定时任务成功
2025-11-04 16:37:36.618 |  | INFO     | server:lifespan:46 - ⏰️ RuoYi-FastAPI开始启动
2025-11-04 16:37:36.618 |  | INFO     | config.get_db:init_create_table:21 - 🔎 初始化数据库连接...
2025-11-04 16:37:36.645 |  | INFO     | config.get_db:init_create_table:24 - ✅️ 数据库连接成功
2025-11-04 16:37:36.645 |  | INFO     | config.get_redis:create_redis_pool:22 - 🔎 开始连接redis...
2025-11-04 16:37:36.647 |  | INFO     | config.get_redis:create_redis_pool:35 - ✅️ redis连接成功
2025-11-04 16:37:36.661 |  | INFO     | config.get_scheduler:init_system_scheduler:134 - 🔎 开始启动定时任务...
2025-11-04 16:37:36.678 |  | INFO     | config.get_scheduler:init_system_scheduler:142 - ✅️ 系统初始定时任务加载成功
2025-11-04 16:37:36.678 |  | INFO     | server:lifespan:53 - 🚀 RuoYi-FastAPI启动成功
2025-11-04 16:38:07.391 | 9cc1aa4272464847a03cb80deabd2bcb | ERROR    | exceptions.handle:exception_handler:70 - int() argument must be a string, a bytes-like object or a real number, not 'ChunkedIteratorResult'
Traceback (most recent call last):

  File "<string>", line 1, in <module>
  File "D:\dev\python\Lib\multiprocessing\spawn.py", line 122, in spawn_main
    exitcode = _main(fd, parent_sentinel)
               │     │   └ 280
               │     └ 3
               └ <function _main at 0x00000247BBD48B40>
  File "D:\dev\python\Lib\multiprocessing\spawn.py", line 135, in _main
    return self._bootstrap(parent_sentinel)
           │    │          └ 280
           │    └ <function BaseProcess._bootstrap at 0x00000247BBA12CF0>
           └ <SpawnProcess name='SpawnProcess-1' parent=5856 started>
  File "D:\dev\python\Lib\multiprocessing\process.py", line 320, in _bootstrap
    self.run()
    │    └ <function BaseProcess.run at 0x00000247BBA12090>
    └ <SpawnProcess name='SpawnProcess-1' parent=5856 started>
  File "D:\dev\python\Lib\multiprocessing\process.py", line 108, in run
    self._target(*self._args, **self._kwargs)
    │    │        │    │        │    └ {'config': <uvicorn.config.Config object at 0x00000247BBD00AD0>, 'target': <bound method Server.run of <uvicorn.server.Server...
    │    │        │    │        └ <SpawnProcess name='SpawnProcess-1' parent=5856 started>
    │    │        │    └ ()
    │    │        └ <SpawnProcess name='SpawnProcess-1' parent=5856 started>
    │    └ <function subprocess_started at 0x00000247BE08A350>
    └ <SpawnProcess name='SpawnProcess-1' parent=5856 started>
  File "E:\vbenspace\vben-python\.venv\Lib\site-packages\uvicorn\_subprocess.py", line 80, in subprocess_started
    target(sockets=sockets)
    │              └ [<socket.socket fd=936, family=2, type=1, proto=6, laddr=('0.0.0.0', 8080)>]
    └ <bound method Server.run of <uvicorn.server.Server object at 0x00000247E261FE00>>
  File "E:\vbenspace\vben-python\.venv\Lib\site-packages\uvicorn\server.py", line 67, in run
    return asyncio_run(self.serve(sockets=sockets), loop_factory=self.config.get_loop_factory())
           │           │    │             │                      │    │      └ <function Config.get_loop_factory at 0x00000247BE00A400>
           │           │    │             │                      │    └ <uvicorn.config.Config object at 0x00000247BBD00AD0>
           │           │    │             │                      └ <uvicorn.server.Server object at 0x00000247E261FE00>
           │           │    │             └ [<socket.socket fd=936, family=2, type=1, proto=6, laddr=('0.0.0.0', 8080)>]
           │           │    └ <function Server.serve at 0x00000247BE061850>
           │           └ <uvicorn.server.Server object at 0x00000247E261FE00>
           └ <function run at 0x00000247BDC28670>
  File "D:\dev\python\Lib\asyncio\runners.py", line 204, in run
    return runner.run(main)
           │      │   └ <coroutine object Server.serve at 0x00000247C1117B50>
           │      └ <function Runner.run at 0x00000247BDC28A90>
           └ <asyncio.runners.Runner object at 0x00000247E2CBE210>
  File "D:\dev\python\Lib\asyncio\runners.py", line 127, in run
    return self._loop.run_until_complete(task)
           │    │     │                  └ <Task pending name='Task-1' coro=<Server.serve() running at E:\vbenspace\vben-python\.venv\Lib\site-packages\uvicorn\server.p...
           │    │     └ <function BaseEventLoop.run_until_complete at 0x00000247BDC0CEB0>
           │    └ <_WindowsSelectorEventLoop running=True closed=False debug=False>
           └ <asyncio.runners.Runner object at 0x00000247E2CBE210>
  File "D:\dev\python\Lib\asyncio\base_events.py", line 706, in run_until_complete
    self.run_forever()
    │    └ <function BaseEventLoop.run_forever at 0x00000247BDC0CE00>
    └ <_WindowsSelectorEventLoop running=True closed=False debug=False>
  File "D:\dev\python\Lib\asyncio\base_events.py", line 677, in run_forever
    self._run_once()
    │    └ <function BaseEventLoop._run_once at 0x00000247BDC0EF00>
    └ <_WindowsSelectorEventLoop running=True closed=False debug=False>
  File "D:\dev\python\Lib\asyncio\base_events.py", line 2046, in _run_once
    handle._run()
    │      └ <function Handle._run at 0x00000247BBF83530>
    └ <Handle Task.task_wakeup()>
  File "D:\dev\python\Lib\asyncio\events.py", line 94, in _run
    self._context.run(self._callback, *self._args)
    │    │            │    │           │    └ <member '_args' of 'Handle' objects>
    │    │            │    │           └ <Handle Task.task_wakeup()>
    │    │            │    └ <member '_callback' of 'Handle' objects>
    │    │            └ <Handle Task.task_wakeup()>
    │    └ <member '_context' of 'Handle' objects>
    └ <Handle Task.task_wakeup()>
  File "E:\vbenspace\vben-python\.venv\Lib\site-packages\uvicorn\protocols\http\httptools_impl.py", line 409, in run_asgi
    result = await app(  # type: ignore[func-returns-value]
                   └ <uvicorn.middleware.proxy_headers.ProxyHeadersMiddleware object at 0x00000247E2D7B8C0>
  File "E:\vbenspace\vben-python\.venv\Lib\site-packages\uvicorn\middleware\proxy_headers.py", line 60, in __call__
    return await self.app(scope, receive, send)
                 │    │   │      │        └ <bound method RequestResponseCycle.send of <uvicorn.protocols.http.httptools_impl.RequestResponseCycle object at 0x00000247E2...
                 │    │   │      └ <bound method RequestResponseCycle.receive of <uvicorn.protocols.http.httptools_impl.RequestResponseCycle object at 0x0000024...
                 │    │   └ {'type': 'http', 'asgi': {'version': '3.0', 'spec_version': '2.3'}, 'http_version': '1.1', 'server': ('127.0.0.1', 8080), 'cl...
                 │    └ <fastapi.applications.FastAPI object at 0x00000247E2CB52B0>
                 └ <uvicorn.middleware.proxy_headers.ProxyHeadersMiddleware object at 0x00000247E2D7B8C0>
  File "E:\vbenspace\vben-python\.venv\Lib\site-packages\fastapi\applications.py", line 1134, in __call__
    await super().__call__(scope, receive, send)
                           │      │        └ <bound method RequestResponseCycle.send of <uvicorn.protocols.http.httptools_impl.RequestResponseCycle object at 0x00000247E2...
                           │      └ <bound method RequestResponseCycle.receive of <uvicorn.protocols.http.httptools_impl.RequestResponseCycle object at 0x0000024...
                           └ {'type': 'http', 'asgi': {'version': '3.0', 'spec_version': '2.3'}, 'http_version': '1.1', 'server': ('127.0.0.1', 8080), 'cl...
  File "E:\vbenspace\vben-python\.venv\Lib\site-packages\starlette\applications.py", line 113, in __call__
    await self.middleware_stack(scope, receive, send)
          │    │                │      │        └ <bound method RequestResponseCycle.send of <uvicorn.protocols.http.httptools_impl.RequestResponseCycle object at 0x00000247E2...
          │    │                │      └ <bound method RequestResponseCycle.receive of <uvicorn.protocols.http.httptools_impl.RequestResponseCycle object at 0x0000024...
          │    │                └ {'type': 'http', 'asgi': {'version': '3.0', 'spec_version': '2.3'}, 'http_version': '1.1', 'server': ('127.0.0.1', 8080), 'cl...
          │    └ <starlette.middleware.errors.ServerErrorMiddleware object at 0x00000247E2E78830>
          └ <fastapi.applications.FastAPI object at 0x00000247E2CB52B0>
> File "E:\vbenspace\vben-python\.venv\Lib\site-packages\starlette\middleware\errors.py", line 164, in __call__
    await self.app(scope, receive, _send)
          │    │   │      │        └ <function ServerErrorMiddleware.__call__.<locals>._send at 0x00000247E2F362A0>
          │    │   │      └ <bound method RequestResponseCycle.receive of <uvicorn.protocols.http.httptools_impl.RequestResponseCycle object at 0x0000024...
          │    │   └ {'type': 'http', 'asgi': {'version': '3.0', 'spec_version': '2.3'}, 'http_version': '1.1', 'server': ('127.0.0.1', 8080), 'cl...
          │    └ <middlewares.trace_middleware.middle.TraceASGIMiddleware object at 0x00000247E2E786E0>
          └ <starlette.middleware.errors.ServerErrorMiddleware object at 0x00000247E2E78830>

  File "E:\vbenspace\vben-python\middlewares\trace_middleware\middle.py", line 47, in __call__
    await self.app(scope, handle_outgoing_receive, handle_outgoing_request)
          │    │   │      │                        └ <function TraceASGIMiddleware.__call__.<locals>.handle_outgoing_request at 0x00000247E2F36FB0>
          │    │   │      └ <function RequestResponseCycle.receive at 0x00000247E2F36E50>
          │    │   └ {'type': 'http', 'asgi': {'version': '3.0', 'spec_version': '2.3'}, 'http_version': '1.1', 'server': ('127.0.0.1', 8080), 'cl...
          │    └ <starlette.middleware.gzip.GZipMiddleware object at 0x00000247E2E78590>
          └ <middlewares.trace_middleware.middle.TraceASGIMiddleware object at 0x00000247E2E786E0>

  File "E:\vbenspace\vben-python\.venv\Lib\site-packages\starlette\middleware\gzip.py", line 29, in __call__
    await responder(scope, receive, send)
          │         │      │        └ <function TraceASGIMiddleware.__call__.<locals>.handle_outgoing_request at 0x00000247E2F36FB0>
          │         │      └ <function RequestResponseCycle.receive at 0x00000247E2F36E50>
          │         └ {'type': 'http', 'asgi': {'version': '3.0', 'spec_version': '2.3'}, 'http_version': '1.1', 'server': ('127.0.0.1', 8080), 'cl...
          └ <starlette.middleware.gzip.GZipResponder object at 0x00000247E2DEF680>
  File "E:\vbenspace\vben-python\.venv\Lib\site-packages\starlette\middleware\gzip.py", line 130, in __call__
    await super().__call__(scope, receive, send)
                           │      │        └ <function TraceASGIMiddleware.__call__.<locals>.handle_outgoing_request at 0x00000247E2F36FB0>
                           │      └ <function RequestResponseCycle.receive at 0x00000247E2F36E50>
                           └ {'type': 'http', 'asgi': {'version': '3.0', 'spec_version': '2.3'}, 'http_version': '1.1', 'server': ('127.0.0.1', 8080), 'cl...
  File "E:\vbenspace\vben-python\.venv\Lib\site-packages\starlette\middleware\gzip.py", line 46, in __call__
    await self.app(scope, receive, self.send_with_compression)
          │    │   │      │        │    └ <function IdentityResponder.send_with_compression at 0x00000247E2553690>
          │    │   │      │        └ <starlette.middleware.gzip.GZipResponder object at 0x00000247E2DEF680>
          │    │   │      └ <function RequestResponseCycle.receive at 0x00000247E2F36E50>
          │    │   └ {'type': 'http', 'asgi': {'version': '3.0', 'spec_version': '2.3'}, 'http_version': '1.1', 'server': ('127.0.0.1', 8080), 'cl...
          │    └ <starlette.middleware.cors.CORSMiddleware object at 0x00000247E2E78440>
          └ <starlette.middleware.gzip.GZipResponder object at 0x00000247E2DEF680>
  File "E:\vbenspace\vben-python\.venv\Lib\site-packages\starlette\middleware\cors.py", line 93, in __call__
    await self.simple_response(scope, receive, send, request_headers=headers)
          │    │               │      │        │                     └ Headers({'host': 'localhost:8080', 'connection': 'close', 'content-length': '78', 'sec-ch-ua-platform': '"Windows"', 'authori...
          │    │               │      │        └ <bound method IdentityResponder.send_with_compression of <starlette.middleware.gzip.GZipResponder object at 0x00000247E2DEF680>>
          │    │               │      └ <function RequestResponseCycle.receive at 0x00000247E2F36E50>
          │    │               └ {'type': 'http', 'asgi': {'version': '3.0', 'spec_version': '2.3'}, 'http_version': '1.1', 'server': ('127.0.0.1', 8080), 'cl...
          │    └ <function CORSMiddleware.simple_response at 0x00000247E2552C40>
          └ <starlette.middleware.cors.CORSMiddleware object at 0x00000247E2E78440>
  File "E:\vbenspace\vben-python\.venv\Lib\site-packages\starlette\middleware\cors.py", line 144, in simple_response
    await self.app(scope, receive, send)
          │    │   │      │        └ functools.partial(<bound method CORSMiddleware.send of <starlette.middleware.cors.CORSMiddleware object at 0x00000247E2E78440...
          │    │   │      └ <function RequestResponseCycle.receive at 0x00000247E2F36E50>
          │    │   └ {'type': 'http', 'asgi': {'version': '3.0', 'spec_version': '2.3'}, 'http_version': '1.1', 'server': ('127.0.0.1', 8080), 'cl...
          │    └ <starlette.middleware.exceptions.ExceptionMiddleware object at 0x00000247E2E782F0>
          └ <starlette.middleware.cors.CORSMiddleware object at 0x00000247E2E78440>
  File "E:\vbenspace\vben-python\.venv\Lib\site-packages\starlette\middleware\exceptions.py", line 63, in __call__
    await wrap_app_handling_exceptions(self.app, conn)(scope, receive, send)
          │                            │    │    │     │      │        └ functools.partial(<bound method CORSMiddleware.send of <starlette.middleware.cors.CORSMiddleware object at 0x00000247E2E78440...
          │                            │    │    │     │      └ <function RequestResponseCycle.receive at 0x00000247E2F36E50>
          │                            │    │    │     └ {'type': 'http', 'asgi': {'version': '3.0', 'spec_version': '2.3'}, 'http_version': '1.1', 'server': ('127.0.0.1', 8080), 'cl...
          │                            │    │    └ <starlette.requests.Request object at 0x00000247E2E48BB0>
          │                            │    └ <fastapi.middleware.asyncexitstack.AsyncExitStackMiddleware object at 0x00000247E2E781A0>
          │                            └ <starlette.middleware.exceptions.ExceptionMiddleware object at 0x00000247E2E782F0>
          └ <function wrap_app_handling_exceptions at 0x00000247BF2338A0>
  File "E:\vbenspace\vben-python\.venv\Lib\site-packages\starlette\_exception_handler.py", line 53, in wrapped_app
    raise exc
  File "E:\vbenspace\vben-python\.venv\Lib\site-packages\starlette\_exception_handler.py", line 42, in wrapped_app
    await app(scope, receive, sender)
          │   │      │        └ <function wrap_app_handling_exceptions.<locals>.wrapped_app.<locals>.sender at 0x00000247E2F37320>
          │   │      └ <function RequestResponseCycle.receive at 0x00000247E2F36E50>
          │   └ {'type': 'http', 'asgi': {'version': '3.0', 'spec_version': '2.3'}, 'http_version': '1.1', 'server': ('127.0.0.1', 8080), 'cl...
          └ <fastapi.middleware.asyncexitstack.AsyncExitStackMiddleware object at 0x00000247E2E781A0>
  File "E:\vbenspace\vben-python\.venv\Lib\site-packages\fastapi\middleware\asyncexitstack.py", line 18, in __call__
    await self.app(scope, receive, send)
          │    │   │      │        └ <function wrap_app_handling_exceptions.<locals>.wrapped_app.<locals>.sender at 0x00000247E2F37320>
          │    │   │      └ <function RequestResponseCycle.receive at 0x00000247E2F36E50>
          │    │   └ {'type': 'http', 'asgi': {'version': '3.0', 'spec_version': '2.3'}, 'http_version': '1.1', 'server': ('127.0.0.1', 8080), 'cl...
          │    └ <fastapi.routing.APIRouter object at 0x00000247E2CF45F0>
          └ <fastapi.middleware.asyncexitstack.AsyncExitStackMiddleware object at 0x00000247E2E781A0>
  File "E:\vbenspace\vben-python\.venv\Lib\site-packages\starlette\routing.py", line 716, in __call__
    await self.middleware_stack(scope, receive, send)
          │    │                │      │        └ <function wrap_app_handling_exceptions.<locals>.wrapped_app.<locals>.sender at 0x00000247E2F37320>
          │    │                │      └ <function RequestResponseCycle.receive at 0x00000247E2F36E50>
          │    │                └ {'type': 'http', 'asgi': {'version': '3.0', 'spec_version': '2.3'}, 'http_version': '1.1', 'server': ('127.0.0.1', 8080), 'cl...
          │    └ <bound method Router.app of <fastapi.routing.APIRouter object at 0x00000247E2CF45F0>>
          └ <fastapi.routing.APIRouter object at 0x00000247E2CF45F0>
  File "E:\vbenspace\vben-python\.venv\Lib\site-packages\starlette\routing.py", line 736, in app
    await route.handle(scope, receive, send)
          │     │      │      │        └ <function wrap_app_handling_exceptions.<locals>.wrapped_app.<locals>.sender at 0x00000247E2F37320>
          │     │      │      └ <function RequestResponseCycle.receive at 0x00000247E2F36E50>
          │     │      └ {'type': 'http', 'asgi': {'version': '3.0', 'spec_version': '2.3'}, 'http_version': '1.1', 'server': ('127.0.0.1', 8080), 'cl...
          │     └ <function Route.handle at 0x00000247BF256560>
          └ APIRoute(path='/sys/org/dept/move', name='move', methods=['POST'])
  File "E:\vbenspace\vben-python\.venv\Lib\site-packages\starlette\routing.py", line 290, in handle
    await self.app(scope, receive, send)
          │    │   │      │        └ <function wrap_app_handling_exceptions.<locals>.wrapped_app.<locals>.sender at 0x00000247E2F37320>
          │    │   │      └ <function RequestResponseCycle.receive at 0x00000247E2F36E50>
          │    │   └ {'type': 'http', 'asgi': {'version': '3.0', 'spec_version': '2.3'}, 'http_version': '1.1', 'server': ('127.0.0.1', 8080), 'cl...
          │    └ <function request_response.<locals>.app at 0x00000247E2D0A770>
          └ APIRoute(path='/sys/org/dept/move', name='move', methods=['POST'])
  File "E:\vbenspace\vben-python\.venv\Lib\site-packages\fastapi\routing.py", line 124, in app
    await wrap_app_handling_exceptions(app, request)(scope, receive, send)
          │                            │    │        │      │        └ <function wrap_app_handling_exceptions.<locals>.wrapped_app.<locals>.sender at 0x00000247E2F37320>
          │                            │    │        │      └ <function RequestResponseCycle.receive at 0x00000247E2F36E50>
          │                            │    │        └ {'type': 'http', 'asgi': {'version': '3.0', 'spec_version': '2.3'}, 'http_version': '1.1', 'server': ('127.0.0.1', 8080), 'cl...
          │                            │    └ <starlette.requests.Request object at 0x00000247E2F88C50>
          │                            └ <function request_response.<locals>.app.<locals>.app at 0x00000247E2F373D0>
          └ <function wrap_app_handling_exceptions at 0x00000247BF2338A0>
  File "E:\vbenspace\vben-python\.venv\Lib\site-packages\starlette\_exception_handler.py", line 53, in wrapped_app
    raise exc
  File "E:\vbenspace\vben-python\.venv\Lib\site-packages\starlette\_exception_handler.py", line 42, in wrapped_app
    await app(scope, receive, sender)
          │   │      │        └ <function wrap_app_handling_exceptions.<locals>.wrapped_app.<locals>.sender at 0x00000247E2F35900>
          │   │      └ <function RequestResponseCycle.receive at 0x00000247E2F36E50>
          │   └ {'type': 'http', 'asgi': {'version': '3.0', 'spec_version': '2.3'}, 'http_version': '1.1', 'server': ('127.0.0.1', 8080), 'cl...
          └ <function request_response.<locals>.app.<locals>.app at 0x00000247E2F373D0>
  File "E:\vbenspace\vben-python\.venv\Lib\site-packages\fastapi\routing.py", line 110, in app
    response = await f(request)
                     │ └ <starlette.requests.Request object at 0x00000247E2F88C50>
                     └ <function get_request_handler.<locals>.app at 0x00000247E2D0A6C0>
  File "E:\vbenspace\vben-python\.venv\Lib\site-packages\fastapi\routing.py", line 390, in app
    raw_response = await run_endpoint_function(
                         └ <function run_endpoint_function at 0x00000247BF25ACF0>
  File "E:\vbenspace\vben-python\.venv\Lib\site-packages\fastapi\routing.py", line 289, in run_endpoint_function
    return await dependant.call(**values)
                 │         │      └ {'service': <modules.base.sys.org.dept.service.SysOrgDeptService object at 0x00000247E2E7ABA0>, 'bo': TreeMoveBo(draid='d1985...
                 │         └ <function move at 0x00000247E264FAB0>
                 └ Dependant(path_params=[], query_params=[], header_params=[], cookie_params=[], body_params=[ModelField(field_info=Body(Pydant...

  File "E:\vbenspace\vben-python\modules\base\sys\org\dept\router.py", line 83, in move
    await service.move(bo)
          │       │    └ TreeMoveBo(draid='d1985579339772727296', droid='d1985584189902295040', type='inner')
          │       └ <function SysOrgDeptService.move at 0x00000247E264D170>
          └ <modules.base.sys.org.dept.service.SysOrgDeptService object at 0x00000247E2E7ABA0>

  File "E:\vbenspace\vben-python\modules\base\sys\org\dept\service.py", line 84, in move
    dragDept.ornum = int(count) + 1
    │        │           └ <sqlalchemy.engine.result.ChunkedIteratorResult object at 0x00000247E2E4A9C0>
    │        └ <sqlalchemy.orm.attributes.InstrumentedAttribute object at 0x00000247E25947C0>
    └ <modules.base.sys.org.dept.model.SysOrgDept object at 0x00000247E2E8CF50>

TypeError: int() argument must be a string, a bytes-like object or a real number, not 'ChunkedIteratorResult'
2025-11-04 16:38:19.850 |  | INFO     | config.get_redis:close_redis_pool:55 - ✅️ 关闭redis连接成功
2025-11-04 16:38:19.851 |  | INFO     | config.get_scheduler:close_system_scheduler:152 - ✅️ 关闭定时任务成功
2025-11-04 16:38:34.766 |  | INFO     | server:lifespan:46 - ⏰️ RuoYi-FastAPI开始启动
2025-11-04 16:38:34.767 |  | INFO     | config.get_db:init_create_table:21 - 🔎 初始化数据库连接...
2025-11-04 16:38:34.815 |  | INFO     | config.get_db:init_create_table:24 - ✅️ 数据库连接成功
2025-11-04 16:38:34.816 |  | INFO     | config.get_redis:create_redis_pool:22 - 🔎 开始连接redis...
2025-11-04 16:38:34.820 |  | INFO     | config.get_redis:create_redis_pool:35 - ✅️ redis连接成功
2025-11-04 16:38:34.965 |  | INFO     | config.get_scheduler:init_system_scheduler:134 - 🔎 开始启动定时任务...
2025-11-04 16:38:35.001 |  | INFO     | config.get_scheduler:init_system_scheduler:142 - ✅️ 系统初始定时任务加载成功
2025-11-04 16:38:35.002 |  | INFO     | server:lifespan:53 - 🚀 RuoYi-FastAPI启动成功
2025-11-04 16:42:20.414 |  | INFO     | server:lifespan:46 - ⏰️ RuoYi-FastAPI开始启动
2025-11-04 16:42:20.414 |  | INFO     | config.get_db:init_create_table:21 - 🔎 初始化数据库连接...
2025-11-04 16:42:20.438 |  | INFO     | config.get_db:init_create_table:24 - ✅️ 数据库连接成功
2025-11-04 16:42:20.438 |  | INFO     | config.get_redis:create_redis_pool:22 - 🔎 开始连接redis...
2025-11-04 16:42:20.439 |  | INFO     | config.get_redis:create_redis_pool:35 - ✅️ redis连接成功
2025-11-04 16:42:20.451 |  | INFO     | config.get_scheduler:init_system_scheduler:134 - 🔎 开始启动定时任务...
2025-11-04 16:42:20.486 |  | INFO     | config.get_scheduler:init_system_scheduler:142 - ✅️ 系统初始定时任务加载成功
2025-11-04 16:42:20.486 |  | INFO     | server:lifespan:53 - 🚀 RuoYi-FastAPI启动成功
2025-11-04 16:43:03.142 | c42f2153555247d0ab894d05c9dd00eb | ERROR    | exceptions.handle:exception_handler:70 - 'SysOrgDept' object does not support item assignment
Traceback (most recent call last):

  File "<string>", line 1, in <module>
  File "D:\dev\python\Lib\multiprocessing\spawn.py", line 122, in spawn_main
    exitcode = _main(fd, parent_sentinel)
               │     │   └ 324
               │     └ 3
               └ <function _main at 0x000001F4564E8B40>
  File "D:\dev\python\Lib\multiprocessing\spawn.py", line 135, in _main
    return self._bootstrap(parent_sentinel)
           │    │          └ 324
           │    └ <function BaseProcess._bootstrap at 0x000001F4561B2CF0>
           └ <SpawnProcess name='SpawnProcess-1' parent=17232 started>
  File "D:\dev\python\Lib\multiprocessing\process.py", line 320, in _bootstrap
    self.run()
    │    └ <function BaseProcess.run at 0x000001F4561B2090>
    └ <SpawnProcess name='SpawnProcess-1' parent=17232 started>
  File "D:\dev\python\Lib\multiprocessing\process.py", line 108, in run
    self._target(*self._args, **self._kwargs)
    │    │        │    │        │    └ {'config': <uvicorn.config.Config object at 0x000001F4564A0AD0>, 'target': <bound method Server.run of <uvicorn.server.Server...
    │    │        │    │        └ <SpawnProcess name='SpawnProcess-1' parent=17232 started>
    │    │        │    └ ()
    │    │        └ <SpawnProcess name='SpawnProcess-1' parent=17232 started>
    │    └ <function subprocess_started at 0x000001F45884A350>
    └ <SpawnProcess name='SpawnProcess-1' parent=17232 started>
  File "E:\vbenspace\vben-python\.venv\Lib\site-packages\uvicorn\_subprocess.py", line 80, in subprocess_started
    target(sockets=sockets)
    │              └ [<socket.socket fd=552, family=2, type=1, proto=6, laddr=('0.0.0.0', 8080)>]
    └ <bound method Server.run of <uvicorn.server.Server object at 0x000001F47CD7FE00>>
  File "E:\vbenspace\vben-python\.venv\Lib\site-packages\uvicorn\server.py", line 67, in run
    return asyncio_run(self.serve(sockets=sockets), loop_factory=self.config.get_loop_factory())
           │           │    │             │                      │    │      └ <function Config.get_loop_factory at 0x000001F4587DA400>
           │           │    │             │                      │    └ <uvicorn.config.Config object at 0x000001F4564A0AD0>
           │           │    │             │                      └ <uvicorn.server.Server object at 0x000001F47CD7FE00>
           │           │    │             └ [<socket.socket fd=552, family=2, type=1, proto=6, laddr=('0.0.0.0', 8080)>]
           │           │    └ <function Server.serve at 0x000001F458821850>
           │           └ <uvicorn.server.Server object at 0x000001F47CD7FE00>
           └ <function run at 0x000001F458368670>
  File "D:\dev\python\Lib\asyncio\runners.py", line 204, in run
    return runner.run(main)
           │      │   └ <coroutine object Server.serve at 0x000001F45B817C40>
           │      └ <function Runner.run at 0x000001F458368A90>
           └ <asyncio.runners.Runner object at 0x000001F47D41E210>
  File "D:\dev\python\Lib\asyncio\runners.py", line 127, in run
    return self._loop.run_until_complete(task)
           │    │     │                  └ <Task pending name='Task-1' coro=<Server.serve() running at E:\vbenspace\vben-python\.venv\Lib\site-packages\uvicorn\server.p...
           │    │     └ <function BaseEventLoop.run_until_complete at 0x000001F45834CEB0>
           │    └ <_WindowsSelectorEventLoop running=True closed=False debug=False>
           └ <asyncio.runners.Runner object at 0x000001F47D41E210>
  File "D:\dev\python\Lib\asyncio\base_events.py", line 706, in run_until_complete
    self.run_forever()
    │    └ <function BaseEventLoop.run_forever at 0x000001F45834CE00>
    └ <_WindowsSelectorEventLoop running=True closed=False debug=False>
  File "D:\dev\python\Lib\asyncio\base_events.py", line 677, in run_forever
    self._run_once()
    │    └ <function BaseEventLoop._run_once at 0x000001F45834EF00>
    └ <_WindowsSelectorEventLoop running=True closed=False debug=False>
  File "D:\dev\python\Lib\asyncio\base_events.py", line 2046, in _run_once
    handle._run()
    │      └ <function Handle._run at 0x000001F456B23530>
    └ <Handle Task.task_wakeup()>
  File "D:\dev\python\Lib\asyncio\events.py", line 94, in _run
    self._context.run(self._callback, *self._args)
    │    │            │    │           │    └ <member '_args' of 'Handle' objects>
    │    │            │    │           └ <Handle Task.task_wakeup()>
    │    │            │    └ <member '_callback' of 'Handle' objects>
    │    │            └ <Handle Task.task_wakeup()>
    │    └ <member '_context' of 'Handle' objects>
    └ <Handle Task.task_wakeup()>
  File "E:\vbenspace\vben-python\.venv\Lib\site-packages\uvicorn\protocols\http\httptools_impl.py", line 409, in run_asgi
    result = await app(  # type: ignore[func-returns-value]
                   └ <uvicorn.middleware.proxy_headers.ProxyHeadersMiddleware object at 0x000001F47D4DB8C0>
  File "E:\vbenspace\vben-python\.venv\Lib\site-packages\uvicorn\middleware\proxy_headers.py", line 60, in __call__
    return await self.app(scope, receive, send)
                 │    │   │      │        └ <bound method RequestResponseCycle.send of <uvicorn.protocols.http.httptools_impl.RequestResponseCycle object at 0x000001F47D...
                 │    │   │      └ <bound method RequestResponseCycle.receive of <uvicorn.protocols.http.httptools_impl.RequestResponseCycle object at 0x000001F...
                 │    │   └ {'type': 'http', 'asgi': {'version': '3.0', 'spec_version': '2.3'}, 'http_version': '1.1', 'server': ('127.0.0.1', 8080), 'cl...
                 │    └ <fastapi.applications.FastAPI object at 0x000001F47D4112B0>
                 └ <uvicorn.middleware.proxy_headers.ProxyHeadersMiddleware object at 0x000001F47D4DB8C0>
  File "E:\vbenspace\vben-python\.venv\Lib\site-packages\fastapi\applications.py", line 1134, in __call__
    await super().__call__(scope, receive, send)
                           │      │        └ <bound method RequestResponseCycle.send of <uvicorn.protocols.http.httptools_impl.RequestResponseCycle object at 0x000001F47D...
                           │      └ <bound method RequestResponseCycle.receive of <uvicorn.protocols.http.httptools_impl.RequestResponseCycle object at 0x000001F...
                           └ {'type': 'http', 'asgi': {'version': '3.0', 'spec_version': '2.3'}, 'http_version': '1.1', 'server': ('127.0.0.1', 8080), 'cl...
  File "E:\vbenspace\vben-python\.venv\Lib\site-packages\starlette\applications.py", line 113, in __call__
    await self.middleware_stack(scope, receive, send)
          │    │                │      │        └ <bound method RequestResponseCycle.send of <uvicorn.protocols.http.httptools_impl.RequestResponseCycle object at 0x000001F47D...
          │    │                │      └ <bound method RequestResponseCycle.receive of <uvicorn.protocols.http.httptools_impl.RequestResponseCycle object at 0x000001F...
          │    │                └ {'type': 'http', 'asgi': {'version': '3.0', 'spec_version': '2.3'}, 'http_version': '1.1', 'server': ('127.0.0.1', 8080), 'cl...
          │    └ <starlette.middleware.errors.ServerErrorMiddleware object at 0x000001F47D5D8830>
          └ <fastapi.applications.FastAPI object at 0x000001F47D4112B0>
> File "E:\vbenspace\vben-python\.venv\Lib\site-packages\starlette\middleware\errors.py", line 164, in __call__
    await self.app(scope, receive, _send)
          │    │   │      │        └ <function ServerErrorMiddleware.__call__.<locals>._send at 0x000001F47D6964B0>
          │    │   │      └ <bound method RequestResponseCycle.receive of <uvicorn.protocols.http.httptools_impl.RequestResponseCycle object at 0x000001F...
          │    │   └ {'type': 'http', 'asgi': {'version': '3.0', 'spec_version': '2.3'}, 'http_version': '1.1', 'server': ('127.0.0.1', 8080), 'cl...
          │    └ <middlewares.trace_middleware.middle.TraceASGIMiddleware object at 0x000001F47D5D86E0>
          └ <starlette.middleware.errors.ServerErrorMiddleware object at 0x000001F47D5D8830>

  File "E:\vbenspace\vben-python\middlewares\trace_middleware\middle.py", line 47, in __call__
    await self.app(scope, handle_outgoing_receive, handle_outgoing_request)
          │    │   │      │                        └ <function TraceASGIMiddleware.__call__.<locals>.handle_outgoing_request at 0x000001F47D697D70>
          │    │   │      └ <function RequestResponseCycle.receive at 0x000001F47D6978A0>
          │    │   └ {'type': 'http', 'asgi': {'version': '3.0', 'spec_version': '2.3'}, 'http_version': '1.1', 'server': ('127.0.0.1', 8080), 'cl...
          │    └ <starlette.middleware.gzip.GZipMiddleware object at 0x000001F47D5D8590>
          └ <middlewares.trace_middleware.middle.TraceASGIMiddleware object at 0x000001F47D5D86E0>

  File "E:\vbenspace\vben-python\.venv\Lib\site-packages\starlette\middleware\gzip.py", line 29, in __call__
    await responder(scope, receive, send)
          │         │      │        └ <function TraceASGIMiddleware.__call__.<locals>.handle_outgoing_request at 0x000001F47D697D70>
          │         │      └ <function RequestResponseCycle.receive at 0x000001F47D6978A0>
          │         └ {'type': 'http', 'asgi': {'version': '3.0', 'spec_version': '2.3'}, 'http_version': '1.1', 'server': ('127.0.0.1', 8080), 'cl...
          └ <starlette.middleware.gzip.GZipResponder object at 0x000001F47D5FE120>
  File "E:\vbenspace\vben-python\.venv\Lib\site-packages\starlette\middleware\gzip.py", line 130, in __call__
    await super().__call__(scope, receive, send)
                           │      │        └ <function TraceASGIMiddleware.__call__.<locals>.handle_outgoing_request at 0x000001F47D697D70>
                           │      └ <function RequestResponseCycle.receive at 0x000001F47D6978A0>
                           └ {'type': 'http', 'asgi': {'version': '3.0', 'spec_version': '2.3'}, 'http_version': '1.1', 'server': ('127.0.0.1', 8080), 'cl...
  File "E:\vbenspace\vben-python\.venv\Lib\site-packages\starlette\middleware\gzip.py", line 46, in __call__
    await self.app(scope, receive, self.send_with_compression)
          │    │   │      │        │    └ <function IdentityResponder.send_with_compression at 0x000001F47CCB3690>
          │    │   │      │        └ <starlette.middleware.gzip.GZipResponder object at 0x000001F47D5FE120>
          │    │   │      └ <function RequestResponseCycle.receive at 0x000001F47D6978A0>
          │    │   └ {'type': 'http', 'asgi': {'version': '3.0', 'spec_version': '2.3'}, 'http_version': '1.1', 'server': ('127.0.0.1', 8080), 'cl...
          │    └ <starlette.middleware.cors.CORSMiddleware object at 0x000001F47D5D8440>
          └ <starlette.middleware.gzip.GZipResponder object at 0x000001F47D5FE120>
  File "E:\vbenspace\vben-python\.venv\Lib\site-packages\starlette\middleware\cors.py", line 93, in __call__
    await self.simple_response(scope, receive, send, request_headers=headers)
          │    │               │      │        │                     └ Headers({'host': 'localhost:8080', 'connection': 'close', 'content-length': '78', 'sec-ch-ua-platform': '"Windows"', 'authori...
          │    │               │      │        └ <bound method IdentityResponder.send_with_compression of <starlette.middleware.gzip.GZipResponder object at 0x000001F47D5FE120>>
          │    │               │      └ <function RequestResponseCycle.receive at 0x000001F47D6978A0>
          │    │               └ {'type': 'http', 'asgi': {'version': '3.0', 'spec_version': '2.3'}, 'http_version': '1.1', 'server': ('127.0.0.1', 8080), 'cl...
          │    └ <function CORSMiddleware.simple_response at 0x000001F47CCB2C40>
          └ <starlette.middleware.cors.CORSMiddleware object at 0x000001F47D5D8440>
  File "E:\vbenspace\vben-python\.venv\Lib\site-packages\starlette\middleware\cors.py", line 144, in simple_response
    await self.app(scope, receive, send)
          │    │   │      │        └ functools.partial(<bound method CORSMiddleware.send of <starlette.middleware.cors.CORSMiddleware object at 0x000001F47D5D8440...
          │    │   │      └ <function RequestResponseCycle.receive at 0x000001F47D6978A0>
          │    │   └ {'type': 'http', 'asgi': {'version': '3.0', 'spec_version': '2.3'}, 'http_version': '1.1', 'server': ('127.0.0.1', 8080), 'cl...
          │    └ <starlette.middleware.exceptions.ExceptionMiddleware object at 0x000001F47D5D82F0>
          └ <starlette.middleware.cors.CORSMiddleware object at 0x000001F47D5D8440>
  File "E:\vbenspace\vben-python\.venv\Lib\site-packages\starlette\middleware\exceptions.py", line 63, in __call__
    await wrap_app_handling_exceptions(self.app, conn)(scope, receive, send)
          │                            │    │    │     │      │        └ functools.partial(<bound method CORSMiddleware.send of <starlette.middleware.cors.CORSMiddleware object at 0x000001F47D5D8440...
          │                            │    │    │     │      └ <function RequestResponseCycle.receive at 0x000001F47D6978A0>
          │                            │    │    │     └ {'type': 'http', 'asgi': {'version': '3.0', 'spec_version': '2.3'}, 'http_version': '1.1', 'server': ('127.0.0.1', 8080), 'cl...
          │                            │    │    └ <starlette.requests.Request object at 0x000001F47D6DD390>
          │                            │    └ <fastapi.middleware.asyncexitstack.AsyncExitStackMiddleware object at 0x000001F47D5D81A0>
          │                            └ <starlette.middleware.exceptions.ExceptionMiddleware object at 0x000001F47D5D82F0>
          └ <function wrap_app_handling_exceptions at 0x000001F4599938A0>
  File "E:\vbenspace\vben-python\.venv\Lib\site-packages\starlette\_exception_handler.py", line 53, in wrapped_app
    raise exc
  File "E:\vbenspace\vben-python\.venv\Lib\site-packages\starlette\_exception_handler.py", line 42, in wrapped_app
    await app(scope, receive, sender)
          │   │      │        └ <function wrap_app_handling_exceptions.<locals>.wrapped_app.<locals>.sender at 0x000001F47D6DC0F0>
          │   │      └ <function RequestResponseCycle.receive at 0x000001F47D6978A0>
          │   └ {'type': 'http', 'asgi': {'version': '3.0', 'spec_version': '2.3'}, 'http_version': '1.1', 'server': ('127.0.0.1', 8080), 'cl...
          └ <fastapi.middleware.asyncexitstack.AsyncExitStackMiddleware object at 0x000001F47D5D81A0>
  File "E:\vbenspace\vben-python\.venv\Lib\site-packages\fastapi\middleware\asyncexitstack.py", line 18, in __call__
    await self.app(scope, receive, send)
          │    │   │      │        └ <function wrap_app_handling_exceptions.<locals>.wrapped_app.<locals>.sender at 0x000001F47D6DC0F0>
          │    │   │      └ <function RequestResponseCycle.receive at 0x000001F47D6978A0>
          │    │   └ {'type': 'http', 'asgi': {'version': '3.0', 'spec_version': '2.3'}, 'http_version': '1.1', 'server': ('127.0.0.1', 8080), 'cl...
          │    └ <fastapi.routing.APIRouter object at 0x000001F47D4546E0>
          └ <fastapi.middleware.asyncexitstack.AsyncExitStackMiddleware object at 0x000001F47D5D81A0>
  File "E:\vbenspace\vben-python\.venv\Lib\site-packages\starlette\routing.py", line 716, in __call__
    await self.middleware_stack(scope, receive, send)
          │    │                │      │        └ <function wrap_app_handling_exceptions.<locals>.wrapped_app.<locals>.sender at 0x000001F47D6DC0F0>
          │    │                │      └ <function RequestResponseCycle.receive at 0x000001F47D6978A0>
          │    │                └ {'type': 'http', 'asgi': {'version': '3.0', 'spec_version': '2.3'}, 'http_version': '1.1', 'server': ('127.0.0.1', 8080), 'cl...
          │    └ <bound method Router.app of <fastapi.routing.APIRouter object at 0x000001F47D4546E0>>
          └ <fastapi.routing.APIRouter object at 0x000001F47D4546E0>
  File "E:\vbenspace\vben-python\.venv\Lib\site-packages\starlette\routing.py", line 736, in app
    await route.handle(scope, receive, send)
          │     │      │      │        └ <function wrap_app_handling_exceptions.<locals>.wrapped_app.<locals>.sender at 0x000001F47D6DC0F0>
          │     │      │      └ <function RequestResponseCycle.receive at 0x000001F47D6978A0>
          │     │      └ {'type': 'http', 'asgi': {'version': '3.0', 'spec_version': '2.3'}, 'http_version': '1.1', 'server': ('127.0.0.1', 8080), 'cl...
          │     └ <function Route.handle at 0x000001F4599B6560>
          └ APIRoute(path='/sys/org/dept/move', name='move', methods=['POST'])
  File "E:\vbenspace\vben-python\.venv\Lib\site-packages\starlette\routing.py", line 290, in handle
    await self.app(scope, receive, send)
          │    │   │      │        └ <function wrap_app_handling_exceptions.<locals>.wrapped_app.<locals>.sender at 0x000001F47D6DC0F0>
          │    │   │      └ <function RequestResponseCycle.receive at 0x000001F47D6978A0>
          │    │   └ {'type': 'http', 'asgi': {'version': '3.0', 'spec_version': '2.3'}, 'http_version': '1.1', 'server': ('127.0.0.1', 8080), 'cl...
          │    └ <function request_response.<locals>.app at 0x000001F47D46A770>
          └ APIRoute(path='/sys/org/dept/move', name='move', methods=['POST'])
  File "E:\vbenspace\vben-python\.venv\Lib\site-packages\fastapi\routing.py", line 124, in app
    await wrap_app_handling_exceptions(app, request)(scope, receive, send)
          │                            │    │        │      │        └ <function wrap_app_handling_exceptions.<locals>.wrapped_app.<locals>.sender at 0x000001F47D6DC0F0>
          │                            │    │        │      └ <function RequestResponseCycle.receive at 0x000001F47D6978A0>
          │                            │    │        └ {'type': 'http', 'asgi': {'version': '3.0', 'spec_version': '2.3'}, 'http_version': '1.1', 'server': ('127.0.0.1', 8080), 'cl...
          │                            │    └ <starlette.requests.Request object at 0x000001F47D6DC5D0>
          │                            └ <function request_response.<locals>.app.<locals>.app at 0x000001F47D6DC3B0>
          └ <function wrap_app_handling_exceptions at 0x000001F4599938A0>
  File "E:\vbenspace\vben-python\.venv\Lib\site-packages\starlette\_exception_handler.py", line 53, in wrapped_app
    raise exc
  File "E:\vbenspace\vben-python\.venv\Lib\site-packages\starlette\_exception_handler.py", line 42, in wrapped_app
    await app(scope, receive, sender)
          │   │      │        └ <function wrap_app_handling_exceptions.<locals>.wrapped_app.<locals>.sender at 0x000001F47D6DC930>
          │   │      └ <function RequestResponseCycle.receive at 0x000001F47D6978A0>
          │   └ {'type': 'http', 'asgi': {'version': '3.0', 'spec_version': '2.3'}, 'http_version': '1.1', 'server': ('127.0.0.1', 8080), 'cl...
          └ <function request_response.<locals>.app.<locals>.app at 0x000001F47D6DC3B0>
  File "E:\vbenspace\vben-python\.venv\Lib\site-packages\fastapi\routing.py", line 110, in app
    response = await f(request)
                     │ └ <starlette.requests.Request object at 0x000001F47D6DC5D0>
                     └ <function get_request_handler.<locals>.app at 0x000001F47D46A6C0>
  File "E:\vbenspace\vben-python\.venv\Lib\site-packages\fastapi\routing.py", line 390, in app
    raw_response = await run_endpoint_function(
                         └ <function run_endpoint_function at 0x000001F4599BACF0>
  File "E:\vbenspace\vben-python\.venv\Lib\site-packages\fastapi\routing.py", line 289, in run_endpoint_function
    return await dependant.call(**values)
                 │         │      └ {'service': <modules.base.sys.org.dept.service.SysOrgDeptService object at 0x000001F47D6ADF90>, 'bo': TreeMoveBo(draid='d1985...
                 │         └ <function move at 0x000001F47CDAFAB0>
                 └ Dependant(path_params=[], query_params=[], header_params=[], cookie_params=[], body_params=[ModelField(field_info=Body(Pydant...

  File "E:\vbenspace\vben-python\modules\base\sys\org\dept\router.py", line 83, in move
    await service.move(bo)
          │       │    └ TreeMoveBo(draid='d1985579339772727296', droid='d1985584189902295040', type='inner')
          │       └ <function SysOrgDeptService.move at 0x000001F47CDAD170>
          └ <modules.base.sys.org.dept.service.SysOrgDeptService object at 0x000001F47D6ADF90>

  File "E:\vbenspace\vben-python\modules\base\sys\org\dept\service.py", line 102, in move
    await self.update(dragDept)
          │    │      └ <modules.base.sys.org.dept.model.SysOrgDept object at 0x000001F47D5FF5C0>
          │    └ <function SysOrgDeptService.update at 0x000001F47CDACD50>
          └ <modules.base.sys.org.dept.service.SysOrgDeptService object at 0x000001F47D6ADF90>

  File "E:\vbenspace\vben-python\modules\base\sys\org\dept\service.py", line 39, in update
    main_dict['uptim'] = datetime.now()
    │                    │        └ <method 'now' of 'datetime.datetime' objects>
    │                    └ <class 'datetime.datetime'>
    └ <modules.base.sys.org.dept.model.SysOrgDept object at 0x000001F47D5FF5C0>

TypeError: 'SysOrgDept' object does not support item assignment
2025-11-04 16:52:18.372 |  | INFO     | config.get_redis:close_redis_pool:55 - ✅️ 关闭redis连接成功
2025-11-04 16:52:18.374 |  | INFO     | config.get_scheduler:close_system_scheduler:152 - ✅️ 关闭定时任务成功
2025-11-04 16:52:20.552 |  | INFO     | server:lifespan:46 - ⏰️ RuoYi-FastAPI开始启动
2025-11-04 16:52:20.552 |  | INFO     | config.get_db:init_create_table:21 - 🔎 初始化数据库连接...
2025-11-04 16:52:20.578 |  | INFO     | config.get_db:init_create_table:24 - ✅️ 数据库连接成功
2025-11-04 16:52:20.578 |  | INFO     | config.get_redis:create_redis_pool:22 - 🔎 开始连接redis...
2025-11-04 16:52:20.579 |  | INFO     | config.get_redis:create_redis_pool:35 - ✅️ redis连接成功
2025-11-04 16:52:20.593 |  | INFO     | config.get_scheduler:init_system_scheduler:134 - 🔎 开始启动定时任务...
2025-11-04 16:52:20.611 |  | INFO     | config.get_scheduler:init_system_scheduler:142 - ✅️ 系统初始定时任务加载成功
2025-11-04 16:52:20.611 |  | INFO     | server:lifespan:53 - 🚀 RuoYi-FastAPI启动成功
2025-11-04 16:55:23.258 |  | INFO     | server:lifespan:46 - ⏰️ RuoYi-FastAPI开始启动
2025-11-04 16:55:23.259 |  | INFO     | config.get_db:init_create_table:21 - 🔎 初始化数据库连接...
2025-11-04 16:55:23.285 |  | INFO     | config.get_db:init_create_table:24 - ✅️ 数据库连接成功
2025-11-04 16:55:23.286 |  | INFO     | config.get_redis:create_redis_pool:22 - 🔎 开始连接redis...
2025-11-04 16:55:23.287 |  | INFO     | config.get_redis:create_redis_pool:35 - ✅️ redis连接成功
2025-11-04 16:55:23.299 |  | INFO     | config.get_scheduler:init_system_scheduler:134 - 🔎 开始启动定时任务...
2025-11-04 16:55:23.338 |  | INFO     | config.get_scheduler:init_system_scheduler:142 - ✅️ 系统初始定时任务加载成功
2025-11-04 16:55:23.338 |  | INFO     | server:lifespan:53 - 🚀 RuoYi-FastAPI启动成功
2025-11-04 16:55:44.725 | 5713a437f29047f5a6e69d698d8582d6 | ERROR    | exceptions.handle:exception_handler:70 - 'SysOrgDept' object does not support item assignment
Traceback (most recent call last):

  File "<string>", line 1, in <module>
  File "D:\dev\python\Lib\multiprocessing\spawn.py", line 122, in spawn_main
    exitcode = _main(fd, parent_sentinel)
               │     │   └ 320
               │     └ 3
               └ <function _main at 0x000002A1F0C38B40>
  File "D:\dev\python\Lib\multiprocessing\spawn.py", line 135, in _main
    return self._bootstrap(parent_sentinel)
           │    │          └ 320
           │    └ <function BaseProcess._bootstrap at 0x000002A1F0902CF0>
           └ <SpawnProcess name='SpawnProcess-1' parent=16708 started>
  File "D:\dev\python\Lib\multiprocessing\process.py", line 320, in _bootstrap
    self.run()
    │    └ <function BaseProcess.run at 0x000002A1F0902090>
    └ <SpawnProcess name='SpawnProcess-1' parent=16708 started>
  File "D:\dev\python\Lib\multiprocessing\process.py", line 108, in run
    self._target(*self._args, **self._kwargs)
    │    │        │    │        │    └ {'config': <uvicorn.config.Config object at 0x000002A1F0BF0AD0>, 'target': <bound method Server.run of <uvicorn.server.Server...
    │    │        │    │        └ <SpawnProcess name='SpawnProcess-1' parent=16708 started>
    │    │        │    └ ()
    │    │        └ <SpawnProcess name='SpawnProcess-1' parent=16708 started>
    │    └ <function subprocess_started at 0x000002A1F2F6A350>
    └ <SpawnProcess name='SpawnProcess-1' parent=16708 started>
  File "E:\vbenspace\vben-python\.venv\Lib\site-packages\uvicorn\_subprocess.py", line 80, in subprocess_started
    target(sockets=sockets)
    │              └ [<socket.socket fd=956, family=2, type=1, proto=6, laddr=('0.0.0.0', 8080)>]
    └ <bound method Server.run of <uvicorn.server.Server object at 0x000002A19755FE00>>
  File "E:\vbenspace\vben-python\.venv\Lib\site-packages\uvicorn\server.py", line 67, in run
    return asyncio_run(self.serve(sockets=sockets), loop_factory=self.config.get_loop_factory())
           │           │    │             │                      │    │      └ <function Config.get_loop_factory at 0x000002A1F2EFA400>
           │           │    │             │                      │    └ <uvicorn.config.Config object at 0x000002A1F0BF0AD0>
           │           │    │             │                      └ <uvicorn.server.Server object at 0x000002A19755FE00>
           │           │    │             └ [<socket.socket fd=956, family=2, type=1, proto=6, laddr=('0.0.0.0', 8080)>]
           │           │    └ <function Server.serve at 0x000002A1F2F41850>
           │           └ <uvicorn.server.Server object at 0x000002A19755FE00>
           └ <function run at 0x000002A1F2B78670>
  File "D:\dev\python\Lib\asyncio\runners.py", line 204, in run
    return runner.run(main)
           │      │   └ <coroutine object Server.serve at 0x000002A1979C7C40>
           │      └ <function Runner.run at 0x000002A1F2B78A90>
           └ <asyncio.runners.Runner object at 0x000002A197CEE210>
  File "D:\dev\python\Lib\asyncio\runners.py", line 127, in run
    return self._loop.run_until_complete(task)
           │    │     │                  └ <Task pending name='Task-1' coro=<Server.serve() running at E:\vbenspace\vben-python\.venv\Lib\site-packages\uvicorn\server.p...
           │    │     └ <function BaseEventLoop.run_until_complete at 0x000002A1F2B5CEB0>
           │    └ <_WindowsSelectorEventLoop running=True closed=False debug=False>
           └ <asyncio.runners.Runner object at 0x000002A197CEE210>
  File "D:\dev\python\Lib\asyncio\base_events.py", line 706, in run_until_complete
    self.run_forever()
    │    └ <function BaseEventLoop.run_forever at 0x000002A1F2B5CE00>
    └ <_WindowsSelectorEventLoop running=True closed=False debug=False>
  File "D:\dev\python\Lib\asyncio\base_events.py", line 677, in run_forever
    self._run_once()
    │    └ <function BaseEventLoop._run_once at 0x000002A1F2B5EF00>
    └ <_WindowsSelectorEventLoop running=True closed=False debug=False>
  File "D:\dev\python\Lib\asyncio\base_events.py", line 2046, in _run_once
    handle._run()
    │      └ <function Handle._run at 0x000002A1F0E73530>
    └ <Handle Task.task_wakeup()>
  File "D:\dev\python\Lib\asyncio\events.py", line 94, in _run
    self._context.run(self._callback, *self._args)
    │    │            │    │           │    └ <member '_args' of 'Handle' objects>
    │    │            │    │           └ <Handle Task.task_wakeup()>
    │    │            │    └ <member '_callback' of 'Handle' objects>
    │    │            └ <Handle Task.task_wakeup()>
    │    └ <member '_context' of 'Handle' objects>
    └ <Handle Task.task_wakeup()>
  File "E:\vbenspace\vben-python\.venv\Lib\site-packages\uvicorn\protocols\http\httptools_impl.py", line 409, in run_asgi
    result = await app(  # type: ignore[func-returns-value]
                   └ <uvicorn.middleware.proxy_headers.ProxyHeadersMiddleware object at 0x000002A197DAB8C0>
  File "E:\vbenspace\vben-python\.venv\Lib\site-packages\uvicorn\middleware\proxy_headers.py", line 60, in __call__
    return await self.app(scope, receive, send)
                 │    │   │      │        └ <bound method RequestResponseCycle.send of <uvicorn.protocols.http.httptools_impl.RequestResponseCycle object at 0x000002A197...
                 │    │   │      └ <bound method RequestResponseCycle.receive of <uvicorn.protocols.http.httptools_impl.RequestResponseCycle object at 0x000002A...
                 │    │   └ {'type': 'http', 'asgi': {'version': '3.0', 'spec_version': '2.3'}, 'http_version': '1.1', 'server': ('127.0.0.1', 8080), 'cl...
                 │    └ <fastapi.applications.FastAPI object at 0x000002A197CE12B0>
                 └ <uvicorn.middleware.proxy_headers.ProxyHeadersMiddleware object at 0x000002A197DAB8C0>
  File "E:\vbenspace\vben-python\.venv\Lib\site-packages\fastapi\applications.py", line 1134, in __call__
    await super().__call__(scope, receive, send)
                           │      │        └ <bound method RequestResponseCycle.send of <uvicorn.protocols.http.httptools_impl.RequestResponseCycle object at 0x000002A197...
                           │      └ <bound method RequestResponseCycle.receive of <uvicorn.protocols.http.httptools_impl.RequestResponseCycle object at 0x000002A...
                           └ {'type': 'http', 'asgi': {'version': '3.0', 'spec_version': '2.3'}, 'http_version': '1.1', 'server': ('127.0.0.1', 8080), 'cl...
  File "E:\vbenspace\vben-python\.venv\Lib\site-packages\starlette\applications.py", line 113, in __call__
    await self.middleware_stack(scope, receive, send)
          │    │                │      │        └ <bound method RequestResponseCycle.send of <uvicorn.protocols.http.httptools_impl.RequestResponseCycle object at 0x000002A197...
          │    │                │      └ <bound method RequestResponseCycle.receive of <uvicorn.protocols.http.httptools_impl.RequestResponseCycle object at 0x000002A...
          │    │                └ {'type': 'http', 'asgi': {'version': '3.0', 'spec_version': '2.3'}, 'http_version': '1.1', 'server': ('127.0.0.1', 8080), 'cl...
          │    └ <starlette.middleware.errors.ServerErrorMiddleware object at 0x000002A197EA8830>
          └ <fastapi.applications.FastAPI object at 0x000002A197CE12B0>
> File "E:\vbenspace\vben-python\.venv\Lib\site-packages\starlette\middleware\errors.py", line 164, in __call__
    await self.app(scope, receive, _send)
          │    │   │      │        └ <function ServerErrorMiddleware.__call__.<locals>._send at 0x000002A197F67B60>
          │    │   │      └ <bound method RequestResponseCycle.receive of <uvicorn.protocols.http.httptools_impl.RequestResponseCycle object at 0x000002A...
          │    │   └ {'type': 'http', 'asgi': {'version': '3.0', 'spec_version': '2.3'}, 'http_version': '1.1', 'server': ('127.0.0.1', 8080), 'cl...
          │    └ <middlewares.trace_middleware.middle.TraceASGIMiddleware object at 0x000002A197EA86E0>
          └ <starlette.middleware.errors.ServerErrorMiddleware object at 0x000002A197EA8830>

  File "E:\vbenspace\vben-python\middlewares\trace_middleware\middle.py", line 47, in __call__
    await self.app(scope, handle_outgoing_receive, handle_outgoing_request)
          │    │   │      │                        └ <function TraceASGIMiddleware.__call__.<locals>.handle_outgoing_request at 0x000002A197F67C10>
          │    │   │      └ <function RequestResponseCycle.receive at 0x000002A197F671C0>
          │    │   └ {'type': 'http', 'asgi': {'version': '3.0', 'spec_version': '2.3'}, 'http_version': '1.1', 'server': ('127.0.0.1', 8080), 'cl...
          │    └ <starlette.middleware.gzip.GZipMiddleware object at 0x000002A197EA8590>
          └ <middlewares.trace_middleware.middle.TraceASGIMiddleware object at 0x000002A197EA86E0>

  File "E:\vbenspace\vben-python\.venv\Lib\site-packages\starlette\middleware\gzip.py", line 29, in __call__
    await responder(scope, receive, send)
          │         │      │        └ <function TraceASGIMiddleware.__call__.<locals>.handle_outgoing_request at 0x000002A197F67C10>
          │         │      └ <function RequestResponseCycle.receive at 0x000002A197F671C0>
          │         └ {'type': 'http', 'asgi': {'version': '3.0', 'spec_version': '2.3'}, 'http_version': '1.1', 'server': ('127.0.0.1', 8080), 'cl...
          └ <starlette.middleware.gzip.GZipResponder object at 0x000002A197F3BE50>
  File "E:\vbenspace\vben-python\.venv\Lib\site-packages\starlette\middleware\gzip.py", line 130, in __call__
    await super().__call__(scope, receive, send)
                           │      │        └ <function TraceASGIMiddleware.__call__.<locals>.handle_outgoing_request at 0x000002A197F67C10>
                           │      └ <function RequestResponseCycle.receive at 0x000002A197F671C0>
                           └ {'type': 'http', 'asgi': {'version': '3.0', 'spec_version': '2.3'}, 'http_version': '1.1', 'server': ('127.0.0.1', 8080), 'cl...
  File "E:\vbenspace\vben-python\.venv\Lib\site-packages\starlette\middleware\gzip.py", line 46, in __call__
    await self.app(scope, receive, self.send_with_compression)
          │    │   │      │        │    └ <function IdentityResponder.send_with_compression at 0x000002A197493690>
          │    │   │      │        └ <starlette.middleware.gzip.GZipResponder object at 0x000002A197F3BE50>
          │    │   │      └ <function RequestResponseCycle.receive at 0x000002A197F671C0>
          │    │   └ {'type': 'http', 'asgi': {'version': '3.0', 'spec_version': '2.3'}, 'http_version': '1.1', 'server': ('127.0.0.1', 8080), 'cl...
          │    └ <starlette.middleware.cors.CORSMiddleware object at 0x000002A197EA8440>
          └ <starlette.middleware.gzip.GZipResponder object at 0x000002A197F3BE50>
  File "E:\vbenspace\vben-python\.venv\Lib\site-packages\starlette\middleware\cors.py", line 93, in __call__
    await self.simple_response(scope, receive, send, request_headers=headers)
          │    │               │      │        │                     └ Headers({'host': 'localhost:8080', 'connection': 'close', 'content-length': '78', 'sec-ch-ua-platform': '"Windows"', 'authori...
          │    │               │      │        └ <bound method IdentityResponder.send_with_compression of <starlette.middleware.gzip.GZipResponder object at 0x000002A197F3BE50>>
          │    │               │      └ <function RequestResponseCycle.receive at 0x000002A197F671C0>
          │    │               └ {'type': 'http', 'asgi': {'version': '3.0', 'spec_version': '2.3'}, 'http_version': '1.1', 'server': ('127.0.0.1', 8080), 'cl...
          │    └ <function CORSMiddleware.simple_response at 0x000002A197492C40>
          └ <starlette.middleware.cors.CORSMiddleware object at 0x000002A197EA8440>
  File "E:\vbenspace\vben-python\.venv\Lib\site-packages\starlette\middleware\cors.py", line 144, in simple_response
    await self.app(scope, receive, send)
          │    │   │      │        └ functools.partial(<bound method CORSMiddleware.send of <starlette.middleware.cors.CORSMiddleware object at 0x000002A197EA8440...
          │    │   │      └ <function RequestResponseCycle.receive at 0x000002A197F671C0>
          │    │   └ {'type': 'http', 'asgi': {'version': '3.0', 'spec_version': '2.3'}, 'http_version': '1.1', 'server': ('127.0.0.1', 8080), 'cl...
          │    └ <starlette.middleware.exceptions.ExceptionMiddleware object at 0x000002A197EA82F0>
          └ <starlette.middleware.cors.CORSMiddleware object at 0x000002A197EA8440>
  File "E:\vbenspace\vben-python\.venv\Lib\site-packages\starlette\middleware\exceptions.py", line 63, in __call__
    await wrap_app_handling_exceptions(self.app, conn)(scope, receive, send)
          │                            │    │    │     │      │        └ functools.partial(<bound method CORSMiddleware.send of <starlette.middleware.cors.CORSMiddleware object at 0x000002A197EA8440...
          │                            │    │    │     │      └ <function RequestResponseCycle.receive at 0x000002A197F671C0>
          │                            │    │    │     └ {'type': 'http', 'asgi': {'version': '3.0', 'spec_version': '2.3'}, 'http_version': '1.1', 'server': ('127.0.0.1', 8080), 'cl...
          │                            │    │    └ <starlette.requests.Request object at 0x000002A197F67CD0>
          │                            │    └ <fastapi.middleware.asyncexitstack.AsyncExitStackMiddleware object at 0x000002A197EA81A0>
          │                            └ <starlette.middleware.exceptions.ExceptionMiddleware object at 0x000002A197EA82F0>
          └ <function wrap_app_handling_exceptions at 0x000002A1F41138A0>
  File "E:\vbenspace\vben-python\.venv\Lib\site-packages\starlette\_exception_handler.py", line 53, in wrapped_app
    raise exc
  File "E:\vbenspace\vben-python\.venv\Lib\site-packages\starlette\_exception_handler.py", line 42, in wrapped_app
    await app(scope, receive, sender)
          │   │      │        └ <function wrap_app_handling_exceptions.<locals>.wrapped_app.<locals>.sender at 0x000002A197F67320>
          │   │      └ <function RequestResponseCycle.receive at 0x000002A197F671C0>
          │   └ {'type': 'http', 'asgi': {'version': '3.0', 'spec_version': '2.3'}, 'http_version': '1.1', 'server': ('127.0.0.1', 8080), 'cl...
          └ <fastapi.middleware.asyncexitstack.AsyncExitStackMiddleware object at 0x000002A197EA81A0>
  File "E:\vbenspace\vben-python\.venv\Lib\site-packages\fastapi\middleware\asyncexitstack.py", line 18, in __call__
    await self.app(scope, receive, send)
          │    │   │      │        └ <function wrap_app_handling_exceptions.<locals>.wrapped_app.<locals>.sender at 0x000002A197F67320>
          │    │   │      └ <function RequestResponseCycle.receive at 0x000002A197F671C0>
          │    │   └ {'type': 'http', 'asgi': {'version': '3.0', 'spec_version': '2.3'}, 'http_version': '1.1', 'server': ('127.0.0.1', 8080), 'cl...
          │    └ <fastapi.routing.APIRouter object at 0x000002A197D246E0>
          └ <fastapi.middleware.asyncexitstack.AsyncExitStackMiddleware object at 0x000002A197EA81A0>
  File "E:\vbenspace\vben-python\.venv\Lib\site-packages\starlette\routing.py", line 716, in __call__
    await self.middleware_stack(scope, receive, send)
          │    │                │      │        └ <function wrap_app_handling_exceptions.<locals>.wrapped_app.<locals>.sender at 0x000002A197F67320>
          │    │                │      └ <function RequestResponseCycle.receive at 0x000002A197F671C0>
          │    │                └ {'type': 'http', 'asgi': {'version': '3.0', 'spec_version': '2.3'}, 'http_version': '1.1', 'server': ('127.0.0.1', 8080), 'cl...
          │    └ <bound method Router.app of <fastapi.routing.APIRouter object at 0x000002A197D246E0>>
          └ <fastapi.routing.APIRouter object at 0x000002A197D246E0>
  File "E:\vbenspace\vben-python\.venv\Lib\site-packages\starlette\routing.py", line 736, in app
    await route.handle(scope, receive, send)
          │     │      │      │        └ <function wrap_app_handling_exceptions.<locals>.wrapped_app.<locals>.sender at 0x000002A197F67320>
          │     │      │      └ <function RequestResponseCycle.receive at 0x000002A197F671C0>
          │     │      └ {'type': 'http', 'asgi': {'version': '3.0', 'spec_version': '2.3'}, 'http_version': '1.1', 'server': ('127.0.0.1', 8080), 'cl...
          │     └ <function Route.handle at 0x000002A1F4136560>
          └ APIRoute(path='/sys/org/dept/move', name='move', methods=['POST'])
  File "E:\vbenspace\vben-python\.venv\Lib\site-packages\starlette\routing.py", line 290, in handle
    await self.app(scope, receive, send)
          │    │   │      │        └ <function wrap_app_handling_exceptions.<locals>.wrapped_app.<locals>.sender at 0x000002A197F67320>
          │    │   │      └ <function RequestResponseCycle.receive at 0x000002A197F671C0>
          │    │   └ {'type': 'http', 'asgi': {'version': '3.0', 'spec_version': '2.3'}, 'http_version': '1.1', 'server': ('127.0.0.1', 8080), 'cl...
          │    └ <function request_response.<locals>.app at 0x000002A197D3A770>
          └ APIRoute(path='/sys/org/dept/move', name='move', methods=['POST'])
  File "E:\vbenspace\vben-python\.venv\Lib\site-packages\fastapi\routing.py", line 124, in app
    await wrap_app_handling_exceptions(app, request)(scope, receive, send)
          │                            │    │        │      │        └ <function wrap_app_handling_exceptions.<locals>.wrapped_app.<locals>.sender at 0x000002A197F67320>
          │                            │    │        │      └ <function RequestResponseCycle.receive at 0x000002A197F671C0>
          │                            │    │        └ {'type': 'http', 'asgi': {'version': '3.0', 'spec_version': '2.3'}, 'http_version': '1.1', 'server': ('127.0.0.1', 8080), 'cl...
          │                            │    └ <starlette.requests.Request object at 0x000002A197F67120>
          │                            └ <function request_response.<locals>.app.<locals>.app at 0x000002A197F67060>
          └ <function wrap_app_handling_exceptions at 0x000002A1F41138A0>
  File "E:\vbenspace\vben-python\.venv\Lib\site-packages\starlette\_exception_handler.py", line 53, in wrapped_app
    raise exc
  File "E:\vbenspace\vben-python\.venv\Lib\site-packages\starlette\_exception_handler.py", line 42, in wrapped_app
    await app(scope, receive, sender)
          │   │      │        └ <function wrap_app_handling_exceptions.<locals>.wrapped_app.<locals>.sender at 0x000002A197F67740>
          │   │      └ <function RequestResponseCycle.receive at 0x000002A197F671C0>
          │   └ {'type': 'http', 'asgi': {'version': '3.0', 'spec_version': '2.3'}, 'http_version': '1.1', 'server': ('127.0.0.1', 8080), 'cl...
          └ <function request_response.<locals>.app.<locals>.app at 0x000002A197F67060>
  File "E:\vbenspace\vben-python\.venv\Lib\site-packages\fastapi\routing.py", line 110, in app
    response = await f(request)
                     │ └ <starlette.requests.Request object at 0x000002A197F67120>
                     └ <function get_request_handler.<locals>.app at 0x000002A197D3A6C0>
  File "E:\vbenspace\vben-python\.venv\Lib\site-packages\fastapi\routing.py", line 390, in app
    raw_response = await run_endpoint_function(
                         └ <function run_endpoint_function at 0x000002A1F413ACF0>
  File "E:\vbenspace\vben-python\.venv\Lib\site-packages\fastapi\routing.py", line 289, in run_endpoint_function
    return await dependant.call(**values)
                 │         │      └ {'service': <modules.base.sys.org.dept.service.SysOrgDeptService object at 0x000002A197EABA10>, 'bo': TreeMoveBo(draid='d1985...
                 │         └ <function move at 0x000002A19758BAB0>
                 └ Dependant(path_params=[], query_params=[], header_params=[], cookie_params=[], body_params=[ModelField(field_info=Body(Pydant...

  File "E:\vbenspace\vben-python\modules\base\sys\org\dept\router.py", line 83, in move
    await service.move(bo)
          │       │    └ TreeMoveBo(draid='d1985579339772727296', droid='d1985584189902295040', type='inner')
          │       └ <function SysOrgDeptService.move at 0x000002A197589170>
          └ <modules.base.sys.org.dept.service.SysOrgDeptService object at 0x000002A197EABA10>

  File "E:\vbenspace\vben-python\modules\base\sys\org\dept\service.py", line 102, in move
    await self.update(dragDept)
          │    │      └ <modules.base.sys.org.dept.model.SysOrgDept object at 0x000002A197ECB5C0>
          │    └ <function SysOrgDeptService.update at 0x000002A197588D50>
          └ <modules.base.sys.org.dept.service.SysOrgDeptService object at 0x000002A197EABA10>

  File "E:\vbenspace\vben-python\modules\base\sys\org\dept\service.py", line 39, in update
    main_dict['uptim'] = datetime.now()
    │                    │        └ <method 'now' of 'datetime.datetime' objects>
    │                    └ <class 'datetime.datetime'>
    └ <modules.base.sys.org.dept.model.SysOrgDept object at 0x000002A197ECB5C0>

TypeError: 'SysOrgDept' object does not support item assignment
2025-11-04 16:56:00.344 | cedae4c74fc74ee79eff59988be0332d | ERROR    | exceptions.handle:exception_handler:70 - 'SysOrgDept' object does not support item assignment
Traceback (most recent call last):

  File "<string>", line 1, in <module>
  File "D:\dev\python\Lib\multiprocessing\spawn.py", line 122, in spawn_main
    exitcode = _main(fd, parent_sentinel)
               │     │   └ 320
               │     └ 3
               └ <function _main at 0x000002A1F0C38B40>
  File "D:\dev\python\Lib\multiprocessing\spawn.py", line 135, in _main
    return self._bootstrap(parent_sentinel)
           │    │          └ 320
           │    └ <function BaseProcess._bootstrap at 0x000002A1F0902CF0>
           └ <SpawnProcess name='SpawnProcess-1' parent=16708 started>
  File "D:\dev\python\Lib\multiprocessing\process.py", line 320, in _bootstrap
    self.run()
    │    └ <function BaseProcess.run at 0x000002A1F0902090>
    └ <SpawnProcess name='SpawnProcess-1' parent=16708 started>
  File "D:\dev\python\Lib\multiprocessing\process.py", line 108, in run
    self._target(*self._args, **self._kwargs)
    │    │        │    │        │    └ {'config': <uvicorn.config.Config object at 0x000002A1F0BF0AD0>, 'target': <bound method Server.run of <uvicorn.server.Server...
    │    │        │    │        └ <SpawnProcess name='SpawnProcess-1' parent=16708 started>
    │    │        │    └ ()
    │    │        └ <SpawnProcess name='SpawnProcess-1' parent=16708 started>
    │    └ <function subprocess_started at 0x000002A1F2F6A350>
    └ <SpawnProcess name='SpawnProcess-1' parent=16708 started>
  File "E:\vbenspace\vben-python\.venv\Lib\site-packages\uvicorn\_subprocess.py", line 80, in subprocess_started
    target(sockets=sockets)
    │              └ [<socket.socket fd=956, family=2, type=1, proto=6, laddr=('0.0.0.0', 8080)>]
    └ <bound method Server.run of <uvicorn.server.Server object at 0x000002A19755FE00>>
  File "E:\vbenspace\vben-python\.venv\Lib\site-packages\uvicorn\server.py", line 67, in run
    return asyncio_run(self.serve(sockets=sockets), loop_factory=self.config.get_loop_factory())
           │           │    │             │                      │    │      └ <function Config.get_loop_factory at 0x000002A1F2EFA400>
           │           │    │             │                      │    └ <uvicorn.config.Config object at 0x000002A1F0BF0AD0>
           │           │    │             │                      └ <uvicorn.server.Server object at 0x000002A19755FE00>
           │           │    │             └ [<socket.socket fd=956, family=2, type=1, proto=6, laddr=('0.0.0.0', 8080)>]
           │           │    └ <function Server.serve at 0x000002A1F2F41850>
           │           └ <uvicorn.server.Server object at 0x000002A19755FE00>
           └ <function run at 0x000002A1F2B78670>
  File "D:\dev\python\Lib\asyncio\runners.py", line 204, in run
    return runner.run(main)
           │      │   └ <coroutine object Server.serve at 0x000002A1979C7C40>
           │      └ <function Runner.run at 0x000002A1F2B78A90>
           └ <asyncio.runners.Runner object at 0x000002A197CEE210>
  File "D:\dev\python\Lib\asyncio\runners.py", line 127, in run
    return self._loop.run_until_complete(task)
           │    │     │                  └ <Task pending name='Task-1' coro=<Server.serve() running at E:\vbenspace\vben-python\.venv\Lib\site-packages\uvicorn\server.p...
           │    │     └ <function BaseEventLoop.run_until_complete at 0x000002A1F2B5CEB0>
           │    └ <_WindowsSelectorEventLoop running=True closed=False debug=False>
           └ <asyncio.runners.Runner object at 0x000002A197CEE210>
  File "D:\dev\python\Lib\asyncio\base_events.py", line 706, in run_until_complete
    self.run_forever()
    │    └ <function BaseEventLoop.run_forever at 0x000002A1F2B5CE00>
    └ <_WindowsSelectorEventLoop running=True closed=False debug=False>
  File "D:\dev\python\Lib\asyncio\base_events.py", line 677, in run_forever
    self._run_once()
    │    └ <function BaseEventLoop._run_once at 0x000002A1F2B5EF00>
    └ <_WindowsSelectorEventLoop running=True closed=False debug=False>
  File "D:\dev\python\Lib\asyncio\base_events.py", line 2046, in _run_once
    handle._run()
    │      └ <function Handle._run at 0x000002A1F0E73530>
    └ <Handle Task.task_wakeup()>
  File "D:\dev\python\Lib\asyncio\events.py", line 94, in _run
    self._context.run(self._callback, *self._args)
    │    │            │    │           │    └ <member '_args' of 'Handle' objects>
    │    │            │    │           └ <Handle Task.task_wakeup()>
    │    │            │    └ <member '_callback' of 'Handle' objects>
    │    │            └ <Handle Task.task_wakeup()>
    │    └ <member '_context' of 'Handle' objects>
    └ <Handle Task.task_wakeup()>
  File "E:\vbenspace\vben-python\.venv\Lib\site-packages\uvicorn\protocols\http\httptools_impl.py", line 409, in run_asgi
    result = await app(  # type: ignore[func-returns-value]
                   └ <uvicorn.middleware.proxy_headers.ProxyHeadersMiddleware object at 0x000002A197DAB8C0>
  File "E:\vbenspace\vben-python\.venv\Lib\site-packages\uvicorn\middleware\proxy_headers.py", line 60, in __call__
    return await self.app(scope, receive, send)
                 │    │   │      │        └ <bound method RequestResponseCycle.send of <uvicorn.protocols.http.httptools_impl.RequestResponseCycle object at 0x000002A197...
                 │    │   │      └ <bound method RequestResponseCycle.receive of <uvicorn.protocols.http.httptools_impl.RequestResponseCycle object at 0x000002A...
                 │    │   └ {'type': 'http', 'asgi': {'version': '3.0', 'spec_version': '2.3'}, 'http_version': '1.1', 'server': ('127.0.0.1', 8080), 'cl...
                 │    └ <fastapi.applications.FastAPI object at 0x000002A197CE12B0>
                 └ <uvicorn.middleware.proxy_headers.ProxyHeadersMiddleware object at 0x000002A197DAB8C0>
  File "E:\vbenspace\vben-python\.venv\Lib\site-packages\fastapi\applications.py", line 1134, in __call__
    await super().__call__(scope, receive, send)
                           │      │        └ <bound method RequestResponseCycle.send of <uvicorn.protocols.http.httptools_impl.RequestResponseCycle object at 0x000002A197...
                           │      └ <bound method RequestResponseCycle.receive of <uvicorn.protocols.http.httptools_impl.RequestResponseCycle object at 0x000002A...
                           └ {'type': 'http', 'asgi': {'version': '3.0', 'spec_version': '2.3'}, 'http_version': '1.1', 'server': ('127.0.0.1', 8080), 'cl...
  File "E:\vbenspace\vben-python\.venv\Lib\site-packages\starlette\applications.py", line 113, in __call__
    await self.middleware_stack(scope, receive, send)
          │    │                │      │        └ <bound method RequestResponseCycle.send of <uvicorn.protocols.http.httptools_impl.RequestResponseCycle object at 0x000002A197...
          │    │                │      └ <bound method RequestResponseCycle.receive of <uvicorn.protocols.http.httptools_impl.RequestResponseCycle object at 0x000002A...
          │    │                └ {'type': 'http', 'asgi': {'version': '3.0', 'spec_version': '2.3'}, 'http_version': '1.1', 'server': ('127.0.0.1', 8080), 'cl...
          │    └ <starlette.middleware.errors.ServerErrorMiddleware object at 0x000002A197EA8830>
          └ <fastapi.applications.FastAPI object at 0x000002A197CE12B0>
> File "E:\vbenspace\vben-python\.venv\Lib\site-packages\starlette\middleware\errors.py", line 164, in __call__
    await self.app(scope, receive, _send)
          │    │   │      │        └ <function ServerErrorMiddleware.__call__.<locals>._send at 0x000002A197DAE400>
          │    │   │      └ <bound method RequestResponseCycle.receive of <uvicorn.protocols.http.httptools_impl.RequestResponseCycle object at 0x000002A...
          │    │   └ {'type': 'http', 'asgi': {'version': '3.0', 'spec_version': '2.3'}, 'http_version': '1.1', 'server': ('127.0.0.1', 8080), 'cl...
          │    └ <middlewares.trace_middleware.middle.TraceASGIMiddleware object at 0x000002A197EA86E0>
          └ <starlette.middleware.errors.ServerErrorMiddleware object at 0x000002A197EA8830>

  File "E:\vbenspace\vben-python\middlewares\trace_middleware\middle.py", line 47, in __call__
    await self.app(scope, handle_outgoing_receive, handle_outgoing_request)
          │    │   │      │                        └ <function TraceASGIMiddleware.__call__.<locals>.handle_outgoing_request at 0x000002A197F67270>
          │    │   │      └ <function RequestResponseCycle.receive at 0x000002A197F67B60>
          │    │   └ {'type': 'http', 'asgi': {'version': '3.0', 'spec_version': '2.3'}, 'http_version': '1.1', 'server': ('127.0.0.1', 8080), 'cl...
          │    └ <starlette.middleware.gzip.GZipMiddleware object at 0x000002A197EA8590>
          └ <middlewares.trace_middleware.middle.TraceASGIMiddleware object at 0x000002A197EA86E0>

  File "E:\vbenspace\vben-python\.venv\Lib\site-packages\starlette\middleware\gzip.py", line 29, in __call__
    await responder(scope, receive, send)
          │         │      │        └ <function TraceASGIMiddleware.__call__.<locals>.handle_outgoing_request at 0x000002A197F67270>
          │         │      └ <function RequestResponseCycle.receive at 0x000002A197F67B60>
          │         └ {'type': 'http', 'asgi': {'version': '3.0', 'spec_version': '2.3'}, 'http_version': '1.1', 'server': ('127.0.0.1', 8080), 'cl...
          └ <starlette.middleware.gzip.GZipResponder object at 0x000002A197FBABD0>
  File "E:\vbenspace\vben-python\.venv\Lib\site-packages\starlette\middleware\gzip.py", line 130, in __call__
    await super().__call__(scope, receive, send)
                           │      │        └ <function TraceASGIMiddleware.__call__.<locals>.handle_outgoing_request at 0x000002A197F67270>
                           │      └ <function RequestResponseCycle.receive at 0x000002A197F67B60>
                           └ {'type': 'http', 'asgi': {'version': '3.0', 'spec_version': '2.3'}, 'http_version': '1.1', 'server': ('127.0.0.1', 8080), 'cl...
  File "E:\vbenspace\vben-python\.venv\Lib\site-packages\starlette\middleware\gzip.py", line 46, in __call__
    await self.app(scope, receive, self.send_with_compression)
          │    │   │      │        │    └ <function IdentityResponder.send_with_compression at 0x000002A197493690>
          │    │   │      │        └ <starlette.middleware.gzip.GZipResponder object at 0x000002A197FBABD0>
          │    │   │      └ <function RequestResponseCycle.receive at 0x000002A197F67B60>
          │    │   └ {'type': 'http', 'asgi': {'version': '3.0', 'spec_version': '2.3'}, 'http_version': '1.1', 'server': ('127.0.0.1', 8080), 'cl...
          │    └ <starlette.middleware.cors.CORSMiddleware object at 0x000002A197EA8440>
          └ <starlette.middleware.gzip.GZipResponder object at 0x000002A197FBABD0>
  File "E:\vbenspace\vben-python\.venv\Lib\site-packages\starlette\middleware\cors.py", line 93, in __call__
    await self.simple_response(scope, receive, send, request_headers=headers)
          │    │               │      │        │                     └ Headers({'host': 'localhost:8080', 'connection': 'close', 'content-length': '78', 'sec-ch-ua-platform': '"Windows"', 'authori...
          │    │               │      │        └ <bound method IdentityResponder.send_with_compression of <starlette.middleware.gzip.GZipResponder object at 0x000002A197FBABD0>>
          │    │               │      └ <function RequestResponseCycle.receive at 0x000002A197F67B60>
          │    │               └ {'type': 'http', 'asgi': {'version': '3.0', 'spec_version': '2.3'}, 'http_version': '1.1', 'server': ('127.0.0.1', 8080), 'cl...
          │    └ <function CORSMiddleware.simple_response at 0x000002A197492C40>
          └ <starlette.middleware.cors.CORSMiddleware object at 0x000002A197EA8440>
  File "E:\vbenspace\vben-python\.venv\Lib\site-packages\starlette\middleware\cors.py", line 144, in simple_response
    await self.app(scope, receive, send)
          │    │   │      │        └ functools.partial(<bound method CORSMiddleware.send of <starlette.middleware.cors.CORSMiddleware object at 0x000002A197EA8440...
          │    │   │      └ <function RequestResponseCycle.receive at 0x000002A197F67B60>
          │    │   └ {'type': 'http', 'asgi': {'version': '3.0', 'spec_version': '2.3'}, 'http_version': '1.1', 'server': ('127.0.0.1', 8080), 'cl...
          │    └ <starlette.middleware.exceptions.ExceptionMiddleware object at 0x000002A197EA82F0>
          └ <starlette.middleware.cors.CORSMiddleware object at 0x000002A197EA8440>
  File "E:\vbenspace\vben-python\.venv\Lib\site-packages\starlette\middleware\exceptions.py", line 63, in __call__
    await wrap_app_handling_exceptions(self.app, conn)(scope, receive, send)
          │                            │    │    │     │      │        └ functools.partial(<bound method CORSMiddleware.send of <starlette.middleware.cors.CORSMiddleware object at 0x000002A197EA8440...
          │                            │    │    │     │      └ <function RequestResponseCycle.receive at 0x000002A197F67B60>
          │                            │    │    │     └ {'type': 'http', 'asgi': {'version': '3.0', 'spec_version': '2.3'}, 'http_version': '1.1', 'server': ('127.0.0.1', 8080), 'cl...
          │                            │    │    └ <starlette.requests.Request object at 0x000002A197F67C20>
          │                            │    └ <fastapi.middleware.asyncexitstack.AsyncExitStackMiddleware object at 0x000002A197EA81A0>
          │                            └ <starlette.middleware.exceptions.ExceptionMiddleware object at 0x000002A197EA82F0>
          └ <function wrap_app_handling_exceptions at 0x000002A1F41138A0>
  File "E:\vbenspace\vben-python\.venv\Lib\site-packages\starlette\_exception_handler.py", line 53, in wrapped_app
    raise exc
  File "E:\vbenspace\vben-python\.venv\Lib\site-packages\starlette\_exception_handler.py", line 42, in wrapped_app
    await app(scope, receive, sender)
          │   │      │        └ <function wrap_app_handling_exceptions.<locals>.wrapped_app.<locals>.sender at 0x000002A197F67CC0>
          │   │      └ <function RequestResponseCycle.receive at 0x000002A197F67B60>
          │   └ {'type': 'http', 'asgi': {'version': '3.0', 'spec_version': '2.3'}, 'http_version': '1.1', 'server': ('127.0.0.1', 8080), 'cl...
          └ <fastapi.middleware.asyncexitstack.AsyncExitStackMiddleware object at 0x000002A197EA81A0>
  File "E:\vbenspace\vben-python\.venv\Lib\site-packages\fastapi\middleware\asyncexitstack.py", line 18, in __call__
    await self.app(scope, receive, send)
          │    │   │      │        └ <function wrap_app_handling_exceptions.<locals>.wrapped_app.<locals>.sender at 0x000002A197F67CC0>
          │    │   │      └ <function RequestResponseCycle.receive at 0x000002A197F67B60>
          │    │   └ {'type': 'http', 'asgi': {'version': '3.0', 'spec_version': '2.3'}, 'http_version': '1.1', 'server': ('127.0.0.1', 8080), 'cl...
          │    └ <fastapi.routing.APIRouter object at 0x000002A197D246E0>
          └ <fastapi.middleware.asyncexitstack.AsyncExitStackMiddleware object at 0x000002A197EA81A0>
  File "E:\vbenspace\vben-python\.venv\Lib\site-packages\starlette\routing.py", line 716, in __call__
    await self.middleware_stack(scope, receive, send)
          │    │                │      │        └ <function wrap_app_handling_exceptions.<locals>.wrapped_app.<locals>.sender at 0x000002A197F67CC0>
          │    │                │      └ <function RequestResponseCycle.receive at 0x000002A197F67B60>
          │    │                └ {'type': 'http', 'asgi': {'version': '3.0', 'spec_version': '2.3'}, 'http_version': '1.1', 'server': ('127.0.0.1', 8080), 'cl...
          │    └ <bound method Router.app of <fastapi.routing.APIRouter object at 0x000002A197D246E0>>
          └ <fastapi.routing.APIRouter object at 0x000002A197D246E0>
  File "E:\vbenspace\vben-python\.venv\Lib\site-packages\starlette\routing.py", line 736, in app
    await route.handle(scope, receive, send)
          │     │      │      │        └ <function wrap_app_handling_exceptions.<locals>.wrapped_app.<locals>.sender at 0x000002A197F67CC0>
          │     │      │      └ <function RequestResponseCycle.receive at 0x000002A197F67B60>
          │     │      └ {'type': 'http', 'asgi': {'version': '3.0', 'spec_version': '2.3'}, 'http_version': '1.1', 'server': ('127.0.0.1', 8080), 'cl...
          │     └ <function Route.handle at 0x000002A1F4136560>
          └ APIRoute(path='/sys/org/dept/move', name='move', methods=['POST'])
  File "E:\vbenspace\vben-python\.venv\Lib\site-packages\starlette\routing.py", line 290, in handle
    await self.app(scope, receive, send)
          │    │   │      │        └ <function wrap_app_handling_exceptions.<locals>.wrapped_app.<locals>.sender at 0x000002A197F67CC0>
          │    │   │      └ <function RequestResponseCycle.receive at 0x000002A197F67B60>
          │    │   └ {'type': 'http', 'asgi': {'version': '3.0', 'spec_version': '2.3'}, 'http_version': '1.1', 'server': ('127.0.0.1', 8080), 'cl...
          │    └ <function request_response.<locals>.app at 0x000002A197D3A770>
          └ APIRoute(path='/sys/org/dept/move', name='move', methods=['POST'])
  File "E:\vbenspace\vben-python\.venv\Lib\site-packages\fastapi\routing.py", line 124, in app
    await wrap_app_handling_exceptions(app, request)(scope, receive, send)
          │                            │    │        │      │        └ <function wrap_app_handling_exceptions.<locals>.wrapped_app.<locals>.sender at 0x000002A197F67CC0>
          │                            │    │        │      └ <function RequestResponseCycle.receive at 0x000002A197F67B60>
          │                            │    │        └ {'type': 'http', 'asgi': {'version': '3.0', 'spec_version': '2.3'}, 'http_version': '1.1', 'server': ('127.0.0.1', 8080), 'cl...
          │                            │    └ <starlette.requests.Request object at 0x000002A197F67A10>
          │                            └ <function request_response.<locals>.app.<locals>.app at 0x000002A197F66E50>
          └ <function wrap_app_handling_exceptions at 0x000002A1F41138A0>
  File "E:\vbenspace\vben-python\.venv\Lib\site-packages\starlette\_exception_handler.py", line 53, in wrapped_app
    raise exc
  File "E:\vbenspace\vben-python\.venv\Lib\site-packages\starlette\_exception_handler.py", line 42, in wrapped_app
    await app(scope, receive, sender)
          │   │      │        └ <function wrap_app_handling_exceptions.<locals>.wrapped_app.<locals>.sender at 0x000002A197F67110>
          │   │      └ <function RequestResponseCycle.receive at 0x000002A197F67B60>
          │   └ {'type': 'http', 'asgi': {'version': '3.0', 'spec_version': '2.3'}, 'http_version': '1.1', 'server': ('127.0.0.1', 8080), 'cl...
          └ <function request_response.<locals>.app.<locals>.app at 0x000002A197F66E50>
  File "E:\vbenspace\vben-python\.venv\Lib\site-packages\fastapi\routing.py", line 110, in app
    response = await f(request)
                     │ └ <starlette.requests.Request object at 0x000002A197F67A10>
                     └ <function get_request_handler.<locals>.app at 0x000002A197D3A6C0>
  File "E:\vbenspace\vben-python\.venv\Lib\site-packages\fastapi\routing.py", line 390, in app
    raw_response = await run_endpoint_function(
                         └ <function run_endpoint_function at 0x000002A1F413ACF0>
  File "E:\vbenspace\vben-python\.venv\Lib\site-packages\fastapi\routing.py", line 289, in run_endpoint_function
    return await dependant.call(**values)
                 │         │      └ {'service': <modules.base.sys.org.dept.service.SysOrgDeptService object at 0x000002A197F7DD10>, 'bo': TreeMoveBo(draid='d1985...
                 │         └ <function move at 0x000002A19758BAB0>
                 └ Dependant(path_params=[], query_params=[], header_params=[], cookie_params=[], body_params=[ModelField(field_info=Body(Pydant...

  File "E:\vbenspace\vben-python\modules\base\sys\org\dept\router.py", line 83, in move
    await service.move(bo)
          │       │    └ TreeMoveBo(draid='d1985579339772727296', droid='d1985584189902295040', type='inner')
          │       └ <function SysOrgDeptService.move at 0x000002A197589170>
          └ <modules.base.sys.org.dept.service.SysOrgDeptService object at 0x000002A197F7DD10>

  File "E:\vbenspace\vben-python\modules\base\sys\org\dept\service.py", line 102, in move
    await self.update(dragDept)
          │    │      └ <modules.base.sys.org.dept.model.SysOrgDept object at 0x000002A197EC9220>
          │    └ <function SysOrgDeptService.update at 0x000002A197588D50>
          └ <modules.base.sys.org.dept.service.SysOrgDeptService object at 0x000002A197F7DD10>

  File "E:\vbenspace\vben-python\modules\base\sys\org\dept\service.py", line 39, in update
    main_dict['uptim'] = datetime.now()
    │                    │        └ <method 'now' of 'datetime.datetime' objects>
    │                    └ <class 'datetime.datetime'>
    └ <modules.base.sys.org.dept.model.SysOrgDept object at 0x000002A197EC9220>

TypeError: 'SysOrgDept' object does not support item assignment
2025-11-04 16:56:35.981 |  | INFO     | server:lifespan:46 - ⏰️ RuoYi-FastAPI开始启动
2025-11-04 16:56:35.981 |  | INFO     | config.get_db:init_create_table:21 - 🔎 初始化数据库连接...
2025-11-04 16:56:36.002 |  | INFO     | config.get_db:init_create_table:24 - ✅️ 数据库连接成功
2025-11-04 16:56:36.002 |  | INFO     | config.get_redis:create_redis_pool:22 - 🔎 开始连接redis...
2025-11-04 16:56:36.003 |  | INFO     | config.get_redis:create_redis_pool:35 - ✅️ redis连接成功
2025-11-04 16:56:36.015 |  | INFO     | config.get_scheduler:init_system_scheduler:134 - 🔎 开始启动定时任务...
2025-11-04 16:56:36.029 |  | INFO     | config.get_scheduler:init_system_scheduler:142 - ✅️ 系统初始定时任务加载成功
2025-11-04 16:56:36.029 |  | INFO     | server:lifespan:53 - 🚀 RuoYi-FastAPI启动成功
2025-11-04 16:56:58.030 | 57e20108655a490fbbc63a21cc06ea31 | ERROR    | exceptions.handle:exception_handler:70 - 'SysOrgDept' object has no attribute 'iter'
Traceback (most recent call last):

  File "<string>", line 1, in <module>
  File "D:\dev\python\Lib\multiprocessing\spawn.py", line 122, in spawn_main
    exitcode = _main(fd, parent_sentinel)
               │     │   └ 316
               │     └ 3
               └ <function _main at 0x00000231C5D08B40>
  File "D:\dev\python\Lib\multiprocessing\spawn.py", line 135, in _main
    return self._bootstrap(parent_sentinel)
           │    │          └ 316
           │    └ <function BaseProcess._bootstrap at 0x00000231C59D2CF0>
           └ <SpawnProcess name='SpawnProcess-1' parent=18500 started>
  File "D:\dev\python\Lib\multiprocessing\process.py", line 320, in _bootstrap
    self.run()
    │    └ <function BaseProcess.run at 0x00000231C59D2090>
    └ <SpawnProcess name='SpawnProcess-1' parent=18500 started>
  File "D:\dev\python\Lib\multiprocessing\process.py", line 108, in run
    self._target(*self._args, **self._kwargs)
    │    │        │    │        │    └ {'config': <uvicorn.config.Config object at 0x00000231C5CC0AD0>, 'target': <bound method Server.run of <uvicorn.server.Server...
    │    │        │    │        └ <SpawnProcess name='SpawnProcess-1' parent=18500 started>
    │    │        │    └ ()
    │    │        └ <SpawnProcess name='SpawnProcess-1' parent=18500 started>
    │    └ <function subprocess_started at 0x00000231C808A350>
    └ <SpawnProcess name='SpawnProcess-1' parent=18500 started>
  File "E:\vbenspace\vben-python\.venv\Lib\site-packages\uvicorn\_subprocess.py", line 80, in subprocess_started
    target(sockets=sockets)
    │              └ [<socket.socket fd=788, family=2, type=1, proto=6, laddr=('0.0.0.0', 8080)>]
    └ <bound method Server.run of <uvicorn.server.Server object at 0x00000231EC5CFE00>>
  File "E:\vbenspace\vben-python\.venv\Lib\site-packages\uvicorn\server.py", line 67, in run
    return asyncio_run(self.serve(sockets=sockets), loop_factory=self.config.get_loop_factory())
           │           │    │             │                      │    │      └ <function Config.get_loop_factory at 0x00000231C801A400>
           │           │    │             │                      │    └ <uvicorn.config.Config object at 0x00000231C5CC0AD0>
           │           │    │             │                      └ <uvicorn.server.Server object at 0x00000231EC5CFE00>
           │           │    │             └ [<socket.socket fd=788, family=2, type=1, proto=6, laddr=('0.0.0.0', 8080)>]
           │           │    └ <function Server.serve at 0x00000231C8061850>
           │           └ <uvicorn.server.Server object at 0x00000231EC5CFE00>
           └ <function run at 0x00000231C7BA8670>
  File "D:\dev\python\Lib\asyncio\runners.py", line 204, in run
    return runner.run(main)
           │      │   └ <coroutine object Server.serve at 0x00000231CAFE7C40>
           │      └ <function Runner.run at 0x00000231C7BA8A90>
           └ <asyncio.runners.Runner object at 0x00000231ECC6E210>
  File "D:\dev\python\Lib\asyncio\runners.py", line 127, in run
    return self._loop.run_until_complete(task)
           │    │     │                  └ <Task pending name='Task-1' coro=<Server.serve() running at E:\vbenspace\vben-python\.venv\Lib\site-packages\uvicorn\server.p...
           │    │     └ <function BaseEventLoop.run_until_complete at 0x00000231C7B8CEB0>
           │    └ <_WindowsSelectorEventLoop running=True closed=False debug=False>
           └ <asyncio.runners.Runner object at 0x00000231ECC6E210>
  File "D:\dev\python\Lib\asyncio\base_events.py", line 706, in run_until_complete
    self.run_forever()
    │    └ <function BaseEventLoop.run_forever at 0x00000231C7B8CE00>
    └ <_WindowsSelectorEventLoop running=True closed=False debug=False>
  File "D:\dev\python\Lib\asyncio\base_events.py", line 677, in run_forever
    self._run_once()
    │    └ <function BaseEventLoop._run_once at 0x00000231C7B8EF00>
    └ <_WindowsSelectorEventLoop running=True closed=False debug=False>
  File "D:\dev\python\Lib\asyncio\base_events.py", line 2046, in _run_once
    handle._run()
    │      └ <function Handle._run at 0x00000231C5F43530>
    └ <Handle Task.task_wakeup()>
  File "D:\dev\python\Lib\asyncio\events.py", line 94, in _run
    self._context.run(self._callback, *self._args)
    │    │            │    │           │    └ <member '_args' of 'Handle' objects>
    │    │            │    │           └ <Handle Task.task_wakeup()>
    │    │            │    └ <member '_callback' of 'Handle' objects>
    │    │            └ <Handle Task.task_wakeup()>
    │    └ <member '_context' of 'Handle' objects>
    └ <Handle Task.task_wakeup()>
  File "E:\vbenspace\vben-python\.venv\Lib\site-packages\uvicorn\protocols\http\httptools_impl.py", line 409, in run_asgi
    result = await app(  # type: ignore[func-returns-value]
                   └ <uvicorn.middleware.proxy_headers.ProxyHeadersMiddleware object at 0x00000231ECD2B8C0>
  File "E:\vbenspace\vben-python\.venv\Lib\site-packages\uvicorn\middleware\proxy_headers.py", line 60, in __call__
    return await self.app(scope, receive, send)
                 │    │   │      │        └ <bound method RequestResponseCycle.send of <uvicorn.protocols.http.httptools_impl.RequestResponseCycle object at 0x00000231EC...
                 │    │   │      └ <bound method RequestResponseCycle.receive of <uvicorn.protocols.http.httptools_impl.RequestResponseCycle object at 0x0000023...
                 │    │   └ {'type': 'http', 'asgi': {'version': '3.0', 'spec_version': '2.3'}, 'http_version': '1.1', 'server': ('127.0.0.1', 8080), 'cl...
                 │    └ <fastapi.applications.FastAPI object at 0x00000231ECC652B0>
                 └ <uvicorn.middleware.proxy_headers.ProxyHeadersMiddleware object at 0x00000231ECD2B8C0>
  File "E:\vbenspace\vben-python\.venv\Lib\site-packages\fastapi\applications.py", line 1134, in __call__
    await super().__call__(scope, receive, send)
                           │      │        └ <bound method RequestResponseCycle.send of <uvicorn.protocols.http.httptools_impl.RequestResponseCycle object at 0x00000231EC...
                           │      └ <bound method RequestResponseCycle.receive of <uvicorn.protocols.http.httptools_impl.RequestResponseCycle object at 0x0000023...
                           └ {'type': 'http', 'asgi': {'version': '3.0', 'spec_version': '2.3'}, 'http_version': '1.1', 'server': ('127.0.0.1', 8080), 'cl...
  File "E:\vbenspace\vben-python\.venv\Lib\site-packages\starlette\applications.py", line 113, in __call__
    await self.middleware_stack(scope, receive, send)
          │    │                │      │        └ <bound method RequestResponseCycle.send of <uvicorn.protocols.http.httptools_impl.RequestResponseCycle object at 0x00000231EC...
          │    │                │      └ <bound method RequestResponseCycle.receive of <uvicorn.protocols.http.httptools_impl.RequestResponseCycle object at 0x0000023...
          │    │                └ {'type': 'http', 'asgi': {'version': '3.0', 'spec_version': '2.3'}, 'http_version': '1.1', 'server': ('127.0.0.1', 8080), 'cl...
          │    └ <starlette.middleware.errors.ServerErrorMiddleware object at 0x00000231ECE28830>
          └ <fastapi.applications.FastAPI object at 0x00000231ECC652B0>
> File "E:\vbenspace\vben-python\.venv\Lib\site-packages\starlette\middleware\errors.py", line 164, in __call__
    await self.app(scope, receive, _send)
          │    │   │      │        └ <function ServerErrorMiddleware.__call__.<locals>._send at 0x00000231ECEE6E50>
          │    │   │      └ <bound method RequestResponseCycle.receive of <uvicorn.protocols.http.httptools_impl.RequestResponseCycle object at 0x0000023...
          │    │   └ {'type': 'http', 'asgi': {'version': '3.0', 'spec_version': '2.3'}, 'http_version': '1.1', 'server': ('127.0.0.1', 8080), 'cl...
          │    └ <middlewares.trace_middleware.middle.TraceASGIMiddleware object at 0x00000231ECE286E0>
          └ <starlette.middleware.errors.ServerErrorMiddleware object at 0x00000231ECE28830>

  File "E:\vbenspace\vben-python\middlewares\trace_middleware\middle.py", line 47, in __call__
    await self.app(scope, handle_outgoing_receive, handle_outgoing_request)
          │    │   │      │                        └ <function TraceASGIMiddleware.__call__.<locals>.handle_outgoing_request at 0x00000231ECEE71C0>
          │    │   │      └ <function RequestResponseCycle.receive at 0x00000231ECEE7110>
          │    │   └ {'type': 'http', 'asgi': {'version': '3.0', 'spec_version': '2.3'}, 'http_version': '1.1', 'server': ('127.0.0.1', 8080), 'cl...
          │    └ <starlette.middleware.gzip.GZipMiddleware object at 0x00000231ECE28590>
          └ <middlewares.trace_middleware.middle.TraceASGIMiddleware object at 0x00000231ECE286E0>

  File "E:\vbenspace\vben-python\.venv\Lib\site-packages\starlette\middleware\gzip.py", line 29, in __call__
    await responder(scope, receive, send)
          │         │      │        └ <function TraceASGIMiddleware.__call__.<locals>.handle_outgoing_request at 0x00000231ECEE71C0>
          │         │      └ <function RequestResponseCycle.receive at 0x00000231ECEE7110>
          │         └ {'type': 'http', 'asgi': {'version': '3.0', 'spec_version': '2.3'}, 'http_version': '1.1', 'server': ('127.0.0.1', 8080), 'cl...
          └ <starlette.middleware.gzip.GZipResponder object at 0x00000231ECF14380>
  File "E:\vbenspace\vben-python\.venv\Lib\site-packages\starlette\middleware\gzip.py", line 130, in __call__
    await super().__call__(scope, receive, send)
                           │      │        └ <function TraceASGIMiddleware.__call__.<locals>.handle_outgoing_request at 0x00000231ECEE71C0>
                           │      └ <function RequestResponseCycle.receive at 0x00000231ECEE7110>
                           └ {'type': 'http', 'asgi': {'version': '3.0', 'spec_version': '2.3'}, 'http_version': '1.1', 'server': ('127.0.0.1', 8080), 'cl...
  File "E:\vbenspace\vben-python\.venv\Lib\site-packages\starlette\middleware\gzip.py", line 46, in __call__
    await self.app(scope, receive, self.send_with_compression)
          │    │   │      │        │    └ <function IdentityResponder.send_with_compression at 0x00000231EC503690>
          │    │   │      │        └ <starlette.middleware.gzip.GZipResponder object at 0x00000231ECF14380>
          │    │   │      └ <function RequestResponseCycle.receive at 0x00000231ECEE7110>
          │    │   └ {'type': 'http', 'asgi': {'version': '3.0', 'spec_version': '2.3'}, 'http_version': '1.1', 'server': ('127.0.0.1', 8080), 'cl...
          │    └ <starlette.middleware.cors.CORSMiddleware object at 0x00000231ECE28440>
          └ <starlette.middleware.gzip.GZipResponder object at 0x00000231ECF14380>
  File "E:\vbenspace\vben-python\.venv\Lib\site-packages\starlette\middleware\cors.py", line 93, in __call__
    await self.simple_response(scope, receive, send, request_headers=headers)
          │    │               │      │        │                     └ Headers({'host': 'localhost:8080', 'connection': 'close', 'content-length': '78', 'sec-ch-ua-platform': '"Windows"', 'authori...
          │    │               │      │        └ <bound method IdentityResponder.send_with_compression of <starlette.middleware.gzip.GZipResponder object at 0x00000231ECF14380>>
          │    │               │      └ <function RequestResponseCycle.receive at 0x00000231ECEE7110>
          │    │               └ {'type': 'http', 'asgi': {'version': '3.0', 'spec_version': '2.3'}, 'http_version': '1.1', 'server': ('127.0.0.1', 8080), 'cl...
          │    └ <function CORSMiddleware.simple_response at 0x00000231EC502C40>
          └ <starlette.middleware.cors.CORSMiddleware object at 0x00000231ECE28440>
  File "E:\vbenspace\vben-python\.venv\Lib\site-packages\starlette\middleware\cors.py", line 144, in simple_response
    await self.app(scope, receive, send)
          │    │   │      │        └ functools.partial(<bound method CORSMiddleware.send of <starlette.middleware.cors.CORSMiddleware object at 0x00000231ECE28440...
          │    │   │      └ <function RequestResponseCycle.receive at 0x00000231ECEE7110>
          │    │   └ {'type': 'http', 'asgi': {'version': '3.0', 'spec_version': '2.3'}, 'http_version': '1.1', 'server': ('127.0.0.1', 8080), 'cl...
          │    └ <starlette.middleware.exceptions.ExceptionMiddleware object at 0x00000231ECE282F0>
          └ <starlette.middleware.cors.CORSMiddleware object at 0x00000231ECE28440>
  File "E:\vbenspace\vben-python\.venv\Lib\site-packages\starlette\middleware\exceptions.py", line 63, in __call__
    await wrap_app_handling_exceptions(self.app, conn)(scope, receive, send)
          │                            │    │    │     │      │        └ functools.partial(<bound method CORSMiddleware.send of <starlette.middleware.cors.CORSMiddleware object at 0x00000231ECE28440...
          │                            │    │    │     │      └ <function RequestResponseCycle.receive at 0x00000231ECEE7110>
          │                            │    │    │     └ {'type': 'http', 'asgi': {'version': '3.0', 'spec_version': '2.3'}, 'http_version': '1.1', 'server': ('127.0.0.1', 8080), 'cl...
          │                            │    │    └ <starlette.requests.Request object at 0x00000231ECE05090>
          │                            │    └ <fastapi.middleware.asyncexitstack.AsyncExitStackMiddleware object at 0x00000231ECE281A0>
          │                            └ <starlette.middleware.exceptions.ExceptionMiddleware object at 0x00000231ECE282F0>
          └ <function wrap_app_handling_exceptions at 0x00000231C91E38A0>
  File "E:\vbenspace\vben-python\.venv\Lib\site-packages\starlette\_exception_handler.py", line 53, in wrapped_app
    raise exc
  File "E:\vbenspace\vben-python\.venv\Lib\site-packages\starlette\_exception_handler.py", line 42, in wrapped_app
    await app(scope, receive, sender)
          │   │      │        └ <function wrap_app_handling_exceptions.<locals>.wrapped_app.<locals>.sender at 0x00000231ECEE7480>
          │   │      └ <function RequestResponseCycle.receive at 0x00000231ECEE7110>
          │   └ {'type': 'http', 'asgi': {'version': '3.0', 'spec_version': '2.3'}, 'http_version': '1.1', 'server': ('127.0.0.1', 8080), 'cl...
          └ <fastapi.middleware.asyncexitstack.AsyncExitStackMiddleware object at 0x00000231ECE281A0>
  File "E:\vbenspace\vben-python\.venv\Lib\site-packages\fastapi\middleware\asyncexitstack.py", line 18, in __call__
    await self.app(scope, receive, send)
          │    │   │      │        └ <function wrap_app_handling_exceptions.<locals>.wrapped_app.<locals>.sender at 0x00000231ECEE7480>
          │    │   │      └ <function RequestResponseCycle.receive at 0x00000231ECEE7110>
          │    │   └ {'type': 'http', 'asgi': {'version': '3.0', 'spec_version': '2.3'}, 'http_version': '1.1', 'server': ('127.0.0.1', 8080), 'cl...
          │    └ <fastapi.routing.APIRouter object at 0x00000231ECCA46E0>
          └ <fastapi.middleware.asyncexitstack.AsyncExitStackMiddleware object at 0x00000231ECE281A0>
  File "E:\vbenspace\vben-python\.venv\Lib\site-packages\starlette\routing.py", line 716, in __call__
    await self.middleware_stack(scope, receive, send)
          │    │                │      │        └ <function wrap_app_handling_exceptions.<locals>.wrapped_app.<locals>.sender at 0x00000231ECEE7480>
          │    │                │      └ <function RequestResponseCycle.receive at 0x00000231ECEE7110>
          │    │                └ {'type': 'http', 'asgi': {'version': '3.0', 'spec_version': '2.3'}, 'http_version': '1.1', 'server': ('127.0.0.1', 8080), 'cl...
          │    └ <bound method Router.app of <fastapi.routing.APIRouter object at 0x00000231ECCA46E0>>
          └ <fastapi.routing.APIRouter object at 0x00000231ECCA46E0>
  File "E:\vbenspace\vben-python\.venv\Lib\site-packages\starlette\routing.py", line 736, in app
    await route.handle(scope, receive, send)
          │     │      │      │        └ <function wrap_app_handling_exceptions.<locals>.wrapped_app.<locals>.sender at 0x00000231ECEE7480>
          │     │      │      └ <function RequestResponseCycle.receive at 0x00000231ECEE7110>
          │     │      └ {'type': 'http', 'asgi': {'version': '3.0', 'spec_version': '2.3'}, 'http_version': '1.1', 'server': ('127.0.0.1', 8080), 'cl...
          │     └ <function Route.handle at 0x00000231C9206560>
          └ APIRoute(path='/sys/org/dept/move', name='move', methods=['POST'])
  File "E:\vbenspace\vben-python\.venv\Lib\site-packages\starlette\routing.py", line 290, in handle
    await self.app(scope, receive, send)
          │    │   │      │        └ <function wrap_app_handling_exceptions.<locals>.wrapped_app.<locals>.sender at 0x00000231ECEE7480>
          │    │   │      └ <function RequestResponseCycle.receive at 0x00000231ECEE7110>
          │    │   └ {'type': 'http', 'asgi': {'version': '3.0', 'spec_version': '2.3'}, 'http_version': '1.1', 'server': ('127.0.0.1', 8080), 'cl...
          │    └ <function request_response.<locals>.app at 0x00000231ECCB6770>
          └ APIRoute(path='/sys/org/dept/move', name='move', methods=['POST'])
  File "E:\vbenspace\vben-python\.venv\Lib\site-packages\fastapi\routing.py", line 124, in app
    await wrap_app_handling_exceptions(app, request)(scope, receive, send)
          │                            │    │        │      │        └ <function wrap_app_handling_exceptions.<locals>.wrapped_app.<locals>.sender at 0x00000231ECEE7480>
          │                            │    │        │      └ <function RequestResponseCycle.receive at 0x00000231ECEE7110>
          │                            │    │        └ {'type': 'http', 'asgi': {'version': '3.0', 'spec_version': '2.3'}, 'http_version': '1.1', 'server': ('127.0.0.1', 8080), 'cl...
          │                            │    └ <starlette.requests.Request object at 0x00000231ECF38B90>
          │                            └ <function request_response.<locals>.app.<locals>.app at 0x00000231ECEE75E0>
          └ <function wrap_app_handling_exceptions at 0x00000231C91E38A0>
  File "E:\vbenspace\vben-python\.venv\Lib\site-packages\starlette\_exception_handler.py", line 53, in wrapped_app
    raise exc
  File "E:\vbenspace\vben-python\.venv\Lib\site-packages\starlette\_exception_handler.py", line 42, in wrapped_app
    await app(scope, receive, sender)
          │   │      │        └ <function wrap_app_handling_exceptions.<locals>.wrapped_app.<locals>.sender at 0x00000231ECEE6AE0>
          │   │      └ <function RequestResponseCycle.receive at 0x00000231ECEE7110>
          │   └ {'type': 'http', 'asgi': {'version': '3.0', 'spec_version': '2.3'}, 'http_version': '1.1', 'server': ('127.0.0.1', 8080), 'cl...
          └ <function request_response.<locals>.app.<locals>.app at 0x00000231ECEE75E0>
  File "E:\vbenspace\vben-python\.venv\Lib\site-packages\fastapi\routing.py", line 110, in app
    response = await f(request)
                     │ └ <starlette.requests.Request object at 0x00000231ECF38B90>
                     └ <function get_request_handler.<locals>.app at 0x00000231ECCB66C0>
  File "E:\vbenspace\vben-python\.venv\Lib\site-packages\fastapi\routing.py", line 390, in app
    raw_response = await run_endpoint_function(
                         └ <function run_endpoint_function at 0x00000231C920ACF0>
  File "E:\vbenspace\vben-python\.venv\Lib\site-packages\fastapi\routing.py", line 289, in run_endpoint_function
    return await dependant.call(**values)
                 │         │      └ {'service': <modules.base.sys.org.dept.service.SysOrgDeptService object at 0x00000231ECE28050>, 'bo': TreeMoveBo(draid='d1985...
                 │         └ <function move at 0x00000231EC5FBAB0>
                 └ Dependant(path_params=[], query_params=[], header_params=[], cookie_params=[], body_params=[ModelField(field_info=Body(Pydant...

  File "E:\vbenspace\vben-python\modules\base\sys\org\dept\router.py", line 83, in move
    await service.move(bo)
          │       │    └ TreeMoveBo(draid='d1985579339772727296', droid='d1985584189902295040', type='inner')
          │       └ <function SysOrgDeptService.move at 0x00000231EC5F9170>
          └ <modules.base.sys.org.dept.service.SysOrgDeptService object at 0x00000231ECE28050>

  File "E:\vbenspace\vben-python\modules\base\sys\org\dept\service.py", line 113, in move
    await self.__deal_tier(old_tier, dragDept.iter, dragDept.id)
          │                │         │              │        └ <sqlalchemy.orm.attributes.InstrumentedAttribute object at 0x00000231EC5444A0>
          │                │         │              └ <modules.base.sys.org.dept.model.SysOrgDept object at 0x00000231ECE4D6D0>
          │                │         └ <modules.base.sys.org.dept.model.SysOrgDept object at 0x00000231ECE4D6D0>
          │                └ 'd1985581832057524224_d1985590113907904512_d1985579339772727296'
          └ <modules.base.sys.org.dept.service.SysOrgDeptService object at 0x00000231ECE28050>

AttributeError: 'SysOrgDept' object has no attribute 'iter'
2025-11-04 16:58:22.935 |  | INFO     | server:lifespan:46 - ⏰️ RuoYi-FastAPI开始启动
2025-11-04 16:58:22.935 |  | INFO     | config.get_db:init_create_table:21 - 🔎 初始化数据库连接...
2025-11-04 16:58:22.955 |  | INFO     | config.get_db:init_create_table:24 - ✅️ 数据库连接成功
2025-11-04 16:58:22.956 |  | INFO     | config.get_redis:create_redis_pool:22 - 🔎 开始连接redis...
2025-11-04 16:58:22.957 |  | INFO     | config.get_redis:create_redis_pool:35 - ✅️ redis连接成功
2025-11-04 16:58:22.971 |  | INFO     | config.get_scheduler:init_system_scheduler:134 - 🔎 开始启动定时任务...
2025-11-04 16:58:23.006 |  | INFO     | config.get_scheduler:init_system_scheduler:142 - ✅️ 系统初始定时任务加载成功
2025-11-04 16:58:23.006 |  | INFO     | server:lifespan:53 - 🚀 RuoYi-FastAPI启动成功
2025-11-04 18:54:56.819 |  | INFO     | server:lifespan:46 - ⏰️ RuoYi-FastAPI开始启动
2025-11-04 18:54:56.819 |  | INFO     | config.get_db:init_create_table:21 - 🔎 初始化数据库连接...
2025-11-04 18:54:56.915 |  | INFO     | config.get_db:init_create_table:24 - ✅️ 数据库连接成功
2025-11-04 18:54:56.916 |  | INFO     | config.get_redis:create_redis_pool:22 - 🔎 开始连接redis...
2025-11-04 18:54:56.919 |  | INFO     | config.get_redis:create_redis_pool:35 - ✅️ redis连接成功
2025-11-04 18:54:56.946 |  | INFO     | config.get_scheduler:init_system_scheduler:134 - 🔎 开始启动定时任务...
2025-11-04 18:54:56.980 |  | INFO     | config.get_scheduler:init_system_scheduler:142 - ✅️ 系统初始定时任务加载成功
2025-11-04 18:54:56.980 |  | INFO     | server:lifespan:53 - 🚀 RuoYi-FastAPI启动成功
2025-11-04 18:59:12.917 |  | INFO     | config.get_redis:close_redis_pool:55 - ✅️ 关闭redis连接成功
2025-11-04 18:59:12.919 |  | INFO     | config.get_scheduler:close_system_scheduler:152 - ✅️ 关闭定时任务成功
2025-11-04 19:16:03.305 |  | INFO     | server:lifespan:46 - ⏰️ RuoYi-FastAPI开始启动
2025-11-04 19:16:03.305 |  | INFO     | config.get_db:init_create_table:21 - 🔎 初始化数据库连接...
2025-11-04 19:16:03.400 |  | INFO     | config.get_db:init_create_table:24 - ✅️ 数据库连接成功
2025-11-04 19:16:03.401 |  | INFO     | config.get_redis:create_redis_pool:22 - 🔎 开始连接redis...
2025-11-04 19:16:03.405 |  | INFO     | config.get_redis:create_redis_pool:35 - ✅️ redis连接成功
2025-11-04 19:16:03.429 |  | INFO     | config.get_scheduler:init_system_scheduler:134 - 🔎 开始启动定时任务...
2025-11-04 19:16:03.506 |  | INFO     | config.get_scheduler:init_system_scheduler:142 - ✅️ 系统初始定时任务加载成功
2025-11-04 19:16:03.507 |  | INFO     | server:lifespan:53 - 🚀 RuoYi-FastAPI启动成功
2025-11-04 19:16:45.544 |  | INFO     | config.get_redis:close_redis_pool:55 - ✅️ 关闭redis连接成功
2025-11-04 19:16:45.545 |  | INFO     | config.get_scheduler:close_system_scheduler:152 - ✅️ 关闭定时任务成功
2025-11-04 19:16:50.091 |  | INFO     | server:lifespan:46 - ⏰️ RuoYi-FastAPI开始启动
2025-11-04 19:16:50.091 |  | INFO     | config.get_db:init_create_table:21 - 🔎 初始化数据库连接...
2025-11-04 19:16:50.134 |  | INFO     | config.get_db:init_create_table:24 - ✅️ 数据库连接成功
2025-11-04 19:16:50.135 |  | INFO     | config.get_redis:create_redis_pool:22 - 🔎 开始连接redis...
2025-11-04 19:16:50.137 |  | INFO     | config.get_redis:create_redis_pool:35 - ✅️ redis连接成功
2025-11-04 19:16:50.157 |  | INFO     | config.get_scheduler:init_system_scheduler:134 - 🔎 开始启动定时任务...
2025-11-04 19:16:50.217 |  | INFO     | config.get_scheduler:init_system_scheduler:142 - ✅️ 系统初始定时任务加载成功
2025-11-04 19:16:50.217 |  | INFO     | server:lifespan:53 - 🚀 RuoYi-FastAPI启动成功
